"PackageFile","Sort","Aggregate","FuzzyLookup","FastLoadInactive","NoTABLOCK","LookupPartialNoCache","SELECT*","OLEDBCommand","CartesianCrossJoin","NonSargableFunctionPredicate","OnTheFlyFunctionExpression","NestedViewReference","PivotWindowFunction","UnionAll","NoLockAdvisory","MergeJoinComponent","ImplicitConversionIndicator","ScriptComponent","ADO.NET_or_ODBC_Provider","ExplicitBufferOrThreadSetting","TempStoragePathSetting","DestinationCommitSizeSetting","ExecutePackageTask","CheckpointSetting","FullReloadIndicator"
"SSISDB/Areal Statement/Areal Statement/DWH_STG_to_DWH_DM.dtsx","2","0","0","0","0","0","14","0","19","8","8","0","9","16","0","1","23","0","0","0","0","8","0","0","0"
"SSISDB/Areal Statement/Areal Statement/SOURCE_to_DWH_STG.dtsx","2","0","0","0","0","0","4","0","0","0","0","0","864","0","0","0","43","0","0","0","0","13","0","0","0"
"SSISDB/BGADWH_SSIS/BGADWH_SSIS/DWH_DimActivity.dtsx","0","0","0","0","0","0","0","0","0","0","0","0","0","0","0","0","0","0","0","0","0","1","0","0","0"
"SSISDB/BGADWH_SSIS/BGADWH_SSIS/DWH_DimBlock.dtsx","0","0","0","1","0","0","0","2","0","0","0","1","0","318","0","0","0","0","40","0","0","1","0","0","0"
"SSISDB/BGADWH_SSIS/BGADWH_SSIS/DWH_DimCompany.dtsx","0","0","0","0","0","0","0","0","0","0","0","0","0","0","0","0","2","0","0","0","0","1","0","0","0"
"SSISDB/BGADWH_SSIS/BGADWH_SSIS/DWH_DimDate.dtsx","0","0","0","0","0","0","0","0","0","0","0","0","0","0","0","0","0","0","0","0","0","1","0","0","0"
"SSISDB/BGADWH_SSIS/BGADWH_SSIS/DWH_DimIntiPlasma.dtsx","0","0","0","0","0","0","0","0","0","0","0","0","0","0","0","0","0","0","0","0","0","1","0","0","0"
"SSISDB/BGADWH_SSIS/BGADWH_SSIS/DWH_DimKas.dtsx","6","0","0","0","0","0","5","0","0","1","0","5","0","0","0","3","80","0","0","0","0","5","0","0","0"
"SSISDB/BGADWH_SSIS/BGADWH_SSIS/DWH_DimLHPP_Wallpaper.dtsx","0","0","0","1","0","0","0","0","0","1","0","1","0","0","0","0","1","0","0","0","0","1","0","0","0"
"SSISDB/BGADWH_SSIS/BGADWH_SSIS/DWH_DimLuasPanen.dtsx","0","0","0","0","0","0","0","0","0","0","0","0","0","0","0","0","0","0","0","0","0","1","0","0","0"
"SSISDB/BGADWH_SSIS/BGADWH_SSIS/DWH_DimMandor.dtsx","0","0","0","0","0","0","0","0","0","0","0","3","0","1","0","0","0","0","0","0","0","1","0","0","0"
"SSISDB/BGADWH_SSIS/BGADWH_SSIS/DWH_DimParameterPuas.dtsx","0","0","0","0","0","0","0","0","0","0","0","0","0","0","0","0","0","0","0","0","0","1","0","0","0"
"SSISDB/BGADWH_SSIS/BGADWH_SSIS/DWH_DimProduct.dtsx","0","0","0","0","0","0","0","0","0","0","0","0","0","0","0","0","2","0","0","0","0","1","0","0","0"
"SSISDB/BGADWH_SSIS/BGADWH_SSIS/DWH_DIMPurchasing_Process.dtsx","2","0","0","0","0","0","4","0","0","4","0","0","0","0","0","1","0","0","0","0","0","6","0","0","0"
"SSISDB/BGADWH_SSIS/BGADWH_SSIS/DWH_DimStandardMill.dtsx","0","0","0","1","0","0","0","1","0","0","0","0","0","82","0","0","0","0","8","0","0","1","0","0","0"
"SSISDB/BGADWH_SSIS/BGADWH_SSIS/DWH_DimTipeTBS.dtsx","0","0","0","0","0","0","0","0","0","0","0","0","0","0","0","0","0","0","0","0","0","1","0","0","0"
"SSISDB/BGADWH_SSIS/BGADWH_SSIS/DWH_DimUnit.dtsx","0","0","0","1","0","0","0","1","0","0","0","0","0","152","0","0","4","0","14","0","0","1","0","0","0"
"SSISDB/BGADWH_SSIS/BGADWH_SSIS/DWH_DimVendor.dtsx","0","0","0","0","0","0","0","0","0","0","0","0","0","0","0","0","0","0","0","0","0","1","0","0","0"
"SSISDB/BGADWH_SSIS/BGADWH_SSIS/DWH_FactActivity.dtsx","1","0","0","0","0","0","2","0","0","2","2","3","0","608","0","2","18","0","0","0","0","1","0","0","0"
"SSISDB/BGADWH_SSIS/BGADWH_SSIS/DWH_FactBlock.dtsx","1","0","0","0","0","0","1","0","0","2","1","3","0","656","0","2","0","0","0","0","0","1","0","0","0"
"SSISDB/BGADWH_SSIS/BGADWH_SSIS/DWH_FactBudgetActivity.dtsx","0","0","0","0","0","0","1","0","0","3","2","0","0","215","0","1","18","0","0","0","0","1","0","0","0"
"SSISDB/BGADWH_SSIS/BGADWH_SSIS/DWH_FactBudgetMill.dtsx","0","0","0","0","0","0","0","0","0","2","2","2","0","131","0","1","2","0","0","0","0","1","0","0","0"
"SSISDB/BGADWH_SSIS/BGADWH_SSIS/DWH_FactBudgetProduksiEstate.dtsx","0","0","0","0","0","0","1","0","0","2","2","3","0","149","0","1","9","0","0","0","0","1","0","0","0"
"SSISDB/BGADWH_SSIS/BGADWH_SSIS/DWH_FactBudgetSupportEstate.dtsx","0","0","0","0","0","0","1","0","0","2","2","2","0","151","0","1","6","0","0","0","0","1","0","0","0"
"SSISDB/BGADWH_SSIS/BGADWH_SSIS/DWH_FactHasilPanen.dtsx","1","0","0","0","0","0","1","0","0","2","2","3","0","450","0","2","2","0","0","0","0","1","0","0","0"
"SSISDB/BGADWH_SSIS/BGADWH_SSIS/DWH_FactKas.dtsx","3","5","0","0","0","0","3","0","0","7","3","0","0","190","0","0","18","0","0","0","0","7","0","0","0"
"SSISDB/BGADWH_SSIS/BGADWH_SSIS/DWH_FactPencurian.dtsx","1","0","0","0","0","0","0","0","0","3","4","0","0","398","0","2","2","0","0","0","0","1","0","0","0"
"SSISDB/BGADWH_SSIS/BGADWH_SSIS/DWH_FactPenerimaan.dtsx","1","0","0","0","0","0","5","0","0","2","2","3","0","619","0","2","19","0","0","0","0","1","0","0","0"
"SSISDB/BGADWH_SSIS/BGADWH_SSIS/DWH_FactPengiriman.dtsx","1","0","0","0","0","0","2","0","0","2","2","2","0","398","0","2","9","0","0","0","0","1","0","0","0"
"SSISDB/BGADWH_SSIS/BGADWH_SSIS/DWH_FactPengolahan.dtsx","1","0","0","0","0","0","0","0","0","2","2","2","0","376","0","2","2","0","0","0","0","1","0","0","0"
"SSISDB/BGADWH_SSIS/BGADWH_SSIS/DWH_FactProduksiEstate.dtsx","0","0","0","0","0","0","4","0","0","1","2","3","0","221","0","1","17","0","0","0","0","1","0","0","0"
"SSISDB/BGADWH_SSIS/BGADWH_SSIS/DWH_FactProduksiEstateBlock.dtsx","1","0","0","0","0","0","0","0","0","2","2","0","0","534","0","2","2","0","0","0","0","1","0","0","0"
"SSISDB/BGADWH_SSIS/BGADWH_SSIS/DWH_FactProduksiMill.dtsx","1","0","0","0","0","0","1","0","0","2","2","2","0","1086","0","2","7","0","0","0","0","1","0","0","0"
"SSISDB/BGADWH_SSIS/BGADWH_SSIS/DWH_FactPuas.dtsx","1","0","0","0","0","0","1","0","0","2","2","3","0","834","0","2","2","0","0","0","0","1","0","0","0"
"SSISDB/BGADWH_SSIS/BGADWH_SSIS/DWH_FactPuasDetail.dtsx","1","0","0","0","0","0","2","0","0","2","2","3","0","414","0","2","8","0","0","0","0","1","0","0","0"
"SSISDB/BGADWH_SSIS/BGADWH_SSIS/DWH_FactStock.dtsx","1","0","0","0","0","0","1","0","0","2","2","2","0","366","0","2","7","0","0","0","0","1","0","0","0"
"SSISDB/BGADWH_SSIS/BGADWH_SSIS/DWH_FactSupportEstate.dtsx","0","0","0","0","0","0","1","0","0","1","2","2","0","205","0","1","2","0","0","0","0","1","0","0","0"
"SSISDB/BGADWH_SSIS/BGADWH_SSIS/DWH_FactTargetPuas.dtsx","1","0","0","0","0","0","1","0","0","3","2","3","0","384","0","2","2","0","0","0","0","1","0","0","0"
"SSISDB/BGADWH_SSIS/BGADWH_SSIS/DWH_FactType_Karyawan.dtsx","6","0","0","0","0","0","0","0","0","4","0","0","0","0","0","3","0","0","0","0","0","3","0","0","0"
"SSISDB/BGADWH_SSIS/BGADWH_SSIS/DWH_Grading.dtsx","0","0","0","1","0","0","0","0","0","6","0","4","0","0","0","0","2","0","0","0","0","4","0","0","0"
"SSISDB/BGADWH_SSIS/BGADWH_SSIS/DWH_HK_ALOKASI.dtsx","0","1","0","0","0","0","0","0","0","3","0","2","0","0","0","0","0","0","0","0","0","2","0","0","0"
"SSISDB/BGADWH_SSIS/BGADWH_SSIS/Group%20DWH%20ALL.dtsx","0","0","0","0","0","0","0","0","0","0","0","0","0","0","0","0","0","0","0","0","0","0","4","0","0"
"SSISDB/BGADWH_SSIS/BGADWH_SSIS/Group%20DWH%20LapHarian.dtsx","0","0","0","0","0","0","0","0","0","0","0","0","0","0","0","0","0","0","0","0","0","0","38","0","0"
"SSISDB/BGADWH_SSIS/BGADWH_SSIS/Group%20DWH%20Panen.dtsx","0","0","0","0","0","0","0","0","0","0","0","0","0","0","0","0","0","0","0","0","0","0","26","0","0"
"SSISDB/BGADWH_SSIS/BGADWH_SSIS/Group%20Forecast%20Daily.dtsx","0","0","0","0","0","0","0","0","0","3","0","1","5","0","0","0","0","0","0","0","0","2","0","0","0"
"SSISDB/BGADWH_SSIS/BGADWH_SSIS/Group%20Forecast%20Daily_Region.dtsx","0","0","0","0","0","0","1","0","0","3","0","1","3","0","0","0","0","0","0","0","0","2","0","0","0"
"SSISDB/BGADWH_SSIS/BGADWH_SSIS/Group%20Forecast%20Quarter%20Region.dtsx","0","0","0","0","0","0","0","0","0","4","0","3","10","0","0","0","1","0","0","0","0","3","0","0","0"
"SSISDB/BGADWH_SSIS/BGADWH_SSIS/Group%20Forecast%20Quarter.dtsx","0","0","0","1","0","0","0","0","0","3","0","1","10","0","0","0","0","0","0","0","0","3","0","0","0"
"SSISDB/BGADWH_SSIS/BGADWH_SSIS/Group_Forecast_Semester.dtsx","0","0","0","0","0","0","0","0","0","4","0","2","10","0","0","0","0","0","0","0","0","3","0","0","0"
"SSISDB/BGADWH_SSIS/BGADWH_SSIS/Group_Forecast_Semester_Region.dtsx","0","0","0","0","0","0","0","0","0","4","0","2","10","0","0","0","0","0","0","0","0","3","0","0","0"
"SSISDB/BGADWH_SSIS/BGADWH_SSIS/Group_Forecast_Yearly.dtsx","0","0","0","0","0","0","0","0","0","4","0","1","10","0","0","0","0","0","0","0","0","3","0","0","0"
"SSISDB/BGADWH_SSIS/BGADWH_SSIS/Group_Forecast_Yearly_Region.dtsx","0","0","0","0","0","0","0","0","0","4","0","2","10","0","0","0","0","0","0","0","0","3","0","0","0"
"SSISDB/BGADWH_SSIS/BGADWH_SSIS/Group_LapRH.dtsx","4","0","0","1","1","0","7","0","0","14","2","17","0","0","0","2","3","0","0","0","0","22","0","0","0"
"SSISDB/BGADWH_SSIS/BGADWH_SSIS/Group_TBS_Transaksi.dtsx","0","0","0","0","0","0","0","0","0","0","0","0","0","0","0","0","1","0","3","0","0","5","0","0","0"
"SSISDB/BGADWH_SSIS/BGADWH_SSIS/GroupSTG_AR.dtsx","0","0","0","0","0","0","0","0","0","0","0","0","0","0","0","0","0","0","0","0","0","0","16","0","0"
"SSISDB/BGADWH_SSIS/BGADWH_SSIS/GroupSTG_Budget.dtsx","0","0","0","0","0","0","0","0","0","0","0","0","0","0","0","0","0","0","0","0","0","0","10","0","0"
"SSISDB/BGADWH_SSIS/BGADWH_SSIS/GroupSTG_Initial_Trans.dtsx","0","0","0","0","0","0","0","0","0","0","0","0","0","0","0","0","0","0","0","0","0","0","2","0","0"
"SSISDB/BGADWH_SSIS/BGADWH_SSIS/GroupSTG_LapHarianTrans.dtsx","0","0","0","0","0","0","0","0","0","0","0","0","0","0","0","0","4","0","0","0","0","0","6","0","0"
"SSISDB/BGADWH_SSIS/BGADWH_SSIS/GroupSTG_Master.dtsx","0","0","0","0","0","0","0","0","0","0","0","0","0","0","0","0","0","0","0","0","0","0","16","0","0"
"SSISDB/BGADWH_SSIS/BGADWH_SSIS/LKP_BPS_PNNPerawatan.dtsx","0","0","0","0","0","0","0","0","0","0","0","0","0","0","0","0","0","0","0","0","0","3","0","0","0"
"SSISDB/BGADWH_SSIS/BGADWH_SSIS/LKP_Karyawan.dtsx","2","0","0","0","0","0","0","0","0","1","0","0","0","0","0","1","0","0","0","0","0","1","0","0","0"
"SSISDB/BGADWH_SSIS/BGADWH_SSIS/LKP_Kas_PPDO.dtsx","4","0","0","0","0","0","1","0","0","2","0","0","0","0","0","2","6","0","0","0","0","2","0","0","0"
"SSISDB/BGADWH_SSIS/BGADWH_SSIS/LKP_Premi%20Lembur%20Panen_Detail.dtsx","0","0","0","0","0","0","0","0","0","4","1","3","0","1","0","0","3","0","0","0","0","3","0","0","0"
"SSISDB/BGADWH_SSIS/BGADWH_SSIS/LKP_Purchasing_Process.dtsx","0","0","0","0","0","0","1","0","0","0","0","1","0","0","0","0","2","0","0","0","0","3","0","0","0"
"SSISDB/BGADWH_SSIS/BGADWH_SSIS/LKP_SAP_BILLING.dtsx","0","0","0","0","0","0","0","0","0","0","0","0","0","0","0","0","0","0","0","0","0","1","0","0","0"
"SSISDB/BGADWH_SSIS/BGADWH_SSIS/LKP_SAP_FAGLFLEXT.dtsx","0","0","0","0","0","0","0","0","0","2","0","0","0","0","0","0","0","0","0","0","0","1","0","0","0"
"SSISDB/BGADWH_SSIS/BGADWH_SSIS/LKP_SAP_Purchasing.dtsx","0","0","0","0","0","0","14","0","0","10","0","0","0","0","0","0","12","0","0","0","0","16","0","0","0"
"SSISDB/BGADWH_SSIS/BGADWH_SSIS/LKP_SAP_VBAK.dtsx","0","0","0","0","0","0","1","0","0","2","1","0","0","0","0","0","0","0","0","0","0","1","0","0","0"
"SSISDB/BGADWH_SSIS/BGADWH_SSIS/LKP_SAP_VBAP.dtsx","0","0","0","0","0","0","1","0","0","0","0","0","0","0","0","0","1","0","0","0","0","2","0","0","0"
"SSISDB/BGADWH_SSIS/BGADWH_SSIS/LKP_SAP_VBKD.dtsx","0","0","0","0","1","0","0","0","0","0","0","0","0","0","0","0","0","0","0","0","0","1","0","0","0"
"SSISDB/BGADWH_SSIS/BGADWH_SSIS/LKP_SAP_VBRP.dtsx","0","0","0","0","0","0","0","0","0","1","0","0","0","0","0","0","0","0","0","0","0","1","0","0","0"
"SSISDB/BGADWH_SSIS/BGADWH_SSIS/LKP_Trans_Gaji.dtsx","0","0","0","0","0","0","0","0","0","1","0","0","0","0","0","0","0","0","0","0","0","1","0","0","0"
"SSISDB/BGADWH_SSIS/BGADWH_SSIS/LKP_Trans_Kode_Absensi.dtsx","0","0","0","0","0","0","0","0","0","2","0","1","0","0","0","0","0","0","0","0","0","1","0","0","0"
"SSISDB/BGADWH_SSIS/BGADWH_SSIS/Package1.dtsx","0","0","0","1","0","0","0","2","0","0","0","0","0","880","0","0","0","0","38","0","0","1","0","0","0"
"SSISDB/BGADWH_SSIS/BGADWH_SSIS/Package3.dtsx","0","0","0","0","0","0","0","0","0","1","0","0","0","0","0","0","0","0","0","0","0","0","0","0","1"
"SSISDB/BGADWH_SSIS/BGADWH_SSIS/Package4.dtsx","0","0","0","0","0","0","0","0","0","0","0","0","0","0","0","0","0","0","0","0","0","0","0","0","0"
"SSISDB/BGADWH_SSIS/BGADWH_SSIS/STG_1SAP_LFA_LFB.dtsx","0","0","0","0","0","0","0","0","0","0","0","0","0","0","0","0","2","0","0","0","0","2","0","0","0"
"SSISDB/BGADWH_SSIS/BGADWH_SSIS/STG_2MON_COVP_MATNR.dtsx","0","0","0","0","0","0","5","0","0","5","0","1","0","0","0","0","128","0","0","0","0","5","0","0","0"
"SSISDB/BGADWH_SSIS/BGADWH_SSIS/STG_2MON_COVP_MILL.dtsx","0","0","0","2","0","0","14","0","0","13","0","4","0","0","0","0","448","0","0","0","0","14","0","0","0"
"SSISDB/BGADWH_SSIS/BGADWH_SSIS/STG_2MTR_MAP_IO.dtsx","0","0","0","1","0","0","2","0","0","0","0","1","0","0","0","0","34","0","0","0","0","2","0","0","0"
"SSISDB/BGADWH_SSIS/BGADWH_SSIS/STG_2SAP_COEPR.dtsx","0","0","0","0","0","0","1","0","0","1","1","0","0","0","0","0","5","0","0","0","0","1","0","0","0"
"SSISDB/BGADWH_SSIS/BGADWH_SSIS/STG_3MON_COS_F01_TD.dtsx","1","0","0","0","0","0","2","0","0","1","0","1","2","0","0","0","16","0","0","0","0","3","0","0","0"
"SSISDB/BGADWH_SSIS/BGADWH_SSIS/STG_Absensi.dtsx","0","0","0","0","0","0","0","0","0","1","0","0","0","0","0","0","9","0","45","0","0","9","0","0","0"
"SSISDB/BGADWH_SSIS/BGADWH_SSIS/STG_BGASTG_DataBlok.dtsx","0","0","0","0","0","0","0","0","0","0","0","1","0","0","0","0","1","0","0","1","0","1","0","0","0"
"SSISDB/BGADWH_SSIS/BGADWH_SSIS/STG_BLOK_t_blok_kk.dtsx","0","0","0","0","0","0","1","0","0","0","0","0","0","0","0","0","29","0","10","2","0","2","0","0","0"
"SSISDB/BGADWH_SSIS/BGADWH_SSIS/STG_BPS_BudgetActivity.dtsx","0","0","0","0","0","0","0","0","0","0","0","0","0","0","0","0","2","0","7","1","0","2","0","0","0"
"SSISDB/BGADWH_SSIS/BGADWH_SSIS/STG_BPS_Karyawan.dtsx","0","0","0","0","0","0","0","0","0","0","0","0","0","0","0","0","9","0","45","0","0","9","0","0","0"
"SSISDB/BGADWH_SSIS/BGADWH_SSIS/STG_BPS_KKD.dtsx","0","0","0","0","0","0","0","0","0","0","0","0","0","0","0","0","51","0","72","21","0","21","0","0","0"
"SSISDB/BGADWH_SSIS/BGADWH_SSIS/STG_BPS_LAP_HARIAN%201.dtsx","0","0","0","0","0","0","9","0","0","0","0","0","0","0","0","0","20","0","63","18","0","18","0","0","0"
"SSISDB/BGADWH_SSIS/BGADWH_SSIS/STG_BPS_LAP_HARIAN.dtsx","0","0","0","0","0","0","9","0","0","0","0","0","0","0","0","0","54","0","67","20","0","18","0","0","0"
"SSISDB/BGADWH_SSIS/BGADWH_SSIS/STG_BPS_LAP_HARIAN_ALL.dtsx","0","0","0","0","0","0","9","0","0","0","0","0","0","0","0","0","18","0","63","18","0","18","0","0","0"
"SSISDB/BGADWH_SSIS/BGADWH_SSIS/STG_BPS_MASTER_DIVISI_JABATAN.dtsx","0","0","0","0","0","0","27","0","0","0","0","0","0","0","0","0","297","0","81","0","0","27","0","0","0"
"SSISDB/BGADWH_SSIS/BGADWH_SSIS/STG_BPS_PNNPerwatan%206%20bulan.dtsx","0","0","0","0","0","0","0","0","0","0","0","0","0","0","0","0","36","0","99","36","0","36","0","0","0"
"SSISDB/BGADWH_SSIS/BGADWH_SSIS/STG_BPS_PNNPerwatan.dtsx","0","0","0","0","0","0","8","0","0","0","0","0","0","0","0","0","36","0","99","36","0","36","0","0","0"
"SSISDB/BGADWH_SSIS/BGADWH_SSIS/STG_BPS_SPB.dtsx","0","0","0","0","0","0","0","0","0","1","0","0","0","0","0","0","31","0","92","11","0","31","0","0","0"
"SSISDB/BGADWH_SSIS/BGADWH_SSIS/STG_BPS_Trans_Absensi.dtsx","0","0","0","0","0","0","0","0","0","19","0","0","0","2727","0","0","9","0","63","0","0","9","0","0","0"
"SSISDB/BGADWH_SSIS/BGADWH_SSIS/STG_BPS_Trans_Absensi_104.dtsx","0","0","0","0","0","0","0","0","0","3","0","0","0","303","0","0","2","0","9","0","0","2","0","0","0"
"SSISDB/BGADWH_SSIS/BGADWH_SSIS/STG_BPS_Trans_Absensi_15.dtsx","0","0","0","0","0","0","0","0","0","3","0","0","0","303","0","0","1","0","7","0","0","1","0","0","0"
"SSISDB/BGADWH_SSIS/BGADWH_SSIS/STG_BPS_Trans_Absensi_170.dtsx","0","0","0","0","0","0","0","0","0","3","0","0","0","303","0","0","1","0","7","0","0","1","0","0","0"
"SSISDB/BGADWH_SSIS/BGADWH_SSIS/STG_BPS_Trans_Absensi_171.dtsx","0","0","0","0","0","0","0","0","0","3","0","0","0","303","0","0","1","0","7","0","0","1","0","0","0"
"SSISDB/BGADWH_SSIS/BGADWH_SSIS/STG_BPS_Trans_Absensi_172.dtsx","0","0","0","0","0","0","0","0","0","3","0","0","0","303","0","0","1","0","7","0","0","1","0","0","0"
"SSISDB/BGADWH_SSIS/BGADWH_SSIS/STG_BPS_Trans_Absensi_174.dtsx","0","0","0","0","0","0","0","0","0","3","0","0","0","303","0","0","1","0","7","0","0","1","0","0","0"
"SSISDB/BGADWH_SSIS/BGADWH_SSIS/STG_BPS_Trans_Absensi_176.dtsx","0","0","0","0","0","0","0","0","0","3","0","0","0","303","0","0","1","0","7","0","0","1","0","0","0"
"SSISDB/BGADWH_SSIS/BGADWH_SSIS/STG_BPS_Trans_Absensi_33.dtsx","0","0","0","0","0","0","0","0","0","3","0","0","0","303","0","0","1","0","7","0","0","1","0","0","0"
"SSISDB/BGADWH_SSIS/BGADWH_SSIS/STG_BPS_Trans_Absensi_35.dtsx","0","0","0","0","0","0","0","0","0","3","0","0","0","303","0","0","1","0","7","0","0","1","0","0","0"
"SSISDB/BGADWH_SSIS/BGADWH_SSIS/STG_BPS_Trans_Absensi_72.dtsx","0","0","0","0","0","0","0","0","0","3","0","0","0","303","0","0","1","0","7","0","0","1","0","0","0"
"SSISDB/BGADWH_SSIS/BGADWH_SSIS/STG_BPS_Trans_Gaji.dtsx","0","0","0","0","0","0","0","0","0","11","0","0","0","0","0","0","0","0","50","0","0","10","0","0","0"
"SSISDB/BGADWH_SSIS/BGADWH_SSIS/STG_BPS_Trans_Karyawan%20-%20manual.dtsx","0","0","0","0","0","0","0","0","0","21","0","0","0","0","0","0","0","0","53","0","0","10","0","0","0"
"SSISDB/BGADWH_SSIS/BGADWH_SSIS/STG_BPS_Trans_Karyawan.dtsx","0","0","0","0","0","0","0","0","0","11","0","0","0","0","0","0","0","0","50","0","0","10","0","0","0"
"SSISDB/BGADWH_SSIS/BGADWH_SSIS/STG_BPS_Trans_Lembur_VW.dtsx","0","0","0","0","0","0","0","0","0","11","0","0","0","0","0","0","10","0","50","0","0","10","0","0","0"
"SSISDB/BGADWH_SSIS/BGADWH_SSIS/STG_BPS_Trans_Premi_Lembur_Non_Panen.dtsx","0","0","0","0","0","0","0","0","0","1","0","0","0","0","0","0","10","0","50","0","0","10","0","0","0"
"SSISDB/BGADWH_SSIS/BGADWH_SSIS/STG_BPS_Trans_Premi_Lembur_Panen.dtsx","0","0","0","0","0","0","0","0","0","0","0","0","0","0","0","0","10","0","50","0","0","10","0","0","0"
"SSISDB/BGADWH_SSIS/BGADWH_SSIS/STG_BPS_Trans_Status.dtsx","0","0","0","0","0","0","0","0","0","0","0","0","0","0","0","0","9","0","45","0","0","9","0","0","0"
"SSISDB/BGADWH_SSIS/BGADWH_SSIS/STG_LHPP.dtsx","0","0","0","0","0","0","0","0","0","0","0","0","0","0","0","0","0","0","19","1","0","8","0","0","0"
"SSISDB/BGADWH_SSIS/BGADWH_SSIS/STG_LHPP_MAPPING.dtsx","0","0","0","2","0","0","7","0","0","0","0","0","0","0","0","0","8","0","19","0","0","8","0","0","0"
"SSISDB/BGADWH_SSIS/BGADWH_SSIS/STG_LHPP_XLS%202018_DEV.dtsx","0","0","0","0","0","0","0","0","0","0","0","0","0","0","0","0","235","0","0","0","0","14","0","0","0"
"SSISDB/BGADWH_SSIS/BGADWH_SSIS/STG_LHPP_XLS%2020180305.dtsx","0","0","0","0","0","0","0","0","0","0","0","0","0","0","0","0","88","0","0","0","0","14","0","0","0"
"SSISDB/BGADWH_SSIS/BGADWH_SSIS/STG_LHPP_XLS.dtsx","0","0","0","0","0","0","0","0","0","0","0","0","0","0","0","0","240","0","0","0","0","14","0","0","0"
"SSISDB/BGADWH_SSIS/BGADWH_SSIS/STG_LHPP_XLS_2017.dtsx","0","0","0","0","0","0","0","0","0","0","0","0","0","0","0","0","26","0","0","0","0","16","0","0","0"
"SSISDB/BGADWH_SSIS/BGADWH_SSIS/STG_LHPP_XLS_DEV.dtsx","0","0","0","0","0","0","0","0","0","0","0","0","0","0","0","0","26","0","0","0","0","16","0","0","0"
"SSISDB/BGADWH_SSIS/BGADWH_SSIS/STG_LHPP_XLS_FULL_MONTH.dtsx","0","0","0","0","0","0","0","0","0","0","0","0","0","0","0","0","240","0","0","0","0","14","0","0","0"
"SSISDB/BGADWH_SSIS/BGADWH_SSIS/STG_MTR_MAP_IO_WBS.dtsx","0","0","0","0","0","0","2","0","0","0","0","1","0","0","0","0","8","0","0","0","0","1","0","0","0"
"SSISDB/BGADWH_SSIS/BGADWH_SSIS/STG_PROXA.dtsx","0","0","0","0","0","0","1","0","0","0","0","0","208","0","0","0","4","0","5","3","0","4","0","0","0"
"SSISDB/BGADWH_SSIS/BGADWH_SSIS/STG_PROXA_bgtcos_cal1.dtsx","0","0","0","0","0","0","0","0","0","0","0","0","0","0","0","0","0","0","5","1","0","1","0","0","0"
"SSISDB/BGADWH_SSIS/BGADWH_SSIS/STG_PROXA_bgtmil.dtsx","0","0","0","0","0","0","0","0","0","0","0","0","0","0","0","0","0","0","5","1","0","1","0","0","0"
"SSISDB/BGADWH_SSIS/BGADWH_SSIS/STG_PROXA_UNITD.dtsx","0","0","0","0","0","0","0","0","0","0","0","0","0","0","0","0","1","0","5","1","0","1","0","0","0"
"SSISDB/BGADWH_SSIS/BGADWH_SSIS/STG_QC_Grading_PKS.dtsx","0","0","0","2","0","0","9","0","0","0","0","0","0","0","0","0","9","0","21","0","0","9","0","0","0"
"SSISDB/BGADWH_SSIS/BGADWH_SSIS/STG_SAP_BILLING.dtsx","0","0","0","0","0","0","0","0","0","0","0","0","0","0","0","0","13","0","0","0","0","1","0","0","0"
"SSISDB/BGADWH_SSIS/BGADWH_SSIS/STG_SAP_BKPF.dtsx","0","0","0","0","1","0","0","0","0","1","0","0","0","0","0","0","9","0","1","0","0","2","0","0","0"
"SSISDB/BGADWH_SSIS/BGADWH_SSIS/STG_SAP_BSAD.dtsx","0","0","0","0","0","0","1","0","0","0","0","0","0","0","0","0","145","0","0","0","0","1","0","0","0"
"SSISDB/BGADWH_SSIS/BGADWH_SSIS/STG_SAP_BSAS.dtsx","0","0","0","0","0","0","1","0","0","2","0","0","0","0","0","0","71","0","0","0","0","4","0","0","0"
"SSISDB/BGADWH_SSIS/BGADWH_SSIS/STG_SAP_BSEG.dtsx","2","0","0","0","1","0","4","0","0","3","0","0","0","0","0","1","20","0","0","0","0","7","0","0","0"
"SSISDB/BGADWH_SSIS/BGADWH_SSIS/STG_SAP_BSID.dtsx","0","0","0","0","0","0","1","0","0","0","0","0","0","0","0","0","145","0","0","0","0","1","0","0","0"
"SSISDB/BGADWH_SSIS/BGADWH_SSIS/STG_SAP_BSIS.dtsx","0","0","0","0","0","0","1","0","0","2","0","0","0","0","0","0","59","0","0","0","0","2","0","0","0"
"SSISDB/BGADWH_SSIS/BGADWH_SSIS/STG_SAP_COAS.dtsx","0","0","0","0","0","0","2","0","0","0","1","0","0","0","0","0","125","0","0","0","0","5","0","0","0"
"SSISDB/BGADWH_SSIS/BGADWH_SSIS/STG_SAP_COEPR.dtsx","0","0","0","0","0","0","3","0","0","0","0","0","0","0","0","0","81","0","0","0","0","3","0","0","0"
"SSISDB/BGADWH_SSIS/BGADWH_SSIS/STG_SAP_COVP.dtsx","0","0","0","0","0","0","2","0","0","0","1","0","0","0","0","0","115","0","0","0","0","5","0","0","0"
"SSISDB/BGADWH_SSIS/BGADWH_SSIS/STG_SAP_COVP2.dtsx","0","0","0","0","0","0","2","0","0","0","1","0","0","0","0","0","115","0","0","0","0","5","0","0","0"
"SSISDB/BGADWH_SSIS/BGADWH_SSIS/STG_SAP_COVP2A.dtsx","0","0","0","0","0","0","2","0","0","0","1","0","0","0","0","0","115","0","0","0","0","5","0","0","0"
"SSISDB/BGADWH_SSIS/BGADWH_SSIS/STG_SAP_COVP3.dtsx","0","0","0","0","0","0","2","0","0","0","1","0","0","0","0","0","115","0","0","0","0","5","0","0","0"
"SSISDB/BGADWH_SSIS/BGADWH_SSIS/STG_SAP_COVP3a.dtsx","0","0","0","0","0","0","2","0","0","0","1","0","0","0","0","0","115","0","0","0","0","5","0","0","0"
"SSISDB/BGADWH_SSIS/BGADWH_SSIS/STG_SAP_COVP4.dtsx","0","0","0","0","0","0","2","0","0","0","1","0","0","0","0","0","115","0","0","0","0","5","0","0","0"
"SSISDB/BGADWH_SSIS/BGADWH_SSIS/STG_SAP_COVP4a.dtsx","0","0","0","0","0","0","2","0","0","0","1","0","0","0","0","0","115","0","0","0","0","5","0","0","0"
"SSISDB/BGADWH_SSIS/BGADWH_SSIS/STG_SAP_COVP5.dtsx","0","0","0","0","0","0","2","0","0","0","1","0","0","0","0","0","115","0","0","0","0","5","0","0","0"
"SSISDB/BGADWH_SSIS/BGADWH_SSIS/STG_SAP_COVP5a.dtsx","0","0","0","0","0","0","2","0","0","0","1","0","0","0","0","0","115","0","0","0","0","5","0","0","0"
"SSISDB/BGADWH_SSIS/BGADWH_SSIS/STG_SAP_FAGLFLEXT.dtsx","0","0","0","0","0","0","1","0","0","0","0","0","0","0","0","0","51","0","0","0","0","2","0","0","0"
"SSISDB/BGADWH_SSIS/BGADWH_SSIS/STG_SAP_KNA1.dtsx","0","0","0","0","0","0","0","0","0","0","0","0","0","0","0","0","14","0","0","0","0","2","0","0","0"
"SSISDB/BGADWH_SSIS/BGADWH_SSIS/STG_SAP_LIKP.dtsx","0","0","0","0","0","0","1","0","0","0","0","0","0","0","0","0","157","0","0","0","0","1","0","0","0"
"SSISDB/BGADWH_SSIS/BGADWH_SSIS/STG_SAP_LIPS.dtsx","0","0","0","0","0","0","1","0","0","0","0","0","0","0","0","0","250","0","0","0","0","1","0","0","0"
"SSISDB/BGADWH_SSIS/BGADWH_SSIS/STG_SAP_MSEG.dtsx","0","0","0","0","0","0","0","0","0","1","0","0","0","0","0","0","11","0","0","0","0","1","0","0","1"
"SSISDB/BGADWH_SSIS/BGADWH_SSIS/STG_SAP_PRPS.dtsx","0","0","0","0","0","0","1","0","0","0","0","0","0","0","0","0","133","0","0","0","0","1","0","0","0"
"SSISDB/BGADWH_SSIS/BGADWH_SSIS/STG_SAP_PURCHASING.dtsx","0","0","0","0","0","0","0","0","0","0","0","0","0","0","0","0","24","0","0","0","0","17","0","0","0"
"SSISDB/BGADWH_SSIS/BGADWH_SSIS/STG_SAP_SKAT.dtsx","0","0","0","1","0","0","0","0","0","0","0","0","0","0","0","0","1","0","0","0","0","2","0","0","0"
"SSISDB/BGADWH_SSIS/BGADWH_SSIS/STG_SAP_VBAK.dtsx","0","0","0","0","0","0","1","0","0","0","0","0","0","0","0","0","132","0","0","0","0","1","0","0","0"
"SSISDB/BGADWH_SSIS/BGADWH_SSIS/STG_SAP_VBAP.dtsx","0","0","0","0","0","0","0","0","0","0","0","0","0","0","0","0","13","0","0","0","0","1","0","0","0"
"SSISDB/BGADWH_SSIS/BGADWH_SSIS/STG_SAP_VBKD.dtsx","0","0","0","0","0","0","0","0","0","0","0","0","0","0","0","0","1","0","0","0","0","1","0","0","0"
"SSISDB/BGADWH_SSIS/BGADWH_SSIS/STG_SAP_VBRP.dtsx","0","0","0","0","0","0","0","0","0","0","0","0","0","0","0","0","13","0","0","0","0","1","0","0","0"
"SSISDB/BGADWH_SSIS/BGADWH_SSIS/STG_SAP_ZVT_MSEGPF.dtsx","0","0","0","0","0","0","1","0","0","0","0","0","0","0","0","0","35","0","0","0","0","2","0","0","0"
"SSISDB/BGADWH_SSIS/BGADWH_SSIS/STG_SAP_ZVTMSEGPF.dtsx","0","0","0","0","0","0","0","0","0","0","0","0","0","0","0","0","14","0","0","0","0","2","0","0","0"
"SSISDB/BGADWH_SSIS/BGADWH_SSIS/STG_Trans_Premi_Lembur.dtsx","0","0","0","0","0","0","0","0","0","19","1","0","0","0","0","0","18","0","63","0","0","18","0","0","0"
"SSISDB/BGADWH_SSIS/BGADWH_SSIS/STG_WB_MSKaryawan.dtsx","0","0","0","0","0","0","6","0","0","0","0","0","0","0","0","0","0","0","0","0","0","6","0","0","0"
"SSISDB/BGADWH_SSIS/BGADWH_SSIS/STG_XLS_BudgeEstate.dtsx","1","0","0","0","0","0","0","0","0","0","0","0","150","0","0","0","3","0","0","3","0","4","0","0","0"
"SSISDB/BGADWH_SSIS/BGADWH_SSIS/STG_XLS_BudgetMill.dtsx","1","0","0","0","0","0","0","0","0","0","0","0","118","0","0","0","10","0","0","10","0","11","0","0","0"
"SSISDB/BGADWH_SSIS/BGADWH_SSIS/STG_XLS_BudgetTahuanMill.dtsx","0","0","0","0","0","0","0","0","0","0","0","0","111","0","0","0","2","0","0","2","0","2","0","0","0"
"SSISDB/BGADWH_SSIS/BGADWH_SSIS/STG_XLS_BudgetTahunan.dtsx","0","0","0","0","0","0","0","0","0","0","0","0","0","0","0","0","1","0","0","1","0","1","0","0","0"
"SSISDB/BGADWH_SSIS/BGADWH_SSIS/STG_XLS_HariLibur.dtsx","0","0","0","0","0","0","0","0","0","0","0","0","0","0","0","0","0","0","0","1","0","1","0","0","0"
"SSISDB/BGADWH_SSIS/BGADWH_SSIS/STG_XLS_HKEEstate.dtsx","0","0","0","0","0","0","0","0","0","0","0","0","0","0","0","0","1","0","0","1","0","1","0","0","0"
"SSISDB/BGADWH_SSIS/BGADWH_SSIS/STG_XLS_HKEMill.dtsx","1","0","0","0","0","0","0","0","0","0","1","0","106","0","0","0","1","0","0","1","0","3","0","0","0"
"SSISDB/BGADWH_SSIS/BGADWH_SSIS/STG_XLS_StandarMill.dtsx","0","0","0","0","0","0","0","0","0","0","0","0","0","0","0","0","0","0","0","1","0","1","0","0","0"
"SSISDB/BGADWH_SSIS/BGADWH_SSIS/STG_XLS_SupportEstate.dtsx","0","0","0","0","0","0","0","0","0","0","0","0","0","0","0","0","13","0","0","12","0","13","0","0","0"
"SSISDB/BGADWH_SSIS/BGADWH_SSIS/STG_XLS_UNIT.dtsx","0","0","0","0","0","0","0","0","0","0","0","0","0","0","0","0","0","0","0","1","0","1","0","0","0"
"SSISDB/BGADWH_SSIS/BGADWH_SSIS/TRX_Billing_DO.dtsx","0","0","0","0","0","0","0","0","0","2","0","1","0","0","0","0","0","0","0","0","0","1","0","0","0"
"SSISDB/BGADWH_SSIS/BGADWH_SSIS/TRX_Gaji_3NW.dtsx","0","0","0","1","0","0","0","0","0","1","0","1","0","0","0","0","1","0","0","0","0","1","0","0","0"
"SSISDB/BGADWH_SSIS/BGADWH_SSIS/TRX_HK_Alokasi.dtsx","0","0","0","0","0","0","0","0","0","0","0","1","0","0","0","0","0","0","0","0","0","2","0","0","0"
"SSISDB/BGADWH_SSIS/BGADWH_SSIS/TRX_Purchasing_Process.dtsx","4","0","0","0","0","0","0","0","0","1","0","2","0","0","0","2","2","0","0","0","0","6","0","0","0"
"SSISDB/BGADWH_SSIS/BGADWH_SSIS/wbpool.dtsx","0","0","0","0","0","0","0","0","0","0","0","0","0","0","0","0","2","0","10","2","0","2","0","0","0"
"SSISDB/COGS/COGS/dim_cogs_measure.dtsx","0","0","0","0","0","0","0","0","0","0","0","0","0","0","0","0","0","0","0","0","0","1","0","0","0"
"SSISDB/COGS/COGS/dim_company.dtsx","0","0","0","0","0","0","0","0","0","0","0","0","0","0","0","0","0","0","0","0","0","1","0","0","0"
"SSISDB/COGS/COGS/dim_report_cogs.dtsx","0","0","0","1","0","0","0","0","0","0","0","0","0","0","0","0","0","0","0","0","0","1","0","0","0"
"SSISDB/COGS/COGS/fact_cogs.dtsx","0","0","0","0","0","0","2","0","0","0","1","0","0","0","0","0","2","0","0","0","0","1","0","0","0"
"SSISDB/COGS/COGS/stg_cogs_measure.dtsx","0","0","0","0","0","0","0","0","0","0","0","0","0","0","0","0","0","0","0","0","0","1","0","0","0"
"SSISDB/COGS/COGS/stg_cogs_report_template.dtsx","0","0","0","0","0","0","0","0","0","0","0","0","0","0","0","0","0","0","0","0","0","1","0","0","0"
"SSISDB/COGS/COGS/stg_CogsReport.dtsx","0","0","0","0","0","0","0","0","1","0","2","0","0","44","0","0","0","0","0","0","0","12","0","0","0"
"SSISDB/Controllable Profit/ControllableProfit/Excel%20to%20STG.dtsx","0","0","0","0","0","0","0","0","0","0","0","0","0","0","0","0","0","0","0","0","0","2","0","0","0"
"SSISDB/Controllable Profit/ControllableProfit/Package1%201.dtsx","0","0","0","0","0","0","0","0","0","0","4","0","0","157","0","0","2","0","0","0","0","1","0","0","0"
"SSISDB/Controllable Profit/ControllableProfit/Package1.dtsx","0","0","0","0","0","0","0","0","0","1","5","0","0","157","0","0","2","0","0","0","0","1","0","0","0"
"SSISDB/Controllable Profit/ControllableProfit/STG%20to%20DWH.dtsx","0","0","0","0","0","0","6","0","0","9","68","31","20","122","0","0","0","0","0","0","0","6","0","0","0"
"SSISDB/Development/Dev_BGADWH_SSIS/DWH_DimActivity.dtsx","0","0","0","0","0","0","0","0","0","0","0","0","0","0","0","0","0","0","0","0","0","1","0","0","0"
"SSISDB/Development/Dev_BGADWH_SSIS/DWH_DimBlock.dtsx","0","0","0","1","0","0","0","2","0","0","0","1","0","318","0","0","0","0","40","0","0","1","0","0","0"
"SSISDB/Development/Dev_BGADWH_SSIS/DWH_DimCompany.dtsx","0","0","0","0","0","0","0","0","0","0","0","0","0","0","0","0","2","0","0","0","0","1","0","0","0"
"SSISDB/Development/Dev_BGADWH_SSIS/DWH_DimDate.dtsx","0","0","0","0","0","0","0","0","0","0","0","0","0","0","0","0","0","0","0","0","0","1","0","0","0"
"SSISDB/Development/Dev_BGADWH_SSIS/DWH_DimIntiPlasma.dtsx","0","0","0","0","0","0","0","0","0","0","0","0","0","0","0","0","0","0","0","0","0","1","0","0","0"
"SSISDB/Development/Dev_BGADWH_SSIS/DWH_DimLuasPanen.dtsx","0","0","0","0","0","0","0","0","0","0","0","0","0","0","0","0","0","0","0","0","0","1","0","0","0"
"SSISDB/Development/Dev_BGADWH_SSIS/DWH_DimMandor.dtsx","0","0","0","0","0","0","0","0","0","0","0","3","0","1","0","0","0","0","0","0","0","1","0","0","0"
"SSISDB/Development/Dev_BGADWH_SSIS/DWH_DimParameterPuas.dtsx","0","0","0","0","0","0","0","0","0","0","0","0","0","0","0","0","0","0","0","0","0","1","0","0","0"
"SSISDB/Development/Dev_BGADWH_SSIS/DWH_DimProduct.dtsx","0","0","0","0","0","0","0","0","0","0","0","0","0","0","0","0","2","0","0","0","0","1","0","0","0"
"SSISDB/Development/Dev_BGADWH_SSIS/DWH_DimStandardMill.dtsx","0","0","0","1","0","0","0","1","0","0","0","0","0","82","0","0","0","0","8","0","0","1","0","0","0"
"SSISDB/Development/Dev_BGADWH_SSIS/DWH_DimTipeTBS.dtsx","0","0","0","0","0","0","0","0","0","0","0","0","0","0","0","0","0","0","0","0","0","1","0","0","0"
"SSISDB/Development/Dev_BGADWH_SSIS/DWH_DimUnit.dtsx","0","0","0","1","0","0","0","1","0","0","0","0","0","152","0","0","4","0","14","0","0","1","0","0","0"
"SSISDB/Development/Dev_BGADWH_SSIS/DWH_DimVendor.dtsx","0","0","0","0","0","0","0","0","0","0","0","0","0","0","0","0","0","0","0","0","0","1","0","0","0"
"SSISDB/Development/Dev_BGADWH_SSIS/DWH_FactActivity.dtsx","1","0","0","0","0","0","2","0","0","2","2","3","0","608","0","2","18","0","0","0","0","1","0","0","0"
"SSISDB/Development/Dev_BGADWH_SSIS/DWH_FactBlock.dtsx","1","0","0","0","0","0","1","0","0","2","2","3","0","656","0","2","2","0","0","0","0","1","0","0","0"
"SSISDB/Development/Dev_BGADWH_SSIS/DWH_FactBudgetActivity.dtsx","0","0","0","0","0","0","1","0","0","3","2","0","0","215","0","1","18","0","0","0","0","1","0","0","0"
"SSISDB/Development/Dev_BGADWH_SSIS/DWH_FactBudgetMill.dtsx","0","0","0","0","0","0","0","0","0","2","2","2","0","131","0","1","2","0","0","0","0","1","0","0","0"
"SSISDB/Development/Dev_BGADWH_SSIS/DWH_FactBudgetProduksiEstate.dtsx","0","0","0","0","0","0","1","0","0","2","2","3","0","149","0","1","9","0","0","0","0","1","0","0","0"
"SSISDB/Development/Dev_BGADWH_SSIS/DWH_FactBudgetSupportEstate.dtsx","0","0","0","0","0","0","1","0","0","2","2","2","0","151","0","1","6","0","0","0","0","1","0","0","0"
"SSISDB/Development/Dev_BGADWH_SSIS/DWH_FactHasilPanen.dtsx","1","0","0","0","0","0","1","0","0","2","2","3","0","450","0","2","2","0","0","0","0","1","0","0","0"
"SSISDB/Development/Dev_BGADWH_SSIS/DWH_FactPencurian.dtsx","1","0","0","0","0","0","0","0","0","3","4","0","0","398","0","2","2","0","0","0","0","1","0","0","0"
"SSISDB/Development/Dev_BGADWH_SSIS/DWH_FactPenerimaan.dtsx","1","0","0","0","0","0","5","0","0","2","2","3","0","619","0","2","19","0","0","0","0","1","0","0","0"
"SSISDB/Development/Dev_BGADWH_SSIS/DWH_FactPengiriman.dtsx","1","0","0","0","0","0","2","0","0","2","2","2","0","398","0","2","9","0","0","0","0","1","0","0","0"
"SSISDB/Development/Dev_BGADWH_SSIS/DWH_FactPengolahan.dtsx","1","0","0","0","0","0","0","0","0","2","2","2","0","376","0","2","2","0","0","0","0","1","0","0","0"
"SSISDB/Development/Dev_BGADWH_SSIS/DWH_FactProduksiEstate.dtsx","0","0","0","0","0","0","4","0","0","1","2","3","0","221","0","1","17","0","0","0","0","1","0","0","0"
"SSISDB/Development/Dev_BGADWH_SSIS/DWH_FactProduksiEstateBlock.dtsx","1","0","0","0","0","0","0","0","0","2","2","0","0","534","0","2","2","0","0","0","0","1","0","0","0"
"SSISDB/Development/Dev_BGADWH_SSIS/DWH_FactProduksiMill.dtsx","1","0","0","0","0","0","1","0","0","2","2","2","0","1086","0","2","7","0","0","0","0","1","0","0","0"
"SSISDB/Development/Dev_BGADWH_SSIS/DWH_FactPuas.dtsx","1","0","0","0","0","0","1","0","0","2","2","3","0","834","0","2","2","0","0","0","0","1","0","0","0"
"SSISDB/Development/Dev_BGADWH_SSIS/DWH_FactPuasDetail.dtsx","1","0","0","0","0","0","2","0","0","2","2","3","0","414","0","2","8","0","0","0","0","1","0","0","0"
"SSISDB/Development/Dev_BGADWH_SSIS/DWH_FactStock.dtsx","1","0","0","0","0","0","1","0","0","2","2","2","0","366","0","2","7","0","0","0","0","1","0","0","0"
"SSISDB/Development/Dev_BGADWH_SSIS/DWH_FactSupportEstate.dtsx","0","0","0","0","0","0","1","0","0","1","2","2","0","205","0","1","2","0","0","0","0","1","0","0","0"
"SSISDB/Development/Dev_BGADWH_SSIS/DWH_FactTargetPuas.dtsx","1","0","0","0","0","0","1","0","0","3","2","3","0","384","0","2","2","0","0","0","0","1","0","0","0"
"SSISDB/Development/Dev_BGADWH_SSIS/Group%20DWH%20ALL.dtsx","0","0","0","0","0","0","0","0","0","0","0","0","0","0","0","0","0","0","0","0","0","0","4","0","0"
"SSISDB/Development/Dev_BGADWH_SSIS/Group%20DWH%20LapHarian.dtsx","0","0","0","0","0","0","0","0","0","0","0","0","0","0","0","0","0","0","0","0","0","0","38","0","0"
"SSISDB/Development/Dev_BGADWH_SSIS/Group%20DWH%20Panen.dtsx","0","0","0","0","0","0","0","0","0","0","0","0","0","0","0","0","0","0","0","0","0","0","26","0","0"
"SSISDB/Development/Dev_BGADWH_SSIS/Group_LKP_KNB_LFA_LFB.dtsx","0","0","0","0","0","0","0","0","0","0","0","0","0","0","0","0","0","0","0","0","0","4","0","0","0"
"SSISDB/Development/Dev_BGADWH_SSIS/Group_TBS_Transaksi.dtsx","0","0","0","0","0","0","0","0","0","0","0","0","0","0","0","0","1","0","3","0","0","5","0","0","0"
"SSISDB/Development/Dev_BGADWH_SSIS/Group_Trans_Material.dtsx","2","1","0","0","0","0","0","0","0","3","1","0","0","0","0","1","0","0","0","0","0","4","0","0","0"
"SSISDB/Development/Dev_BGADWH_SSIS/GroupSTG_Budget.dtsx","0","0","0","0","0","0","0","0","0","0","0","0","0","0","0","0","0","0","0","0","0","0","10","0","0"
"SSISDB/Development/Dev_BGADWH_SSIS/GroupSTG_Initial_Trans.dtsx","0","0","0","0","0","0","0","0","0","0","0","0","0","0","0","0","0","0","0","0","0","0","2","0","0"
"SSISDB/Development/Dev_BGADWH_SSIS/GroupSTG_LapHarianTrans.dtsx","0","0","0","0","0","0","0","0","0","0","0","0","0","0","0","0","4","0","0","0","0","0","6","0","0"
"SSISDB/Development/Dev_BGADWH_SSIS/GroupSTG_Master.dtsx","0","0","0","0","0","0","0","0","0","0","0","0","0","0","0","0","0","0","0","0","0","0","16","0","0"
"SSISDB/Development/Dev_BGADWH_SSIS/Package1.dtsx","0","0","0","1","0","0","0","2","0","0","0","0","0","880","0","0","0","0","38","0","0","1","0","0","0"
"SSISDB/Development/Dev_BGADWH_SSIS/STG_1SAP_LFA_LFB.dtsx","0","0","0","0","0","0","0","0","0","0","0","0","0","0","0","0","2","0","0","0","0","2","0","0","0"
"SSISDB/Development/Dev_BGADWH_SSIS/STG_BGASTG_DataBlok.dtsx","0","0","0","0","0","0","0","0","0","0","0","1","0","0","0","0","1","0","0","1","0","1","0","0","0"
"SSISDB/Development/Dev_BGADWH_SSIS/STG_BLOK_t_blok_kk.dtsx","0","0","0","0","0","0","1","0","0","0","0","0","0","0","0","0","29","0","10","2","0","2","0","0","0"
"SSISDB/Development/Dev_BGADWH_SSIS/STG_BPS_BLOK.dtsx","0","0","0","0","0","0","10","0","0","0","0","0","0","0","0","0","0","0","50","0","0","10","0","0","0"
"SSISDB/Development/Dev_BGADWH_SSIS/STG_BPS_Karyawan.dtsx","0","0","0","0","0","0","0","0","0","0","0","0","0","0","0","0","10","0","50","0","0","10","0","0","0"
"SSISDB/Development/Dev_BGADWH_SSIS/STG_BPS_KKD.dtsx","0","0","0","0","0","0","0","0","0","0","0","0","0","0","0","0","55","0","79","23","0","23","0","0","0"
"SSISDB/Development/Dev_BGADWH_SSIS/STG_BPS_LAP_HARIAN%201.dtsx","0","0","0","0","0","0","9","0","0","0","0","0","0","0","0","0","20","0","63","18","0","18","0","0","0"
"SSISDB/Development/Dev_BGADWH_SSIS/STG_BPS_LAP_HARIAN.dtsx","0","0","0","0","0","0","10","0","0","0","0","0","0","0","0","0","60","0","74","22","0","20","0","0","0"
"SSISDB/Development/Dev_BGADWH_SSIS/STG_BPS_LAP_HARIAN_ALL.dtsx","0","0","0","0","0","0","9","0","0","0","0","0","0","0","0","0","18","0","63","18","0","18","0","0","0"
"SSISDB/Development/Dev_BGADWH_SSIS/STG_BPS_SPB.dtsx","0","0","0","0","0","0","0","0","0","1","0","0","0","0","0","0","30","0","90","10","0","30","0","0","0"
"SSISDB/Development/Dev_BGADWH_SSIS/STG_BPS_SPB_1.dtsx","0","0","0","0","0","0","0","0","0","0","0","0","0","0","0","0","3","0","9","1","0","3","0","0","0"
"SSISDB/Development/Dev_BGADWH_SSIS/STG_BPS_Trans_Absensi_104.dtsx","0","0","0","0","0","0","0","0","0","3","0","0","0","303","0","0","2","0","9","0","0","2","0","0","0"
"SSISDB/Development/Dev_BGADWH_SSIS/STG_BPS_Trans_Material.dtsx","0","0","0","0","0","0","0","0","0","9","0","0","0","0","0","0","9","0","49","0","0","9","0","0","0"
"SSISDB/Development/Dev_BGADWH_SSIS/STG_BPS_Trans_Premi_Lembur_Panen.dtsx","0","0","0","0","0","0","0","0","0","0","0","0","0","0","0","0","10","0","20","0","0","10","0","0","0"
"SSISDB/Development/Dev_BGADWH_SSIS/STG_LHPP.dtsx","0","0","0","0","0","0","0","0","0","0","0","0","0","0","0","0","0","0","19","1","0","8","0","0","0"
"SSISDB/Development/Dev_BGADWH_SSIS/STG_LHPP_MAPPING.dtsx","0","0","0","0","0","0","0","0","0","7","12","0","0","0","0","0","2","0","0","0","0","6","0","0","0"
"SSISDB/Development/Dev_BGADWH_SSIS/STG_LHPP_XLS%201.dtsx","0","0","0","0","0","0","0","0","0","0","0","0","0","0","0","0","26","0","0","0","0","16","0","0","0"
"SSISDB/Development/Dev_BGADWH_SSIS/STG_LHPP_XLS.dtsx","0","0","0","0","0","0","0","0","0","0","0","0","0","0","0","0","24","0","0","0","0","14","0","0","0"
"SSISDB/Development/Dev_BGADWH_SSIS/STG_LHPP_XLS_2017.dtsx","0","0","0","0","0","0","0","0","0","0","0","0","0","0","0","0","26","0","0","0","0","16","0","0","0"
"SSISDB/Development/Dev_BGADWH_SSIS/STG_LHPP_XLS_DEV.dtsx","0","0","0","0","0","0","0","0","0","0","0","0","0","0","0","0","26","0","0","0","0","16","0","0","0"
"SSISDB/Development/Dev_BGADWH_SSIS/STG_LKP_WGSIP.dtsx","0","0","0","0","0","0","0","0","0","0","0","0","0","0","0","0","1","0","3","0","0","2","0","0","0"
"SSISDB/Development/Dev_BGADWH_SSIS/STG_PROXA.dtsx","0","0","0","0","0","0","1","0","0","0","0","0","208","0","0","0","2","0","5","2","0","3","0","0","0"
"SSISDB/Development/Dev_BGADWH_SSIS/STG_PROXA_UNITD.dtsx","0","0","0","0","0","0","0","0","0","0","0","0","0","0","0","0","1","0","5","1","0","1","0","0","0"
"SSISDB/Development/Dev_BGADWH_SSIS/STG_SAP_BSEG.dtsx","2","0","0","1","1","0","4","0","0","4","0","0","0","0","0","1","20","0","0","0","0","7","0","0","0"
"SSISDB/Development/Dev_BGADWH_SSIS/STG_SAP_KNA1.dtsx","0","0","0","0","0","0","1","0","0","0","0","0","0","0","0","0","175","0","0","0","0","2","0","0","0"
"SSISDB/Development/Dev_BGADWH_SSIS/STG_XLS_BudgeEstate.dtsx","1","0","0","0","0","0","0","0","0","0","0","0","150","0","0","0","3","0","0","3","0","4","0","0","0"
"SSISDB/Development/Dev_BGADWH_SSIS/STG_XLS_BudgetMill.dtsx","1","0","0","0","0","0","0","0","0","0","0","0","118","0","0","0","8","0","0","8","0","9","0","0","0"
"SSISDB/Development/Dev_BGADWH_SSIS/STG_XLS_BudgetTahuanMill.dtsx","0","0","0","0","0","0","0","0","0","0","0","0","0","0","0","0","1","0","0","1","0","1","0","0","0"
"SSISDB/Development/Dev_BGADWH_SSIS/STG_XLS_BudgetTahunan.dtsx","0","0","0","0","0","0","0","0","0","0","0","0","0","0","0","0","1","0","0","1","0","1","0","0","0"
"SSISDB/Development/Dev_BGADWH_SSIS/STG_XLS_Date_MS_Calender.dtsx","0","0","0","0","0","0","0","0","0","0","0","0","0","0","0","0","2","0","0","0","0","2","0","0","0"
"SSISDB/Development/Dev_BGADWH_SSIS/STG_XLS_HariLibur.dtsx","0","0","0","0","0","0","0","0","0","0","0","0","0","0","0","0","0","0","0","1","0","1","0","0","0"
"SSISDB/Development/Dev_BGADWH_SSIS/STG_XLS_HKEEstate.dtsx","0","0","0","0","0","0","0","0","0","0","0","0","0","0","0","0","1","0","0","1","0","1","0","0","0"
"SSISDB/Development/Dev_BGADWH_SSIS/STG_XLS_HKEMill.dtsx","1","0","0","0","0","0","0","0","0","0","1","0","106","0","0","0","1","0","0","1","0","3","0","0","0"
"SSISDB/Development/Dev_BGADWH_SSIS/STG_XLS_StandarMill.dtsx","0","0","0","0","0","0","0","0","0","0","0","0","0","0","0","0","0","0","0","1","0","1","0","0","0"
"SSISDB/Development/Dev_BGADWH_SSIS/STG_XLS_SupportEstate.dtsx","0","0","0","0","0","0","0","0","0","0","0","0","0","0","0","0","13","0","0","12","0","13","0","0","0"
"SSISDB/Development/Dev_BGADWH_SSIS/STG_XLS_UNIT.dtsx","0","0","0","0","0","0","0","0","0","0","0","0","0","0","0","0","0","0","0","1","0","1","0","0","0"
"SSISDB/Development/Dev_BGADWH_SSIS/wbpool.dtsx","0","0","0","0","0","0","0","0","0","0","0","0","0","0","0","0","2","0","10","2","0","2","0","0","0"
"SSISDB/Komparasi Overhead Metro/Komparasi Overhead Metro/DWH_STG_to_DWH_DM.dtsx","0","0","0","0","0","0","11","0","4","4","0","0","3","6","0","0","16","0","0","0","0","9","0","0","0"
"SSISDB/LKK Phase 2/LKK Phase 2/STG%20to%20DWH.dtsx","0","0","0","0","0","0","2","0","0","0","5","0","0","5","0","0","0","0","0","0","0","4","0","0","0"
"SSISDB/Monitoring Inputan BPS/Monitoring BPS Sparta/STG%20to%20DWH.dtsx","0","0","0","0","0","0","3","0","0","2","1","0","0","174","0","0","11","0","0","0","0","1","0","0","0"
"SSISDB/MR/SSISMR/BPS_SPB.dtsx","0","0","0","0","0","0","0","0","0","0","10","0","0","0","0","0","20","0","70","10","0","20","0","0","0"
"SSISDB/MR/SSISMR/DWH_BPS.dtsx","0","0","0","0","0","0","0","0","0","1","11","0","0","0","0","0","60","0","70","10","0","20","0","0","0"
"SSISDB/MR/SSISMR/DWH_BPS_YEAR.dtsx","40","0","0","0","0","0","0","0","0","1","11","0","0","0","0","20","40","0","70","10","0","20","0","0","0"
"SSISDB/MR/SSISMR/DWH_BPS_YEAR_ARCHIVE.dtsx","8","0","0","0","0","0","0","0","0","1","11","0","0","0","0","4","40","0","70","10","0","20","0","0","0"
"SSISDB/MR/SSISMR/DWH_BPS_YEAR_Old.dtsx","0","0","0","0","0","0","0","0","0","1","11","0","0","0","0","0","40","0","70","10","0","20","0","0","0"
"SSISDB/MR/SSISMR/DWH_BPS_YEAR_Old_Kendawangan.dtsx","4","0","0","0","0","0","0","0","0","1","11","0","0","0","0","2","40","0","70","10","0","20","0","0","0"
"SSISDB/MR/SSISMR/DWH_COAS.dtsx","0","0","0","0","0","0","0","0","0","0","1","0","0","0","0","0","1","0","0","0","0","3","0","0","0"
"SSISDB/MR/SSISMR/DWH_SAPByCompanyPeriod.dtsx","0","0","0","0","2","0","0","0","0","1","10","0","6","4","0","0","0","0","0","0","0","12","0","0","1"
"SSISDB/MR/SSISMR/DWH_SMALLERTABLES.dtsx","0","0","0","0","2","0","0","0","0","7","17","0","13","9","0","0","17","0","0","0","0","23","0","0","1"
"SSISDB/MR/SSISMR/DWH_ZVT_MSEGPF%201.dtsx","0","0","0","0","18","0","0","0","0","0","12","0","0","0","0","0","0","0","0","0","0","18","0","0","12"
"SSISDB/MR/SSISMR/DWH_ZVT_MSEGPF.dtsx","0","0","0","0","0","0","0","0","0","1","2","0","0","0","0","0","2","0","0","0","0","2","0","0","1"
"SSISDB/MR/SSISMR/DWH-COEP%201.dtsx","4","0","0","0","2","0","0","0","0","0","3","0","0","602","0","2","2","0","0","0","0","2","0","0","2"
"SSISDB/MR/SSISMR/DWH-COEP.dtsx","0","0","0","0","1","0","0","0","0","1","2","0","0","291","0","0","1","0","0","0","0","1","0","0","1"
"SSISDB/MR/SSISMR/DWH-COEPByMonth.dtsx","0","0","0","0","12","0","0","0","0","0","0","0","0","0","0","0","0","0","0","0","0","12","0","0","0"
"SSISDB/MR/SSISMR/DWH-COEPMonthlyNew.dtsx","0","0","0","0","13","0","0","0","0","0","13","0","0","3575","0","0","13","0","0","0","0","13","0","0","13"
"SSISDB/MR/SSISMR/DWH-FS.dtsx","0","0","0","0","0","0","0","0","0","1","10","0","6","4","0","0","0","0","0","0","0","6","0","0","1"
"SSISDB/MR/SSISMR/Package1.dtsx","0","0","0","0","0","0","0","0","0","0","0","0","0","0","0","0","0","0","0","0","0","1","0","0","0"
"SSISDB/MR/SSISMR/Package2.dtsx","0","0","0","0","0","0","0","0","0","0","0","0","0","0","0","0","1","0","5","0","0","0","0","0","0"
"SSISDB/MR/SSISMR/Package3.dtsx","0","0","0","0","0","0","1","0","0","0","1","0","0","0","0","0","0","0","0","0","0","0","0","0","0"
"SSISDB/MR/SSISMR/Package5.dtsx","0","0","0","0","0","0","0","0","0","0","0","0","0","0","0","0","0","0","0","0","0","0","0","0","0"
"SSISDB/MR/SSISMR/SAP_AdhocByCompany.dtsx","0","0","0","0","2","0","0","0","0","1","10","0","6","4","0","0","0","0","0","0","0","9","0","0","0"
"SSISDB/MR/SSISMR/SAP_FULL%201.dtsx","0","0","0","0","1","0","1","0","0","0","10","0","6","4","0","0","0","0","0","0","0","8","0","0","0"
"SSISDB/MR/SSISMR/SAP_FULL.dtsx","0","0","0","0","1","0","1","0","0","0","10","0","6","4","0","0","0","0","0","0","0","8","0","0","0"
"SSISDB/MR/SSISMR/SAP_INCREMENTAL.dtsx","0","0","0","0","4","0","0","0","0","0","5","0","0","0","0","0","0","0","0","0","0","6","0","0","0"
"SSISDB/Production Hilight/Production Hilight/Source%20to%20Staging.dtsx","0","0","0","0","0","0","0","0","0","0","0","0","0","465","0","0","0","0","0","0","0","2","0","0","0"
"SSISDB/Production Hilight/Production Hilight/Staging%20to%20DWH.dtsx","3","0","0","0","0","0","6","0","2","0","1","0","4","19","0","2","22","0","0","0","0","3","0","0","0"
"SSISDB/Project_Fact/Account_Reversable/FACT_AR.dtsx","0","0","0","0","0","0","6","0","0","8","0","0","0","504","0","0","0","0","0","0","0","4","0","0","0"
"SSISDB/Project_Fact/ALOKASI_DAN_ABSENSI_HK/DIM_ABSENSI.dtsx","0","0","0","0","0","0","0","0","0","0","0","0","0","0","0","0","0","0","0","0","0","1","0","0","0"
"SSISDB/Project_Fact/ALOKASI_DAN_ABSENSI_HK/FACT_ALOKASI_DAN_ABSENSI_HK.dtsx","0","0","0","0","0","0","3","0","0","6","0","0","0","282","0","0","1","0","0","0","0","3","0","0","0"
"SSISDB/Project_Fact/ALOKASI_DAN_ABSENSI_HK/FACT_PUSINGAN_PANEN_DAN_RAWAT.dtsx","0","0","0","0","0","0","4","0","0","0","0","0","0","294","0","0","0","0","0","0","0","4","0","0","0"
"SSISDB/Project_Fact/ALOKASI_DAN_ABSENSI_HK/MAPPING_ALOKASI_DAN_ABSENSI_HK.dtsx","0","0","0","0","0","0","0","0","0","0","0","0","0","0","0","0","0","0","0","0","0","2","0","0","0"
"SSISDB/Project_Fact/ANALISA_LOW_YIELD/Fact.dtsx","2","0","0","0","0","0","2","0","4","8","0","0","9","3","0","1","0","0","0","0","0","2","0","0","0"
"SSISDB/Project_Fact/ANALISA_LOW_YIELD/Master.dtsx","0","0","0","0","0","0","0","0","0","0","0","0","0","0","0","0","0","0","0","0","0","3","0","0","0"
"SSISDB/Project_Fact/ANALISA_LOW_YIELD/Upload.dtsx","0","0","0","1","0","0","0","0","0","0","0","0","0","0","0","0","0","0","0","0","0","1","0","0","0"
"SSISDB/Project_Fact/AP_AGING_PROJECT/Ap_Aging.dtsx","0","0","0","0","0","0","0","0","0","0","0","0","0","0","0","0","0","0","0","0","0","1","0","0","0"
"SSISDB/Project_Fact/Audit HO/STG%20Audit.dtsx","0","0","0","0","0","0","0","0","0","0","0","0","0","0","0","0","0","0","0","0","0","1","0","0","0"
"SSISDB/Project_Fact/AWL/AWL_Warning.dtsx","0","0","0","0","0","0","1","0","0","1","0","0","0","0","0","0","10","0","0","0","0","1","0","0","0"
"SSISDB/Project_Fact/AWL/Fact.dtsx","0","0","0","0","0","0","0","0","0","1","0","0","0","0","0","0","0","0","0","0","0","2","0","0","0"
"SSISDB/Project_Fact/AWL/Staging.dtsx","0","0","0","1","0","0","0","0","0","0","0","0","0","0","0","0","0","0","0","0","0","3","0","0","0"
"SSISDB/Project_Fact/AWS/DIM_AWS_ID.dtsx","0","0","0","0","0","0","0","0","0","0","0","0","0","0","0","0","0","0","0","0","0","1","0","0","0"
"SSISDB/Project_Fact/AWS/FACT_AWS.dtsx","0","0","0","0","0","0","3","0","0","5","0","0","24","670","0","0","5","0","0","0","0","6","0","0","0"
"SSISDB/Project_Fact/Bearer_Plant/DWH_DIM_BEARER_PLANT.dtsx","0","0","0","0","0","0","0","0","0","0","0","0","0","0","0","0","9","0","0","0","0","1","0","0","0"
"SSISDB/Project_Fact/Bearer_Plant/DWH_FACT_BEARER_PLANT_SUMMARIZE.dtsx","0","4","0","0","0","0","2","0","0","0","0","0","0","137","0","0","12","0","0","0","0","3","0","0","0"
"SSISDB/Project_Fact/Bearer_Plant/DWH_FACT_BEARER_PLANT_SUMMARIZE_Excel.dtsx","9","2","0","0","0","0","0","0","0","4","3","0","194","210","0","7","18","0","0","0","0","2","0","0","0"
"SSISDB/Project_Fact/Bearer_Plant/DWH_FACT_BP_COEP.dtsx","2","2","0","0","0","0","0","0","0","1","1","0","0","0","0","1","12","0","0","0","0","1","0","0","0"
"SSISDB/Project_Fact/Bearer_Plant/DWH_FACT_BP_Excel_Manual_Upload.dtsx","4","1","0","0","0","0","0","0","0","0","0","0","248","518","0","2","91","0","0","0","0","1","0","0","0"
"SSISDB/Project_Fact/Bearer_Plant/DWH_FACT_BP_Excel_Manual_Upload_Initial.dtsx","4","1","0","0","0","0","0","0","0","0","0","0","248","518","0","2","91","0","0","0","0","1","0","0","0"
"SSISDB/Project_Fact/Bearer_Plant/DWH_FACT_BP_FAGLFLEXT.dtsx","2","3","0","0","0","0","2","0","0","3","0","0","2","528","0","1","86","0","0","0","0","1","0","0","0"
"SSISDB/Project_Fact/Bearer_Plant/DWH_FACT_BP_FAGLFLEXT_Initial.dtsx","2","3","0","0","0","0","2","0","0","0","0","0","2","528","0","1","86","0","0","0","0","1","0","0","0"
"SSISDB/Project_Fact/Bearer_Plant/DWH_FACT_BP_ZVT_MSEGPF.dtsx","13","8","0","0","0","0","0","0","0","1","1","0","0","443","0","10","44","0","0","0","0","1","0","0","0"
"SSISDB/Project_Fact/Bearer_Plant/Generate%20MTD.dtsx","0","0","0","0","0","0","0","0","0","1","1","0","2","0","0","0","0","0","0","0","0","0","0","0","0"
"SSISDB/Project_Fact/Bearer_Plant/Generate%20YTD.dtsx","0","0","0","0","0","0","0","0","0","0","0","0","0","0","0","0","0","0","0","0","0","0","0","0","0"
"SSISDB/Project_Fact/Bearer_Plant/Group_Pipeline_Fact_Bearer_Plant.dtsx","0","0","0","0","0","0","0","0","0","1","1","0","2","0","0","0","0","0","0","0","0","0","12","0","0"
"SSISDB/Project_Fact/Bearer_Plant_Consol/DWH_DIM_BEARER_PLANT_ELIM.dtsx","0","0","0","0","0","0","0","0","0","0","0","0","0","0","0","0","2","0","0","0","0","1","0","0","0"
"SSISDB/Project_Fact/Bearer_Plant_Consol/DWH_DIM_COMPANY_SELECTION.dtsx","0","0","0","0","0","0","1","0","0","0","0","0","0","0","0","0","2","0","0","0","0","1","0","0","0"
"SSISDB/Project_Fact/Bearer_Plant_Consol/DWH_FACT_AMS_CONSOL.dtsx","11","2","0","0","0","0","0","0","0","1","0","0","252","0","0","7","15","0","0","0","0","1","0","0","0"
"SSISDB/Project_Fact/Bearer_Plant_Consol/DWH_FACT_BAL_CONSOL.dtsx","11","2","0","0","0","0","0","0","0","2","0","0","150","0","0","7","14","0","0","0","0","1","0","0","0"
"SSISDB/Project_Fact/Bearer_Plant_Consol/DWH_FACT_BEARER_PLANT_CONSOL.dtsx","0","0","0","0","0","0","0","0","0","1","1","0","0","0","0","0","1","0","0","0","0","1","0","0","0"
"SSISDB/Project_Fact/Bearer_Plant_Consol/DWH_FACT_BGA_CONSOL.dtsx","19","4","0","0","0","0","0","0","0","6","0","0","554","0","0","15","27","0","0","0","0","1","0","0","0"
"SSISDB/Project_Fact/Bearer_Plant_Consol/DWH_FACT_BSL_CONSOL.dtsx","16","4","0","0","0","0","0","0","0","4","1","0","536","0","0","12","27","0","0","0","0","1","0","0","0"
"SSISDB/Project_Fact/Bearer_Plant_Consol/DWH_FACT_GKS_CONSOL.dtsx","10","2","0","0","0","0","0","0","0","1","0","0","160","0","0","6","15","0","0","0","0","1","0","0","0"
"SSISDB/Project_Fact/Bearer_Plant_Consol/DWH_FACT_ISL_CONSOL.dtsx","10","2","0","0","0","0","0","0","0","1","0","0","200","0","0","6","15","0","0","0","0","1","0","0","0"
"SSISDB/Project_Fact/Bearer_Plant_Consol/DWH_FACT_KMB_CONSOL.dtsx","10","2","0","0","0","0","0","0","0","1","0","0","160","0","0","6","15","0","0","0","0","1","0","0","0"
"SSISDB/Project_Fact/Bearer_Plant_Consol/DWH_FACT_LGI_CONSOL.dtsx","10","2","0","0","0","0","0","0","0","1","0","0","200","0","0","6","15","0","0","0","0","1","0","0","0"
"SSISDB/Project_Fact/Bearer_Plant_Consol/DWH_FACT_SMS_CONSOL.dtsx","10","2","0","0","0","0","0","0","0","1","0","0","160","0","0","6","15","0","0","0","0","1","0","0","0"
"SSISDB/Project_Fact/Bearer_Plant_Consol/Group_Pipeline_Bearer_Plant_Consol_1.dtsx","0","0","0","0","0","0","0","0","0","0","0","0","0","0","0","0","0","0","0","0","0","0","10","0","0"
"SSISDB/Project_Fact/Bearer_Plant_Consol/Group_Pipeline_Bearer_Plant_Consol_2.dtsx","0","0","0","0","0","0","0","0","0","0","0","0","0","0","0","0","0","0","0","0","0","0","4","0","0"
"SSISDB/Project_Fact/Bearer_Plant_Consol/Group_Pipeline_Dim_Bearer_Plant_Consol.dtsx","0","0","0","0","0","0","0","0","0","0","0","0","0","0","0","0","0","0","0","0","0","0","4","0","0"
"SSISDB/Project_Fact/Bearer_Plant_Consol/Group_Pipeline_Fact_Bearer_Plant_Consol.dtsx","0","0","0","0","0","0","0","0","0","0","0","0","0","0","0","0","0","0","0","0","0","0","24","0","0"
"SSISDB/Project_Fact/BIAYA_UMUM_PER_COST_ELEMENT/Dimensi%20Biaya%20Umum.dtsx","0","0","0","0","0","0","0","0","0","0","0","0","0","0","0","0","0","0","0","0","0","1","0","0","0"
"SSISDB/Project_Fact/BIAYA_UMUM_PER_COST_ELEMENT/Fact%20Biaya%20Umum.dtsx","0","0","0","0","0","0","2","0","0","4","0","0","1","240","0","0","9","0","0","0","0","2","0","0","0"
"SSISDB/Project_Fact/BIAYA_UMUM_PER_COST_ELEMENT/Mapping%20Biaya%20Umum%20per%20Komponen.dtsx","0","0","0","1","0","0","0","0","0","0","0","0","0","0","0","0","0","0","0","0","0","3","0","0","0"
"SSISDB/Project_Fact/Blok Manuring System/DIM_BMS.dtsx","0","0","0","0","0","0","1","0","0","0","0","0","0","11","0","0","0","0","0","0","0","1","0","0","0"
"SSISDB/Project_Fact/Blok Manuring System/FACT_BJR.dtsx","0","0","0","0","0","0","2","0","0","2","0","0","0","2","0","0","0","0","0","0","0","2","0","0","0"
"SSISDB/Project_Fact/Blok Manuring System/FACT_BMS.dtsx","0","0","0","0","0","0","1","0","2","0","0","0","6","8","0","0","0","0","0","0","0","1","0","0","0"
"SSISDB/Project_Fact/Blok Manuring System/STG_BMS.dtsx","0","0","0","0","0","0","0","0","0","0","0","0","0","0","0","0","0","0","0","0","0","1","0","0","0"
"SSISDB/Project_Fact/CIVIL_ENGINEERING_PROJECT/FACT_CIVIL_ENGINEERING.dtsx","0","4","0","0","0","0","2","0","6","24","12","0","732","14","0","0","2","0","0","0","0","6","0","0","0"
"SSISDB/Project_Fact/Closing Payroll New/Closing%20Payroll%20New.dtsx","0","0","0","0","0","0","0","0","0","7","0","0","0","4","0","0","0","0","0","0","0","2","0","0","0"
"SSISDB/Project_Fact/Closing Ranking Payroll/Closing%20Ranking%20Payroll.dtsx","0","0","0","0","0","0","0","0","0","0","0","0","0","3","0","0","0","0","0","0","0","3","0","0","0"
"SSISDB/Project_Fact/Closing Ranking Payroll/Payroll%20Final.dtsx","0","0","0","0","0","0","0","0","0","0","0","0","0","243","0","0","0","0","0","0","0","4","0","0","0"
"SSISDB/Project_Fact/COST_ELEMENT_PROJECT/FACT_COST_ELEMENT.dtsx","12","1","0","0","0","0","1","0","26","16","0","0","5","194","0","9","0","0","0","0","0","3","0","0","0"
"SSISDB/Project_Fact/COST_ELEMENT_PROJECT/FACT_COST_ELEMENT_RATE.dtsx","0","0","0","0","0","0","0","0","8","0","1","0","0","246","0","0","16","0","0","0","0","4","0","0","0"
"SSISDB/Project_Fact/COST_ELEMENT_PROJECT/INSERT%20MAPPING.dtsx","0","0","0","1","0","0","0","0","0","0","0","0","0","0","0","0","0","0","0","0","0","2","0","0","0"
"SSISDB/Project_Fact/DAILY_DASHBOARD_PROJECT/FACT_AREAL_STATEMENT_BLOCK.dtsx","0","0","0","0","0","0","16","0","0","0","0","0","0","0","0","0","45","0","0","0","0","1","0","0","0"
"SSISDB/Project_Fact/DAILY_DASHBOARD_PROJECT/FACT_DD_HARVESTING_MANAGEMENT_DTL.dtsx","4","0","0","0","0","0","1","0","1","0","5","0","2","322","0","2","0","0","0","0","0","8","0","0","0"
"SSISDB/Project_Fact/DAILY_DASHBOARD_PROJECT/FACT_DD_SUMMARY.dtsx","0","0","0","0","0","0","0","0","0","18","20","0","0","1770","0","0","0","0","0","0","0","5","0","0","0"
"SSISDB/Project_Fact/DAILY_DASHBOARD_PROJECT/FACT_DD_TBS.dtsx","2","0","0","0","0","0","35","0","5","7","5","0","2","202","0","1","76","0","0","0","0","5","0","0","0"
"SSISDB/Project_Fact/DAILY_DASHBOARD_PROJECT/STG_DAILY_DASHBOARD.dtsx","0","0","0","0","0","0","0","0","0","0","0","0","0","0","0","0","0","0","0","0","0","2","0","0","0"
"SSISDB/Project_Fact/DAILY_DASHBOARD_PROJECT/STG_HARVESTING_MANAGEMENT.dtsx","0","0","0","0","0","0","0","0","0","0","0","0","0","0","0","0","0","0","0","0","0","3","0","0","0"
"SSISDB/Project_Fact/DAILY_DASHBOARD_PROJECT/STG_OPERATIONAL_HOLIDAY.dtsx","0","0","0","1","0","0","0","0","0","0","0","0","0","0","0","0","0","0","0","0","0","1","0","0","0"
"SSISDB/Project_Fact/DAILY_DASHBOARD_PROJECT/STG_TBS_EXTERNAL.dtsx","0","0","0","0","0","0","0","0","0","2","0","0","0","0","0","0","0","0","0","0","0","3","0","0","0"
"SSISDB/Project_Fact/DAILY_OPERATION/FACT_DAILY_OPR.dtsx","0","0","0","0","0","0","10","0","8","25","1","0","497","581","0","0","0","0","0","0","0","8","0","0","0"
"SSISDB/Project_Fact/DAILY_OPERATION/FACT_DAILY_OPR_FFB.dtsx","0","0","0","0","0","0","1","0","1","2","0","0","36","9","0","0","0","0","0","0","0","1","0","0","0"
"SSISDB/Project_Fact/DAILY_OPERATION/MAPPING_SORTING.dtsx","0","0","0","0","0","0","0","0","0","0","0","0","0","0","0","0","0","0","0","0","0","1","0","0","0"
"SSISDB/Project_Fact/DAILY_OPERATION/MAPPING_USER.dtsx","0","0","0","0","0","0","0","0","0","0","0","0","0","0","0","0","0","0","0","0","0","1","0","0","0"
"SSISDB/Project_Fact/DASHBARD_PAYROLL_PROJECT/DIMENSI_FOR_FACT_PAYROLL.dtsx","0","0","0","0","1","0","0","0","0","0","0","0","0","0","0","0","0","0","0","0","0","3","0","0","0"
"SSISDB/Project_Fact/DASHBARD_PAYROLL_PROJECT/FACT_PAYROLL.dtsx","0","0","0","0","0","0","0","0","9","5","2","0","22","1732","0","0","0","0","0","3","0","9","0","0","0"
"SSISDB/Project_Fact/DASHBARD_PAYROLL_PROJECT/INSERT_MAPPING.dtsx","0","0","0","1","0","0","0","0","0","0","0","0","0","0","0","0","2","0","0","0","0","3","0","0","0"
"SSISDB/Project_Fact/DASHBOARD_STOCK/FACT_STOCK_MANAGEMENT.dtsx","0","0","0","0","0","0","0","0","0","2","0","0","0","8","0","0","0","0","0","0","0","1","0","0","0"
"SSISDB/Project_Fact/Docket Jangkos Kompos/FACT_DOCKET.dtsx","0","0","0","0","0","0","2","0","0","4","0","0","0","1","0","0","0","0","0","0","0","2","0","0","0"
"SSISDB/Project_Fact/DPCOLLECTION_PROJECT/Fact_DP_Collection.dtsx","6","0","0","0","0","0","1","0","0","0","0","0","0","74","0","3","4","0","0","0","0","4","0","0","0"
"SSISDB/Project_Fact/DWH_COST_PERHECTAR/Fact.dtsx","0","1","0","0","0","0","0","0","6","2","0","0","4","407","0","0","36","0","0","0","0","1","0","0","0"
"SSISDB/Project_Fact/DWH_GIP/Dimensi.dtsx","0","0","0","0","0","0","1","0","0","0","0","0","0","0","0","0","0","0","0","0","0","4","0","0","0"
"SSISDB/Project_Fact/DWH_GIP/Fact%20Backup.dtsx","0","0","0","0","0","0","0","0","0","0","0","0","0","283","0","0","0","0","0","0","0","2","0","0","0"
"SSISDB/Project_Fact/DWH_GIP/Fact.dtsx","0","0","0","0","0","0","0","0","0","2","0","0","0","11","0","0","0","0","0","0","0","7","0","0","0"
"SSISDB/Project_Fact/DWH_GIP/Staging.dtsx","0","0","0","1","0","0","0","0","0","0","0","0","0","0","0","0","0","0","0","0","0","1","0","0","0"
"SSISDB/Project_Fact/DWH_GRADING_TBS/Fact.dtsx","0","0","0","0","0","0","0","0","0","0","0","0","0","0","0","0","0","0","0","0","0","1","0","0","0"
"SSISDB/Project_Fact/DWH_GRADING_TBS/Staging.dtsx","0","0","0","1","0","0","0","0","0","0","0","0","0","0","0","0","0","0","5","0","0","1","0","0","0"
"SSISDB/Project_Fact/DWH_LHM/Fact%20Rekap.dtsx","0","0","0","0","0","0","0","0","0","2","0","0","0","0","0","0","0","0","0","0","0","1","0","0","0"
"SSISDB/Project_Fact/DWH_LKK_PROJECT_NEW/COPY_FILE_PROCESS_DATA.dtsx","0","0","0","0","0","0","0","0","0","0","0","0","0","0","0","0","0","0","0","0","0","0","0","0","0"
"SSISDB/Project_Fact/DWH_LKK_PROJECT_NEW/DWH-COEP.dtsx","2","0","0","0","1","0","0","0","0","1","2","0","0","301","0","1","1","0","0","0","0","1","0","0","1"
"SSISDB/Project_Fact/DWH_LKK_PROJECT_NEW/FACT_INVESTASI_BIAYA_TANAMAN.dtsx","0","0","0","0","0","0","0","0","0","3","0","0","0","203","0","0","1","0","0","0","0","1","0","0","0"
"SSISDB/Project_Fact/DWH_LKK_PROJECT_NEW/FACT_LKK%201.dtsx","4","0","0","0","0","0","0","0","24","6","0","0","13","1048","12","2","6","0","0","0","0","6","0","0","0"
"SSISDB/Project_Fact/DWH_LKK_PROJECT_NEW/FACT_LKK.dtsx","6","0","0","0","0","0","2","0","28","44","0","0","18","2877","32","3","22","0","0","0","0","12","0","0","0"
"SSISDB/Project_Fact/DWH_LKK_PROJECT_NEW/FACT_LKK_BIAYA_UPAH_PANEN_PENGENDALIAN_GULMA.dtsx","0","0","0","0","0","0","0","0","0","0","0","3","0","2","0","0","0","0","0","0","0","1","0","0","0"
"SSISDB/Project_Fact/DWH_LKK_PROJECT_NEW/FEED_DATA.dtsx","0","0","0","0","0","0","0","0","0","0","0","0","0","0","0","0","10","0","0","0","0","5","0","0","0"
"SSISDB/Project_Fact/DWH_LKK_PROJECT_NEW/INSERT_MAPPING_BIAYA_TANAMAN.dtsx","0","1","0","0","0","0","0","0","3","7","3","0","0","674","3","0","5","0","0","0","0","8","0","0","0"
"SSISDB/Project_Fact/DWH_LKK_PROJECT_NEW/MANUAL%20UPLOAD.dtsx","0","0","0","1","0","0","0","0","0","0","0","0","0","193","0","0","0","0","0","0","0","1","0","0","0"
"SSISDB/Project_Fact/DWH_PLASMA_GAPOKTAN/Fact.dtsx","0","0","0","0","0","0","0","0","0","48","0","0","0","1425","19","0","0","0","0","0","0","3","0","0","0"
"SSISDB/Project_Fact/DWH_PLASMA_GAPOKTAN/Staging.dtsx","0","0","0","1","0","0","0","0","0","0","0","0","0","0","0","0","0","0","0","0","0","1","0","0","0"
"SSISDB/Project_Fact/DWH_POWER_MONITORING/Fact.dtsx","0","0","0","0","0","0","0","0","0","0","0","0","2","2","0","0","0","0","0","0","0","1","0","0","0"
"SSISDB/Project_Fact/DWH_POWER_MONITORING/Master.dtsx","0","0","0","1","0","0","0","0","0","0","0","0","0","0","0","0","0","0","0","0","0","1","0","0","0"
"SSISDB/Project_Fact/DWH_SIGAP/DIM_SIGAP.dtsx","0","0","0","0","0","0","0","0","0","0","0","0","0","0","0","0","0","0","0","0","0","8","0","0","0"
"SSISDB/Project_Fact/DWH_SIGAP/FACT_SIGAP.dtsx","0","0","0","0","0","0","0","0","0","6","17","0","0","291","0","0","0","0","0","0","0","1","0","0","0"
"SSISDB/Project_Fact/DWH_SIGAP/INJECT_HISTORIS_DATA.dtsx","0","0","0","0","0","0","0","0","0","0","0","0","0","0","0","0","0","0","0","0","0","0","0","0","0"
"SSISDB/Project_Fact/DWH_SMALLER_FACT/CHECK_QUERY_DATA.dtsx","0","0","0","0","0","0","0","0","0","0","0","0","0","0","0","0","0","0","0","0","0","0","0","0","0"
"SSISDB/Project_Fact/DWH_SMALLER_FACT/FACT_COST_TO_MATURITY.dtsx","0","0","0","0","0","0","0","0","2","1","0","0","0","1","0","0","0","0","0","0","0","2","0","0","0"
"SSISDB/Project_Fact/DWH_SMALLER_FACT/FACT_DAILY_RELEASE_MCM.dtsx","0","0","0","0","0","0","0","0","0","0","0","0","0","0","0","0","0","0","0","0","0","4","0","0","0"
"SSISDB/Project_Fact/DWH_SMALLER_FACT/FACT_MONITORING_CAPEX.dtsx","0","0","0","0","0","0","0","0","0","0","2","0","0","0","0","0","0","0","0","0","0","5","0","0","0"
"SSISDB/Project_Fact/DWH_SMALLER_FACT/FACT_STOCK_AREA.dtsx","0","0","0","0","0","0","0","0","0","0","0","0","0","1","0","0","0","0","0","0","0","1","0","0","0"
"SSISDB/Project_Fact/DWH_SMALLER_FACT/STAGING_STOCK_AREA_ECC0.dtsx","2","0","0","0","0","0","0","0","0","0","0","0","0","0","0","1","1","0","0","0","0","1","0","0","0"
"SSISDB/Project_Fact/DWH_SMALLER_FACT/STAGING_STOCK_AREA_EHP8.dtsx","2","0","0","0","0","0","0","0","0","0","0","0","0","0","0","1","1","0","0","0","0","1","0","0","0"
"SSISDB/Project_Fact/DWH_SUSTAINIBILITY/FACT%20INDEX%20SUSTAINIBILITY.dtsx","0","0","0","0","0","0","1","0","0","0","0","0","0","0","0","0","0","0","0","0","0","1","0","0","0"
"SSISDB/Project_Fact/DWH_SUSTAINIBILITY/FACT%20KECELAKAAN%20KERJA.dtsx","0","0","0","0","0","0","0","0","10","2","2","0","80","1941","0","0","9","0","0","0","0","8","0","0","0"
"SSISDB/Project_Fact/DWH_SUSTAINIBILITY/FACT%20KECELAKAAN%20KERJA_BACKUP.dtsx","0","0","0","0","0","0","0","0","10","0","1","0","80","1438","0","0","5","0","0","0","0","8","0","0","0"
"SSISDB/Project_Fact/DWH_SUSTAINIBILITY/FACT%20TENAGA%20KERJA.dtsx","0","0","0","0","0","0","0","0","0","0","0","0","8","236","0","0","4","0","0","0","0","1","0","0","0"
"SSISDB/Project_Fact/DWH_SUSTAINIBILITY/STAGING.dtsx","2","0","0","1","0","0","0","0","0","0","0","0","330","345","0","1","3","0","0","0","0","4","0","0","0"
"SSISDB/Project_Fact/DWH_SUSTAINIBILITY/UPLOAD.dtsx","0","0","0","1","0","0","0","0","0","0","0","0","0","0","0","0","0","0","0","0","0","1","0","0","0"
"SSISDB/Project_Fact/DWH_TRAKSI/FACT_LHT_AB.dtsx","0","0","0","0","0","0","1","0","3","0","0","0","0","0","0","0","0","0","0","0","0","1","0","0","0"
"SSISDB/Project_Fact/DWH_TRAKSI/FACT_TRAKSI_LHT.dtsx","0","0","0","0","0","0","0","0","2","3","1","0","1","0","0","0","0","0","0","0","0","2","0","0","0"
"SSISDB/Project_Fact/DWH_TRAKSI/STG_TRAKSI.dtsx","0","0","0","1","0","0","0","0","0","0","0","0","0","0","0","0","0","0","0","0","0","1","0","0","0"
"SSISDB/Project_Fact/DWH_TRAKSI/STG_TRAKSI_LHT.dtsx","0","0","0","1","0","0","0","0","0","0","0","0","138","0","0","0","0","0","0","0","0","4","0","0","0"
"SSISDB/Project_Fact/DWH_TURNOVER_BGA/Fact%20Detail%20Non%20Staff.dtsx","0","0","0","0","0","0","2","0","2","5","3","0","0","533","0","0","2","0","0","0","0","2","0","0","0"
"SSISDB/Project_Fact/DWH_TURNOVER_BGA/Fact%20Detail.dtsx","0","0","0","0","0","0","1","0","0","1","0","0","1","0","0","0","2","0","0","0","0","3","0","0","0"
"SSISDB/Project_Fact/DWH_TURNOVER_BGA/Fact%20Rekap%20Non%20Staff.dtsx","0","0","0","0","0","0","0","0","1","0","1","0","1","0","0","0","0","0","0","0","0","1","0","0","0"
"SSISDB/Project_Fact/DWH_TURNOVER_BGA/Fact%20Rekap.dtsx","6","0","0","0","0","0","4","0","2","2","2","0","0","1","0","4","0","0","0","0","0","1","0","0","0"
"SSISDB/Project_Fact/DWH_TURNOVER_BGA/Staging%20Non%20Staff.dtsx","0","0","0","1","0","0","0","0","0","0","0","0","0","0","0","0","0","0","0","0","0","2","0","0","0"
"SSISDB/Project_Fact/DWH_TURNOVER_BGA/Staging.dtsx","0","0","0","1","0","0","0","0","0","0","0","0","0","0","0","0","2","0","0","0","0","11","0","0","0"
"SSISDB/Project_Fact/DWH_TURNOVER_NON_STAFF_BGA/Fact%20Detail%20Non%20Staff.dtsx","0","0","0","0","0","0","2","0","2","5","3","0","0","533","0","0","2","0","0","0","0","2","0","0","0"
"SSISDB/Project_Fact/DWH_TURNOVER_NON_STAFF_BGA/Fact%20Detail.dtsx","0","0","0","0","0","0","1","0","0","1","0","0","1","0","0","0","2","0","0","0","0","3","0","0","0"
"SSISDB/Project_Fact/DWH_TURNOVER_NON_STAFF_BGA/Fact%20Rekap%20Non%20Staff.dtsx","0","0","0","0","0","0","0","0","1","0","1","0","1","0","0","0","0","0","0","0","0","1","0","0","0"
"SSISDB/Project_Fact/DWH_TURNOVER_NON_STAFF_BGA/Fact%20Rekap.dtsx","6","0","0","0","0","0","4","0","2","2","2","0","0","1","0","4","0","0","0","0","0","1","0","0","0"
"SSISDB/Project_Fact/DWH_TURNOVER_NON_STAFF_BGA/Staging%20Non%20Staff.dtsx","0","0","0","1","0","0","0","0","0","0","0","0","0","0","0","0","0","0","0","0","0","3","0","0","0"
"SSISDB/Project_Fact/DWH_TURNOVER_NON_STAFF_BGA/Staging.dtsx","0","0","0","1","0","0","0","0","0","0","0","0","0","0","0","0","2","0","0","0","0","11","0","0","0"
"SSISDB/Project_Fact/DWH_TURNOVER_NON_STAFF_BGA/Upload%20Historis%20Non%20Staff.dtsx","0","0","0","0","0","0","0","0","0","0","0","0","0","1126","0","0","8","0","0","0","0","2","0","0","0"
"SSISDB/Project_Fact/End to END CAPEX/Excel%20to%20STG.dtsx","0","0","0","0","0","0","0","0","0","0","0","0","0","0","0","0","0","0","0","0","0","3","0","0","0"
"SSISDB/Project_Fact/End to END CAPEX/STG%20to%20DWH.dtsx","0","0","0","0","0","0","3","0","0","0","0","0","1","1","0","0","11","0","0","0","0","1","0","0","0"
"SSISDB/Project_Fact/ESTATE_MILL_COST_PROJECT/FACT_ESTATE_MILL_COST.dtsx","8","0","0","0","0","0","2","0","12","0","0","0","0","940","71","6","24","0","0","0","0","8","0","0","0"
"SSISDB/Project_Fact/ESTATE_MILL_COST_PROJECT/INSERT_REPORT_LEVEL_ESTATE_MILL.dtsx","0","0","0","0","0","0","0","0","0","0","0","0","0","0","0","0","1","0","0","0","0","1","0","0","0"
"SSISDB/Project_Fact/FS/DWH_DIM_COMPANY.dtsx","0","0","0","0","0","0","0","0","0","0","0","0","0","0","0","0","0","0","0","0","0","1","0","0","0"
"SSISDB/Project_Fact/FS/DWH_DIM_LEVEL_BS.dtsx","0","0","0","0","0","0","0","0","0","0","0","0","0","0","0","0","24","0","0","0","0","1","0","0","0"
"SSISDB/Project_Fact/FS/DWH_DIM_LEVEL_PL.dtsx","0","0","0","0","0","0","0","0","0","0","0","0","0","0","0","0","24","0","0","0","0","1","0","0","0"
"SSISDB/Project_Fact/FS/DWH_DIM_SUB_LEVEL_BS.dtsx","0","0","0","0","0","0","0","0","0","0","0","0","0","0","0","0","14","0","0","0","0","1","0","0","0"
"SSISDB/Project_Fact/FS/DWH_FACT_FS_BALL.dtsx","2","0","0","0","0","0","0","0","0","0","0","0","0","0","0","1","6","0","0","0","0","1","0","0","0"
"SSISDB/Project_Fact/FS/DWH_FACT_FS_BS_Additions.dtsx","0","8","0","0","0","0","0","0","0","1","1","0","0","285","0","0","10","0","0","0","0","1","0","0","0"
"SSISDB/Project_Fact/FS/DWH_FACT_FS_BS_BSIK_BSID_BSAK_BSAD_Looping.dtsx","11","6","0","0","0","0","0","0","0","2","2","0","0","1177","0","6","68","0","0","0","0","1","0","0","0"
"SSISDB/Project_Fact/FS/DWH_FACT_FS_BS_Excel_Manual_Upload%201.dtsx","4","1","0","0","0","0","0","0","0","0","0","0","146","1128","0","2","193","0","0","0","0","1","0","0","0"
"SSISDB/Project_Fact/FS/DWH_FACT_FS_BS_Excel_Manual_Upload.dtsx","4","1","0","0","0","0","0","0","0","0","0","0","146","1128","0","2","193","0","0","0","0","1","0","0","0"
"SSISDB/Project_Fact/FS/DWH_FACT_FS_BS_FAGLFLEXT.dtsx","8","5","0","0","0","0","3","0","0","3","0","0","3","1710","0","4","370","0","0","0","0","1","0","0","0"
"SSISDB/Project_Fact/FS/DWH_FACT_FS_BS_FAGLFLEXT_V2.dtsx","4","4","0","0","0","0","1","0","0","1","0","0","1","1190","0","2","220","0","0","0","0","1","0","0","0"
"SSISDB/Project_Fact/FS/DWH_FACT_FS_BS_FAGLFLEXT_V3.dtsx","6","3","0","0","0","0","2","0","0","1","0","0","1","0","0","3","16","0","0","0","0","1","0","0","0"
"SSISDB/Project_Fact/FS/DWH_FACT_FS_BS_LIABILITIES_STOCK_HOLDERS_EQUITY.dtsx","0","1","0","0","0","0","0","0","0","0","0","0","0","0","0","0","4","0","0","0","0","1","0","0","0"
"SSISDB/Project_Fact/FS/DWH_FACT_FS_BS_MR_DWH_ReportFact.dtsx","0","1","0","0","0","0","1","0","0","1","2","0","0","0","0","0","14","0","0","0","0","1","0","0","0"
"SSISDB/Project_Fact/FS/DWH_FACT_FS_BS_SUMMARIZE.dtsx","0","3","0","0","0","0","0","0","0","0","0","0","0","138","0","0","2","0","0","0","0","1","0","0","0"
"SSISDB/Project_Fact/FS/DWH_FACT_FS_BS_SUMMARIZE_V2.dtsx","10","23","0","0","0","0","0","0","0","0","0","0","0","726","0","7","42","0","0","0","0","1","0","0","0"
"SSISDB/Project_Fact/FS/DWH_FACT_FS_BS_SUMMARIZE_V3.dtsx","3","10","0","0","0","0","0","0","0","0","0","0","0","341","0","2","20","0","0","0","0","1","0","0","0"
"SSISDB/Project_Fact/FS/DWH_FACT_FS_BS_SUMMARIZE_V4.dtsx","0","2","0","0","0","0","0","0","0","0","0","0","0","109","0","0","6","0","0","0","0","1","0","0","0"
"SSISDB/Project_Fact/FS/DWH_FACT_FS_PL_BSIS_BSID_BSAD.dtsx","2","2","0","0","0","0","1","0","0","2","0","0","0","2","0","1","14","0","0","0","0","1","0","0","0"
"SSISDB/Project_Fact/FS/DWH_FACT_FS_PL_BSIS_BSID_BSAD_KNA.dtsx","2","2","0","0","0","0","1","0","0","3","1","0","0","2","0","1","14","0","0","0","0","1","0","0","0"
"SSISDB/Project_Fact/FS/DWH_FACT_FS_PL_COEP.dtsx","2","2","0","0","0","0","1","0","0","1","1","0","0","648","0","1","92","0","0","0","0","1","0","0","0"
"SSISDB/Project_Fact/FS/DWH_FACT_FS_PL_Cost%20of%20Goods%20Manufactured.dtsx","0","1","0","0","0","0","0","0","0","0","0","0","0","0","0","0","10","0","0","0","0","1","0","0","0"
"SSISDB/Project_Fact/FS/DWH_FACT_FS_PL_FAGLFLEXT.dtsx","2","1","0","0","0","0","1","0","0","2","1","0","1","0","0","1","16","0","0","0","0","1","0","0","0"
"SSISDB/Project_Fact/FS/DWH_FACT_FS_PL_Gross_Profit.dtsx","3","0","0","0","0","0","0","0","0","0","2","0","0","0","0","2","4","0","0","0","0","1","0","0","0"
"SSISDB/Project_Fact/FS/DWH_FACT_FS_PL_MR_DWH_ReportDetailFact.dtsx","0","0","0","0","0","0","1","0","0","0","0","0","0","0","0","0","14","0","0","0","0","1","0","0","0"
"SSISDB/Project_Fact/FS/DWH_FACT_FS_PL_MR_DWH_ReportDetailFact_Administrative.dtsx","9","4","0","0","0","0","0","0","0","1","1","0","0","0","0","8","56","0","0","0","0","1","0","0","0"
"SSISDB/Project_Fact/FS/DWH_FACT_FS_PL_MR_DWH_ReportFact.dtsx","0","15","0","0","0","0","1","0","0","0","1","0","0","2232","0","0","334","0","0","0","0","1","0","0","0"
"SSISDB/Project_Fact/FS/DWH_FACT_FS_PL_Operating%20Expense_Income.dtsx","4","0","0","0","0","0","0","0","0","0","0","0","0","181","0","3","6","0","0","0","0","1","0","0","0"
"SSISDB/Project_Fact/FS/DWH_FACT_FS_PL_SUMMARIZE.dtsx","0","3","0","0","0","0","0","0","0","0","0","0","0","138","0","0","2","0","0","0","0","1","0","0","0"
"SSISDB/Project_Fact/FS/DWH_FACT_FS_PL_ZTA_MMR_SD003R.dtsx","2","2","0","0","0","0","1","0","0","0","0","0","0","392","0","1","4","0","0","0","0","1","0","0","0"
"SSISDB/Project_Fact/FS/DWH_FACT_FS_PL_ZTA_MMR_SD003R_KNA.dtsx","2","2","0","0","0","0","1","0","0","1","1","0","0","270","0","1","4","0","0","0","0","1","0","0","0"
"SSISDB/Project_Fact/FS/DWH_Pre_FACT_FS_PL_MR_DWH_ReportDetailFact_Administrative.dtsx","4","2","0","0","0","0","1","0","4","1","1","0","0","221","6","2","17","0","0","0","0","1","0","0","0"
"SSISDB/Project_Fact/FS/Group_Pipeline_Fact_FS_BS.dtsx","0","0","0","0","0","0","0","0","0","1","1","0","0","0","0","0","0","0","0","0","0","0","24","0","0"
"SSISDB/Project_Fact/FS/Group_Pipeline_Fact_FS_BS_FAGLFLEXT.dtsx","0","0","0","0","0","0","0","0","0","1","1","0","0","0","0","0","0","0","0","0","0","0","4","0","0"
"SSISDB/Project_Fact/FS/Group_Pipeline_Fact_FS_BS_SUMMARIZE.dtsx","0","0","0","0","0","0","0","0","0","0","0","0","0","0","0","0","0","0","0","0","0","0","14","0","0"
"SSISDB/Project_Fact/FS/Group_Pipeline_Fact_FS_Manual%20Excel%20-%20MR.dtsx","0","0","0","0","0","0","0","0","0","0","0","0","0","0","0","0","0","0","0","0","0","0","4","0","0"
"SSISDB/Project_Fact/FS/Group_Pipeline_Fact_FS_PL.dtsx","0","0","0","0","0","0","0","0","0","3","3","0","0","0","0","0","0","0","0","0","0","0","28","0","0"
"SSISDB/Project_Fact/FS/Group_Pipeline_Fact_FS_PL_COEP_FAGLFLEXT.dtsx","0","0","0","0","0","0","0","0","0","0","0","0","0","0","0","0","0","0","0","0","0","0","4","0","0"
"SSISDB/Project_Fact/FS/Group_Pipeline_Fact_FS_PL_MR_Report.dtsx","0","0","0","0","0","0","0","0","0","1","1","0","0","0","0","0","0","0","0","0","0","0","8","0","0"
"SSISDB/Project_Fact/FS/Group_Pipeline_Fact_FS_PL_Summarized.dtsx","0","0","0","0","0","0","0","0","0","0","0","0","0","0","0","0","0","0","0","0","0","0","8","0","0"
"SSISDB/Project_Fact/FS/Group_Pipeline_Fact_FS_PL_ZTA_MMR_SD003R%20-%20BSIS-BSAD-BSID.dtsx","0","0","0","0","0","0","0","0","0","2","2","0","0","0","0","0","0","0","0","0","0","0","8","0","0"
"SSISDB/Project_Fact/Inter Company Loan/FACT_INLOAN.dtsx","1","0","0","0","0","0","11","0","0","43","24","0","8","325","0","0","35","0","0","0","0","5","0","0","0"
"SSISDB/Project_Fact/Inter Company Loan/MASTER_INLOAN.dtsx","0","0","0","0","0","0","0","0","0","0","0","0","0","0","0","0","0","0","0","0","0","2","0","0","0"
"SSISDB/Project_Fact/INTERNAL_AUDIT/FACT_INTERNAL_AUDIT.dtsx","0","0","0","0","0","0","11","0","16","30","0","0","32","6","0","0","0","0","0","0","0","14","0","0","0"
"SSISDB/Project_Fact/INTERNAL_AUDIT/MAPPING_AUDIT.dtsx","0","0","0","0","0","0","0","0","0","0","0","0","0","0","0","0","0","0","0","0","0","1","0","0","0"
"SSISDB/Project_Fact/INVESTOR_RELATIONS_PROJECT/COS_CE.dtsx","0","0","0","0","0","0","0","0","0","0","0","0","0","287","0","0","0","0","0","0","0","3","0","0","0"
"SSISDB/Project_Fact/INVESTOR_RELATIONS_PROJECT/PL_BS.dtsx","0","0","0","0","0","0","0","0","0","0","0","0","0","210","0","0","0","0","0","0","0","4","0","0","0"
"SSISDB/Project_Fact/INVESTOR_RELATIONS_PROJECT/PS_AS%20(Load%20data%20sebelum%202023).dtsx","4","0","0","0","0","0","2","0","8","2","10","0","3","2","0","2","0","0","0","0","0","1","0","0","0"
"SSISDB/Project_Fact/INVESTOR_RELATIONS_PROJECT/PS_AS.dtsx","14","1","0","0","0","0","2","0","11","8","10","0","3","829","0","7","0","0","0","0","0","5","0","0","0"
"SSISDB/Project_Fact/INVESTOR_RELATIONS_PROJECT/RATIO_QS.dtsx","0","0","0","0","0","0","0","0","0","0","0","0","0","0","0","0","0","0","0","0","0","4","0","0","0"
"SSISDB/Project_Fact/INVESTOR_RELATIONS_PROJECT/Upload_IR.dtsx","0","0","0","0","0","0","0","0","0","0","0","0","0","0","0","0","0","0","0","0","0","4","0","0","0"
"SSISDB/Project_Fact/JOURNAL_SPARTA/FACT_JOURNAL_PAYROLL%201.dtsx","0","0","0","0","0","0","0","0","0","0","0","0","0","423","0","0","0","0","0","0","0","1","0","0","0"
"SSISDB/Project_Fact/JOURNAL_SPARTA/FACT_JOURNAL_PAYROLL.dtsx","0","0","0","0","0","0","0","0","0","0","0","0","0","423","0","0","0","0","0","0","0","1","0","0","0"
"SSISDB/Project_Fact/Lap Prod TBS CPO PK/Laporan%20Produksi%20TBS%20CPO%20PK.dtsx","0","0","0","0","0","0","2","0","0","2","0","0","2","0","0","0","0","0","0","0","0","2","0","0","0"
"SSISDB/Project_Fact/Laporan GRIR/Fact_GRIR.dtsx","0","0","0","0","0","0","1","0","0","0","5","0","0","1","0","0","0","0","0","0","0","2","0","0","0"
"SSISDB/Project_Fact/Laporan GRIR/ZTABLE_GRIR_BC.dtsx","0","0","0","0","0","0","0","0","0","0","0","0","0","0","0","0","0","0","0","0","0","6","0","0","0"
"SSISDB/Project_Fact/LKK Dashboard/FACT_LKK_DASHBOARD.dtsx","0","0","0","0","0","0","5","0","0","27","2","2","13","105","14","0","0","0","0","0","0","5","0","0","0"
"SSISDB/Project_Fact/LKK Dashboard/MAPPING_LKK_DASHBOARD.dtsx","0","0","0","0","0","0","0","0","0","0","0","0","0","0","0","0","0","0","0","0","0","1","0","0","0"
"SSISDB/Project_Fact/MACHINE_LEARNING/FACT_AP_TBS_.dtsx","6","0","0","0","0","0","1","0","0","10","0","0","1","255","0","4","0","0","0","0","0","5","0","0","0"
"SSISDB/Project_Fact/MACHINE_LEARNING/FACT_ML_YP.dtsx","2","0","0","1","0","0","0","0","0","0","0","0","1","0","0","1","0","0","0","0","0","4","0","0","0"
"SSISDB/Project_Fact/MACHINE_LEARNING/STG_MANUAL_LOAD.dtsx","0","0","0","0","0","0","0","0","0","0","0","0","0","125","0","0","8","0","0","0","0","3","0","0","0"
"SSISDB/Project_Fact/MACHINE_LEARNING/STG_ML_YIELD_PREDICTION.dtsx","0","0","0","0","0","0","0","0","0","0","0","0","0","0","0","0","0","0","0","0","0","14","0","0","0"
"SSISDB/Project_Fact/MILL_COST_PROJECT/DIM_FOR_FACT_MILL_COST.dtsx","0","0","0","0","0","0","1","0","0","2","0","0","0","204","0","0","8","0","0","0","0","3","0","0","0"
"SSISDB/Project_Fact/MILL_COST_PROJECT/FACT_MILL_COST.dtsx","6","0","0","0","0","0","5","0","40","0","16","0","45","2659","172","3","0","0","0","0","0","4","0","0","0"
"SSISDB/Project_Fact/MILL_COST_PROJECT/FACT_MILL_COST_DASHBOARD.dtsx","0","0","0","0","0","2","2","0","1","0","0","0","2","344","2","0","11","0","0","0","0","3","0","0","0"
"SSISDB/Project_Fact/MILL_COST_PROJECT/INSERT_DATA_BUDGET_MILL_COST.dtsx","0","0","0","0","0","0","0","0","0","0","0","0","184","497","0","0","14","0","0","0","0","2","0","0","0"
"SSISDB/Project_Fact/MMR Dashboard/DIM_MMR.dtsx","0","0","0","0","0","0","0","0","0","0","0","0","0","0","0","0","2","0","0","0","0","8","0","0","0"
"SSISDB/Project_Fact/MMR Dashboard/FACT_MMR.dtsx","6","0","0","0","0","0","28","0","3","66","0","0","174","2319","0","3","42","0","0","0","0","11","0","0","0"
"SSISDB/Project_Fact/MMR Dashboard/STG_MMR.dtsx","0","0","0","0","0","0","0","0","0","0","0","0","164","474","0","0","3","0","0","0","0","8","0","0","0"
"SSISDB/Project_Fact/MONITORING_TICKET_WB/FACT.dtsx","0","0","0","0","0","0","3","0","0","4","6","0","0","235","0","0","6","0","0","0","0","1","0","0","0"
"SSISDB/Project_Fact/MONITORING_TICKET_WB/STAGING%20SAP8.dtsx","0","0","0","0","0","0","0","0","0","0","0","0","0","0","0","0","0","0","0","0","0","4","0","0","0"
"SSISDB/Project_Fact/MONITORING_TICKET_WB/STAGING.dtsx","0","0","0","0","0","0","1","0","0","2","2","0","0","0","0","0","1","0","0","0","0","12","0","0","2"
"SSISDB/Project_Fact/PAYMENT TREASURY/DIM_PAYMENT.dtsx","0","0","0","0","0","0","0","0","0","0","0","0","0","0","0","0","0","0","0","0","0","4","0","0","0"
"SSISDB/Project_Fact/PAYMENT TREASURY/FACT_BALANCE_PAYMENT.dtsx","4","0","0","0","0","0","0","0","0","0","0","0","0","364","0","2","5","0","0","0","0","2","0","0","0"
"SSISDB/Project_Fact/PAYMENT TREASURY/FACT_DETAIL_PAYMENT.dtsx","0","0","0","0","0","0","0","0","0","8","3","0","0","222","0","0","0","0","0","0","0","3","0","0","0"
"SSISDB/Project_Fact/PAYMENT TREASURY/FACT_OUTSTANDING_PAYMENT.dtsx","0","0","0","0","0","0","4","0","0","4","0","0","12","192","0","0","0","0","0","0","0","3","0","0","0"
"SSISDB/Project_Fact/PAYMENT TREASURY/FACT_PERFORMANCE_PAYMENT.dtsx","0","0","0","0","0","0","3","0","0","12","0","0","0","183","0","0","0","0","0","0","0","2","0","0","0"
"SSISDB/Project_Fact/PAYMENT TREASURY/FACT_SUMMARY_PAYMENT.dtsx","0","0","0","0","0","0","3","0","0","10","0","0","0","334","0","0","0","0","0","0","0","3","0","0","0"
"SSISDB/Project_Fact/PAYMENT TREASURY/MAPPING_GROUP_PAYMENT.dtsx","0","0","0","0","0","0","0","0","0","0","0","0","0","0","0","0","0","0","0","0","0","3","0","0","0"
"SSISDB/Project_Fact/PAYMENT TREASURY/Package1.dtsx","0","0","0","0","0","0","0","0","0","0","0","0","0","0","0","0","0","0","0","0","0","1","0","0","0"
"SSISDB/Project_Fact/PAYMENT_REALIZATION/Dim_Payment_Mapping.dtsx","0","0","0","0","0","0","0","0","0","0","0","0","0","0","0","0","0","0","0","0","0","2","0","0","0"
"SSISDB/Project_Fact/PAYMENT_REALIZATION/Fact_Payment.dtsx","0","0","0","0","0","0","0","0","3","0","0","0","3","177","0","0","0","0","0","0","0","2","0","0","0"
"SSISDB/Project_Fact/PAYMENT_VERIFICATION_MONITORING_PROJECT/Dashboard%20Payment%20Verification.dtsx","11","0","0","0","0","0","0","0","0","0","0","0","20","12","0","0","4","0","0","0","0","3","0","0","0"
"SSISDB/Project_Fact/PEMAKAIAN_PUPUK_PROJECT/AKTUAL_PEMAKAIAN_PUPUK.dtsx","0","0","0","0","0","0","4","0","4","20","1","0","2","443","0","0","2","0","0","0","0","5","0","0","0"
"SSISDB/Project_Fact/PEMAKAIAN_PUPUK_PROJECT/MAPPING_BAHAN_PUPUK.dtsx","0","0","0","0","0","0","0","0","0","0","0","0","0","0","0","0","1","0","0","0","0","1","0","0","0"
"SSISDB/Project_Fact/PEMAKAIAN_SOLAR/AREAL_STATEMENT_PROPORSI_MANUAL_LOAD.dtsx","0","0","0","0","0","0","2","0","0","0","0","0","0","4","0","0","0","0","0","0","0","2","0","0","0"
"SSISDB/Project_Fact/PEMAKAIAN_SOLAR/Fact_Pemakaian_Solar%20v2.dtsx","0","0","0","0","0","0","9","0","0","67","0","0","35","2381","0","0","6","0","0","0","0","3","0","0","0"
"SSISDB/Project_Fact/PEMAKAIAN_SOLAR/Fact_Pemakaian_Solar.dtsx","4","0","0","0","0","0","0","0","8","14","0","0","22","0","0","2","2","0","0","0","0","2","0","0","0"
"SSISDB/Project_Fact/PEMAKAIAN_SOLAR/Fact_Pemakaian_Solar_Inti.dtsx","0","0","0","0","0","0","3","0","7","23","0","0","19","338","0","0","1","0","0","0","0","1","0","0","0"
"SSISDB/Project_Fact/PEMAKAIAN_SOLAR/Master_Group_Solar.dtsx","0","0","0","0","0","0","0","0","0","0","0","0","0","0","0","0","0","0","0","0","0","3","0","0","0"
"SSISDB/Project_Fact/PERFORMANCE_QUALITY_BGS/Fact.dtsx","0","0","0","0","0","0","0","0","0","0","0","0","0","0","0","0","0","0","0","0","0","2","0","0","0"
"SSISDB/Project_Fact/PERFORMANCE_QUALITY_BHS/Fact.dtsx","0","0","0","0","0","0","0","0","4","2","2","0","5","434","0","0","6","0","0","0","0","1","0","0","0"
"SSISDB/Project_Fact/PPH21_DJP/DIM_TAX_PAYMENT.dtsx","0","0","0","0","0","0","0","0","0","0","0","0","0","0","0","0","0","0","0","0","0","1","0","0","0"
"SSISDB/Project_Fact/PPH21_DJP/DIM_TAX_PPH21.dtsx","0","0","0","0","0","0","0","0","0","0","0","0","0","0","0","0","0","0","0","0","0","1","0","0","0"
"SSISDB/Project_Fact/PPH21_DJP/DIM_TAX_UNFIKASI.dtsx","0","0","0","0","0","0","0","0","0","0","0","0","0","0","0","0","0","0","0","0","0","4","0","0","0"
"SSISDB/Project_Fact/PPH21_DJP/FACT_DJP.dtsx","0","0","0","0","0","0","2","0","0","1","0","0","0","2","0","0","0","0","0","0","0","3","0","0","0"
"SSISDB/Project_Fact/PPH21_DJP/FACT_PPH_ANNUAL.dtsx","0","0","0","0","0","0","2","0","1","0","0","0","3","1","0","0","0","0","0","0","0","2","0","0","0"
"SSISDB/Project_Fact/PPH21_DJP/FACT_PPH_ANNUAL_SPLIT.dtsx","0","0","0","0","0","0","2","0","0","0","0","0","24","0","0","0","0","0","0","0","0","2","0","0","0"
"SSISDB/Project_Fact/PPH21_DJP/FACT_PPH21.dtsx","0","0","0","0","0","0","1","0","6","0","2","0","0","1049","0","0","13","0","0","0","0","3","0","0","0"
"SSISDB/Project_Fact/PPH21_DJP/FACT_TAX_PAYMENT.dtsx","0","0","0","0","0","0","1","0","4","0","1","0","0","219","0","0","0","0","0","0","0","2","0","0","0"
"SSISDB/Project_Fact/PPH21_DJP/FACT_UNIFIKASI.dtsx","0","0","0","0","0","0","3","0","10","3","0","0","3","412","0","0","5","0","0","0","0","4","0","0","0"
"SSISDB/Project_Fact/premi dan lembur monitoring/DWH_STG%20to%20DWH_DM.dtsx","0","0","0","0","0","0","26","0","0","7","0","0","1","955","0","0","62","0","0","0","0","3","0","0","0"
"SSISDB/Project_Fact/premi dan lembur monitoring/DWH_STG%20to%20DWH_DM_backup.dtsx","0","0","0","0","0","0","24","0","0","5","0","0","4","778","0","0","60","0","0","0","0","3","0","0","0"
"SSISDB/Project_Fact/PRPOGR_Dashboard/Fact%20-%20fact_pr_po_gr.dtsx","0","0","0","0","0","0","1","0","0","48","30","0","0","1259","0","0","11","0","0","0","0","7","0","0","0"
"SSISDB/Project_Fact/PRPOGR_Dashboard/Mapping%20Material%20dan%20Hari%20Libur.dtsx","0","0","0","0","0","0","0","0","0","0","0","0","0","0","0","0","5","0","0","0","0","6","0","0","0"
"SSISDB/Project_Fact/PRPOGR_Dashboard/RPS%20-%20ZMM_PRPOGR_FRC%201.dtsx","0","0","0","0","0","0","0","0","0","1","0","0","0","0","0","0","1","0","0","0","0","1","0","0","0"
"SSISDB/Project_Fact/PRPOGR_Dashboard/RPS%20-%20ZMM_PRPOGR_FRC.dtsx","0","0","0","0","0","0","0","0","0","2","0","0","0","0","0","0","2","0","0","0","0","3","0","0","0"
"SSISDB/Project_Fact/PRPOGR_Dashboard/STG%20-%20ZMM_PRPOGR_FRC.dtsx","0","0","0","0","0","0","0","0","0","0","0","0","0","0","0","0","0","0","0","0","0","1","0","0","0"
"SSISDB/Project_Fact/PRPOGR_Dashboard/STG_COSS.dtsx","0","0","0","0","0","0","0","0","0","0","0","0","0","0","0","0","0","0","0","0","0","1","0","0","0"
"SSISDB/Project_Fact/PRPOGR_Dashboard/STG_COVP.dtsx","0","0","0","0","0","0","0","0","0","0","0","0","0","0","0","0","0","0","0","0","0","1","0","0","0"
"SSISDB/Project_Fact/RANKING_PAYROLL/FACT_RANKING_PAYROLL.dtsx","0","0","0","2","0","0","15","0","10","22","0","0","212","1129","19","0","15","0","0","0","0","5","0","0","0"
"SSISDB/Project_Fact/RANKING_PAYROLL/MAPPING_RANKING_PARAM.dtsx","0","0","0","0","0","0","0","0","0","0","0","0","0","0","0","0","0","0","0","0","0","2","0","0","0"
"SSISDB/Project_Fact/REALISASI VS ANGGARAN HO PROJECT/DIMENSI_REALIASI_VS_ANGGARAN_HO.dtsx","0","0","0","0","0","0","0","0","0","0","0","0","0","0","0","0","1","0","0","0","0","3","0","0","0"
"SSISDB/Project_Fact/REALISASI VS ANGGARAN HO PROJECT/FACT_REALISASI_VS_ANGGARAN_HO.dtsx","4","0","0","0","0","0","0","0","12","1","12","0","3","1318","4","3","0","0","0","0","0","3","0","0","0"
"SSISDB/Project_Fact/REALISASI VS ANGGARAN HO PROJECT/FACT_REALISASI_VS_ANGGARAN_HO_Backup.dtsx","4","0","0","0","0","0","0","0","12","4","12","0","3","1312","0","3","0","0","0","0","0","3","0","0","0"
"SSISDB/Project_Fact/REALISASI VS ANGGARAN HO PROJECT/INSERT%20MAPPING.dtsx","0","0","0","0","0","0","0","0","0","0","0","0","0","0","0","0","2","0","0","0","0","4","0","0","0"
"SSISDB/Project_Fact/REALISASI VS ANGGARAN HO PROJECT/UPLOAD_PTAB_RELOKASI_COP.dtsx","0","0","0","0","0","0","0","0","0","0","0","0","0","0","0","0","2","0","0","0","0","5","0","0","0"
"SSISDB/Project_Fact/Rekapitulasi/Fact_Rekapitulasi.dtsx","12","0","0","0","0","0","2","0","0","3","0","0","0","4","0","6","4","0","0","0","0","2","0","0","0"
"SSISDB/Project_Fact/RELOKASI_BUDGET_PROJECT/FACT_RELOCATION_BUDGET.dtsx","11","2","0","0","0","0","7","0","16","2","11","0","6","339","24","4","0","0","0","0","0","11","0","0","0"
"SSISDB/Project_Fact/RELOKASI_BUDGET_PROJECT/FACT_RELOCATION_BUDGET_OLD.dtsx","5","1","0","0","0","0","1","0","16","3","13","0","6","325","4","1","34","0","0","0","0","10","0","0","0"
"SSISDB/Project_Fact/RELOKASI_BUDGET_PROJECT/Repository_Relocation_Budget.dtsx","0","0","0","0","0","0","0","0","0","0","0","0","0","0","0","0","71","0","0","0","0","9","0","0","0"
"SSISDB/Project_Fact/RELOKASI_BUDGET_PROJECT/Staging_Relocation_Budget.dtsx","0","0","0","1","0","0","0","0","0","0","0","0","0","0","0","0","1","0","0","0","0","2","0","0","0"
"SSISDB/Project_Fact/Risk Mitigasi Payroll/Excel%20to%20STG.dtsx","0","0","0","0","0","0","0","0","0","0","0","0","0","0","0","0","0","0","0","0","0","2","0","0","0"
"SSISDB/Project_Fact/Risk Mitigasi Payroll/STG%20to%20DWH.dtsx","0","0","0","0","0","0","4","0","0","0","0","0","0","0","0","0","11","0","0","0","0","1","0","0","0"
"SSISDB/Project_Fact/SALDO_TREASURY/FACT_SALDO_AKHIR_BULAN.dtsx","9","0","0","0","0","0","23","0","15","13","0","0","49","3453","0","0","17","0","0","0","0","10","0","0","0"
"SSISDB/Project_Fact/SALDO_TREASURY/FACT_SALDO_HARIAN.dtsx","2","0","0","0","0","0","9","0","6","7","0","0","21","1353","0","0","8","0","0","0","0","2","0","0","0"
"SSISDB/Project_Fact/SALDO_TREASURY/MAPPING_SALDO.dtsx","0","0","0","0","0","0","0","0","0","0","0","0","0","0","0","0","0","0","0","0","0","4","0","0","0"
"SSISDB/Project_Fact/Segregation/Manual%20Upload.dtsx","0","0","0","0","0","0","0","0","0","0","0","0","0","0","0","0","0","0","0","0","0","1","0","0","0"
"SSISDB/Project_Fact/Segregation/Segregation%20BACK%20UP.dtsx","0","0","0","0","0","0","1","0","0","5","0","0","0","1","0","0","0","0","0","0","0","2","0","0","0"
"SSISDB/Project_Fact/Segregation/Segregation%20Mapping%20Budget.dtsx","4","0","0","1","0","0","10","0","8","4","2","0","160","910","0","2","1","0","0","0","0","11","0","0","0"
"SSISDB/Project_Fact/Segregation/Segregation.dtsx","0","0","0","0","0","0","1","0","0","14","0","0","1","369","0","0","0","0","0","0","0","2","0","0","0"
"SSISDB/Project_Fact/Segregation/Staging%20Segregation.dtsx","0","0","0","1","0","0","0","0","0","0","0","0","0","0","0","0","0","0","0","0","0","1","0","0","0"
"SSISDB/Project_Fact/SPARTA_PROJECT/DIMENSI_SPARTA.dtsx","0","0","0","0","0","0","29","0","0","0","0","0","0","0","0","0","85","0","0","0","0","58","0","0","0"
"SSISDB/Project_Fact/SPARTA_PROJECT/FACT_SPARTA_FISIK_PREMI.dtsx","0","0","0","0","0","0","0","0","0","3","2","0","0","0","0","0","0","0","0","0","0","1","0","0","0"
"SSISDB/Project_Fact/SPARTA_PROJECT/FACT_SPARTA_LHA.dtsx","0","0","0","0","0","0","45","0","0","2","0","0","7","1","0","0","138","0","0","0","0","5","0","0","0"
"SSISDB/Project_Fact/SPARTA_PROJECT/FACT_SPARTA_LHA_NEW.dtsx","4","0","0","0","0","0","45","0","2","16","2","0","21","975","0","2","139","0","0","0","0","6","0","0","0"
"SSISDB/Project_Fact/SPARTA_PROJECT/FACT_SPARTA_LHA_NEW_BACKUP.dtsx","4","0","0","0","0","0","45","0","2","15","2","0","18","971","0","2","139","0","0","0","0","6","0","0","0"
"SSISDB/Project_Fact/SPARTA_PROJECT/FACT_SPARTA_MONITORING_INPUT.dtsx","0","0","0","0","0","0","0","0","1","0","0","0","0","0","0","0","0","0","0","0","0","1","0","0","0"
"SSISDB/Project_Fact/SPARTA_PROJECT/FACT_SPARTA_PAYROLL.dtsx","2","0","0","0","0","0","27","0","0","0","0","0","0","0","0","1","77","0","0","0","0","3","0","0","0"
"SSISDB/Project_Fact/SPK_BAPP/Mapping%20SPKBAPP.dtsx","0","0","0","0","0","0","0","0","0","0","0","0","0","0","0","0","0","0","0","0","0","1","0","0","0"
"SSISDB/Project_Fact/SPK_BAPP/Payment.dtsx","0","0","0","0","0","0","1","0","0","8","8","0","0","7","0","0","7","0","0","0","0","2","0","0","0"
"SSISDB/Project_Fact/SPK_BAPP/SPK_BAPP.dtsx","0","0","0","0","0","0","4","0","0","8","0","0","0","24","0","0","0","0","0","0","0","4","0","0","0"
"SSISDB/Project_Fact/SUSTAINABILITY_SMK3/DIM_SUSTAIN_SMK3.dtsx","0","0","0","0","0","0","0","0","0","0","0","0","0","0","0","0","0","0","0","0","0","1","0","0","0"
"SSISDB/Project_Fact/SUSTAINABILITY_SMK3/FACT_SUSTAIN_SMK3.dtsx","0","0","0","0","0","0","0","0","0","0","1","0","2","0","0","0","0","0","0","0","0","1","0","0","0"
"SSISDB/Project_Fact/SUSTAINABILITY_SMK3/INJECT_HISTORICAL_DATA.dtsx","0","0","0","0","0","0","0","0","0","0","0","0","0","0","0","0","0","0","0","0","0","1","0","0","0"
"SSISDB/Project_Fact/TBS_ANGKUT_PROJECT/UPLOAD_TBS_ANGKUT.dtsx","0","0","0","0","0","0","0","0","3","0","0","0","4","486","5","0","3","0","0","0","0","2","0","0","0"
"SSISDB/Project_Fact/TBS_EXTERNAL_PROJECT/Fact_TBS_External.dtsx","26","0","0","0","0","0","4","0","4","0","0","0","0","551","0","9","42","0","0","0","0","7","0","0","0"
"SSISDB/Project_Fact/TMS Phase 2/FACT_TMS.dtsx","0","0","0","0","0","0","2","0","0","3","0","0","0","2","0","0","0","0","0","0","0","2","0","0","0"
"SSISDB/Project_Fact/UANG_MUKA_PROJECT/FACT_UANG_MUKA.dtsx","0","0","0","0","0","0","0","0","0","0","0","0","0","347","0","0","0","0","0","0","0","1","0","0","0"
"SSISDB/Project_Fact/Vehicle Registration/FACT_VR.dtsx","0","0","0","0","0","0","4","0","0","0","0","0","0","4","0","0","0","0","0","0","0","4","0","0","0"
"SSISDB/SAP_to_STG_MR/SAP to STG MR/Elim%20KG%20SAP%20to%20STG.dtsx","0","0","0","0","0","0","0","0","0","0","0","0","5","4","0","0","5","0","0","0","0","6","0","0","0"
"SSISDB/SAP_to_STG_MR/SAP to STG MR/MR%20BAL%20SAP%20to%20STG.dtsx","0","0","0","0","0","0","0","0","0","0","0","0","0","0","0","0","1","0","0","0","0","1","0","0","0"
"SSISDB/Selling Expenses/Selling Expenses/source%20to%20staging.dtsx","0","0","0","0","0","0","0","0","0","0","0","0","0","0","0","0","0","0","0","0","0","5","0","0","0"
"SSISDB/Selling Expenses/Selling Expenses/staging%20to%20dwh.dtsx","0","0","0","0","0","0","14","0","0","3","0","0","32","44","0","0","49","0","0","0","0","9","0","0","0"
"SSISDB/Sequence_Table/Integration bigquery/Staging.dtsx","0","0","0","1","0","0","0","0","0","0","0","0","0","0","0","0","2","0","298","0","0","1","0","0","0"
"SSISDB/Sequence_Table/Sequence_Table/RPS%20-%20ZMM_PRPOGR_FRC.dtsx","0","0","0","0","0","0","0","0","0","2","0","0","0","0","0","0","2","0","0","0","0","3","0","0","0"
"SSISDB/Sequence_Table/Sequence_Table/Seq_BKPF.dtsx","0","0","0","0","0","0","0","0","0","1","1","0","0","0","0","0","9","0","0","0","0","1","0","0","1"
"SSISDB/Sequence_Table/Sequence_Table/Seq_BSEG%201.dtsx","0","0","0","0","0","0","0","0","0","0","0","0","0","0","0","0","0","0","0","0","0","0","0","0","0"
"SSISDB/Sequence_Table/Sequence_Table/Seq_BSEG.dtsx","0","0","0","0","0","0","0","0","0","0","0","0","0","0","0","0","9","0","0","0","0","9","0","0","0"
"SSISDB/Sequence_Table/Sequence_Table/Seq_BSID_BSAD.dtsx","0","0","0","0","0","0","0","0","0","0","0","0","0","0","0","0","2","0","0","0","0","2","0","0","0"
"SSISDB/Sequence_Table/Sequence_Table/Seq_BSIK_BSAK.dtsx","0","0","0","0","0","0","0","0","0","0","0","0","0","0","0","0","2","0","0","0","0","2","0","0","0"
"SSISDB/Sequence_Table/Sequence_Table/Seq_BSIS_BSAS.dtsx","0","0","0","0","0","0","0","0","0","0","1","0","0","0","0","0","3","0","0","0","0","3","0","0","0"
"SSISDB/Sequence_Table/Sequence_Table/Seq_Repository.dtsx","0","0","0","0","0","0","15","0","0","11","0","0","18","398","35","0","106","0","0","0","0","18","0","0","0"
"SSISDB/Sequence_Table/Sequence_Table/Seq_Staging_BBRK.dtsx","0","0","0","0","0","0","0","0","0","0","0","0","0","0","0","0","5","0","0","0","0","6","0","0","0"
"SSISDB/Sequence_Table/Sequence_Table/Seq_Staging_BPS.dtsx","278","0","0","0","0","0","150","0","0","163","0","0","0","0","0","139","1","0","438","0","0","189","0","0","0"
"SSISDB/Sequence_Table/Sequence_Table/Seq_Staging_NON_SAP.dtsx","0","0","0","0","1","0","14","0","0","12","11","0","0","0","0","0","18","0","32","0","0","62","0","0","0"
"SSISDB/Sequence_Table/Sequence_Table/Seq_Staging_NON_SAP_MANUAL_LOAD.dtsx","0","0","0","0","0","0","11","0","0","1","0","0","0","0","0","0","5","0","40","0","0","19","0","0","0"
"SSISDB/Sequence_Table/Sequence_Table/Seq_Staging_NON_SAP_TMS.dtsx","0","0","0","0","0","0","5","0","0","0","0","0","0","0","0","0","0","0","18","0","0","7","0","0","0"
"SSISDB/Sequence_Table/Sequence_Table/Seq_Staging_Power_Monitoring.dtsx","0","0","0","0","0","0","15","0","0","0","0","0","0","2544","0","0","60","0","33","0","0","3","0","0","0"
"SSISDB/Sequence_Table/Sequence_Table/Seq_Staging_SAP.dtsx","0","0","0","0","0","0","0","0","0","9","16","0","0","0","0","0","52","0","0","0","0","106","0","0","8"
"SSISDB/Sequence_Table/Sequence_Table/Seq_Staging_SAP_EHP8.dtsx","0","0","0","0","1","0","0","0","0","8","7","0","0","0","0","0","33","0","0","0","0","119","0","0","7"
"SSISDB/Sequence_Table/Sequence_Table/Seq_Staging_SAP_EHP8_BKPF.dtsx","0","0","0","0","0","0","0","0","0","1","1","0","0","0","0","0","9","0","0","0","0","1","0","0","1"
"SSISDB/Sequence_Table/Sequence_Table/Seq_Staging_SAP_EHP8_BSEG.dtsx","0","0","0","0","0","0","0","0","0","0","0","0","0","0","0","0","1","0","0","0","0","1","0","0","0"
"SSISDB/Sequence_Table/Sequence_Table/Seq_Staging_SAP_EHP8_BSID_BSAD.dtsx","0","0","0","0","0","0","0","0","0","0","0","0","0","0","0","0","2","0","0","0","0","2","0","0","0"
"SSISDB/Sequence_Table/Sequence_Table/Seq_Staging_SAP_EHP8_BSIK_BSAK.dtsx","0","0","0","0","0","0","0","0","0","0","0","0","0","0","0","0","2","0","0","0","0","2","0","0","0"
"SSISDB/Sequence_Table/Sequence_Table/Seq_Staging_SAP_EHP8_BSIS_BSAS.dtsx","0","0","0","0","0","0","0","0","0","0","1","0","0","0","0","0","3","0","0","0","0","3","0","0","0"
"SSISDB/Sequence_Table/Sequence_Table/Seq_Staging_SAP_EHP8_COBK.dtsx","0","0","0","0","0","0","0","0","0","0","0","0","0","0","0","0","0","0","0","0","0","1","0","0","0"
"SSISDB/Sequence_Table/Sequence_Table/Seq_Staging_SAP_EHP8_COEP.dtsx","0","0","0","0","0","0","0","0","0","0","0","0","0","0","0","0","1","0","0","0","0","1","0","0","0"
"SSISDB/Sequence_Table/Sequence_Table/Seq_Staging_SAP_EHP8_FAGLFLEXT.dtsx","0","0","0","0","0","0","0","0","0","0","0","0","0","0","0","0","0","0","0","0","0","1","0","0","0"
"SSISDB/Sequence_Table/Sequence_Table/Seq_Staging_SAP_EHP8_SALDO_TREASURY.dtsx","0","0","0","0","0","0","0","0","0","0","0","0","0","0","0","0","8","0","0","0","0","9","0","0","0"
"SSISDB/Sequence_Table/Sequence_Table/Seq_Staging_SAP_EHP8_ZTA_STG_KSU5.dtsx","0","0","0","0","0","0","0","0","0","0","0","0","0","0","0","0","1","0","0","0","0","1","0","0","0"
"SSISDB/Sequence_Table/Sequence_Table/Seq_Staging_SAP_EHP8_ZVT_MSEGPF.dtsx","0","0","0","0","0","0","0","0","0","0","0","0","0","0","0","0","1","0","0","0","0","1","0","0","0"
"SSISDB/Sequence_Table/Sequence_Table/Seq_Staging_SAP_SALDO_TREASURY.dtsx","0","0","0","0","0","0","0","0","0","0","2","0","0","0","0","0","9","0","0","0","0","10","0","0","0"
"SSISDB/Sequence_Table/Sequence_Table/Seq_Staging_SIGAP.dtsx","0","0","0","0","0","0","3","0","0","0","0","0","0","0","0","0","1","0","11","0","0","4","0","0","0"
"SSISDB/Sequence_Table/Sequence_Table/Seq_Staging_SPARTA%201.dtsx","0","0","0","0","0","0","0","0","0","0","0","0","0","0","2","0","0","0","0","0","0","4","0","0","0"
"SSISDB/Sequence_Table/Sequence_Table/Seq_Staging_SPARTA%20TEST.dtsx","0","0","0","0","0","0","0","0","0","2","0","0","0","0","2","0","0","0","0","0","0","2","0","0","0"
"SSISDB/Sequence_Table/Sequence_Table/Seq_Staging_SPARTA.dtsx","0","0","0","0","0","0","12","0","0","0","0","0","0","0","15","0","1","0","0","0","0","84","0","0","0"
"SSISDB/Sequence_Table/Sequence_Table/Seq_Staging_SPARTA_4T.dtsx","0","0","0","0","1","0","15","0","0","0","0","0","0","0","32","0","0","0","0","0","0","51","0","0","0"
"SSISDB/Sequence_Table/Sequence_Table/Seq_Staging_SPARTA_QA.dtsx","0","0","0","0","0","0","0","0","0","0","0","0","0","0","0","0","0","0","0","0","0","21","0","0","0"
"SSISDB/Sequence_Table/Sequence_Table/Seq_Staging_WB.dtsx","0","0","0","0","0","0","5","0","0","0","0","0","0","0","0","0","5","0","28","0","0","23","0","0","0"
"SSISDB/Sequence_Table/Sequence_Table/STG_SAP_BSEG_BKPF.dtsx","0","0","0","0","0","0","0","0","0","0","0","0","0","0","0","0","18","0","0","0","0","10","0","0","0"
"SSISDB/Sequence_Table/Sequence_Table/STG_SAP_BSIS_BSAS.dtsx","0","0","0","0","0","0","0","0","0","0","0","0","0","0","0","0","2","0","0","0","0","2","0","0","0"
"SSISDB/Sequence_Table/Sequence_Table/STG_SAP_COBK%201.dtsx","0","0","0","0","0","0","0","0","0","0","0","0","0","0","0","0","0","0","0","0","0","1","0","0","0"
"SSISDB/Sequence_Table/Sequence_Table/STG_SAP_COBK.dtsx","0","0","0","0","0","0","0","0","0","0","0","0","0","0","0","0","0","0","0","0","0","1","0","0","0"
"SSISDB/StagingBGA/StagingBGA/COEP.dtsx","0","0","0","0","0","0","0","0","0","0","1","0","0","0","0","0","0","0","0","0","0","1","0","0","0"
"SSISDB/StagingBGA/StagingBGA/COVP.dtsx","0","0","0","0","0","0","0","0","0","0","1","0","0","0","0","0","8","0","0","0","0","1","0","0","0"
"SSISDB/StagingBGA/StagingBGA/COVPR.dtsx","0","0","0","0","0","0","0","0","0","0","0","0","0","0","0","0","0","0","0","0","0","1","0","0","0"
"SSISDB/StagingBGA/StagingBGA/DWH-COEPByMonth.dtsx","0","0","0","0","12","0","0","0","0","0","0","0","0","0","0","0","0","0","0","0","0","12","0","0","0"
"SSISDB/StagingBGA/StagingBGA/SAP%20DAILY.dtsx","0","0","0","0","0","0","0","0","0","0","10","0","0","0","0","0","0","0","0","0","0","7","0","0","0"
"SSISDB/StagingBGA/StagingBGA/SAP_Adhoc.dtsx","0","0","0","0","1","0","0","0","0","0","0","0","0","0","0","0","0","0","0","0","0","1","0","0","0"
"SSISDB/StagingBGA/StagingBGA/SAP_COEP.dtsx","0","0","0","0","0","0","0","0","0","0","4","0","0","0","0","0","0","0","0","0","0","4","0","0","0"
"SSISDB/StagingBGA/StagingBGA/SAP_COEP_COVP%20DAY.dtsx","0","0","0","0","0","0","0","0","0","0","5","0","0","0","0","0","0","0","0","0","0","3","0","0","0"
"SSISDB/StagingBGA/StagingBGA/SAP_COEP_COVP.dtsx","0","0","0","0","0","0","0","0","0","0","2","0","0","0","0","0","0","0","0","0","0","2","0","0","0"
"SSISDB/StagingBGA/StagingBGA/SAP_CONSOL.dtsx","0","0","0","0","0","0","0","0","0","0","0","0","0","0","0","0","0","0","0","0","0","7","0","0","0"
"SSISDB/StagingBGA/StagingBGA/SAP-COEP.dtsx","0","0","0","0","1","0","0","0","0","0","0","0","0","0","0","0","0","0","0","0","0","2","0","0","0"
"SSISDB/SummaryPL/Summary PL Project/dim_coa.dtsx","0","0","0","0","0","0","0","0","0","0","0","0","0","0","0","0","0","0","0","0","0","1","0","0","0"
"SSISDB/SummaryPL/Summary PL Project/dim_code_ebitda.dtsx","0","0","0","0","0","0","1","0","0","0","0","0","1","6","0","0","0","0","0","0","0","1","0","0","0"
"SSISDB/SummaryPL/Summary PL Project/dim_company.dtsx","0","0","0","0","0","0","1","0","0","0","0","0","0","0","0","0","0","0","0","0","0","1","0","0","0"
"SSISDB/SummaryPL/Summary PL Project/dim_date.dtsx","0","0","0","0","0","0","0","0","0","0","0","0","0","0","0","0","0","0","0","0","0","1","0","0","0"
"SSISDB/SummaryPL/Summary PL Project/fact_ebitda.dtsx","0","0","0","0","0","0","5","0","0","4","2","0","8","235","0","0","6","0","0","0","0","1","0","0","0"
"SSISDB/SummaryPL/Summary PL Project/fact_summary_pl.dtsx","0","0","0","0","0","0","2","0","0","8","6","0","5","308","0","0","7","0","0","0","0","1","0","0","0"
"SSISDB/SummaryPL/Summary PL Project/stg_company.dtsx","0","0","0","0","0","0","0","0","0","0","0","0","0","0","0","0","0","0","0","0","0","1","0","0","0"
"SSISDB/tesss/Areal Statement/DWH_STG_to_DWH_DM.dtsx","2","0","0","0","0","0","14","0","21","9","8","0","12","16","0","1","23","0","0","0","0","8","0","0","0"
"SSISDB/tesss/Areal Statement/SOURCE_to_DWH_STG.dtsx","2","0","0","0","0","0","4","0","0","0","0","0","818","0","0","0","41","0","0","0","0","13","0","0","0"
"SSISDB/tesss/Bearer_Plant/DWH_DIM_BEARER_PLANT.dtsx","0","0","0","0","0","0","0","0","0","0","0","0","0","0","0","0","9","0","0","0","0","1","0","0","0"
"SSISDB/tesss/Bearer_Plant/DWH_FACT_BEARER_PLANT_SUMMARIZE.dtsx","0","4","0","0","0","0","2","0","0","0","0","0","0","137","0","0","12","0","0","0","0","3","0","0","0"
"SSISDB/tesss/Bearer_Plant/DWH_FACT_BEARER_PLANT_SUMMARIZE_Excel.dtsx","9","2","0","0","0","0","0","0","0","4","3","0","194","210","0","7","18","0","0","0","0","2","0","0","0"
"SSISDB/tesss/Bearer_Plant/DWH_FACT_BP_COEP.dtsx","2","2","0","0","0","0","0","0","0","1","1","0","0","0","0","1","12","0","0","0","0","1","0","0","0"
"SSISDB/tesss/Bearer_Plant/DWH_FACT_BP_Excel_Manual_Upload.dtsx","4","1","0","0","0","0","0","0","0","0","0","0","248","518","0","2","91","0","0","0","0","1","0","0","0"
"SSISDB/tesss/Bearer_Plant/DWH_FACT_BP_Excel_Manual_Upload_Initial.dtsx","4","1","0","0","0","0","0","0","0","0","0","0","248","518","0","2","91","0","0","0","0","1","0","0","0"
"SSISDB/tesss/Bearer_Plant/DWH_FACT_BP_FAGLFLEXT.dtsx","2","3","0","0","0","0","2","0","0","3","0","0","2","528","0","1","86","0","0","0","0","1","0","0","0"
"SSISDB/tesss/Bearer_Plant/DWH_FACT_BP_FAGLFLEXT_Initial.dtsx","2","3","0","0","0","0","2","0","0","0","0","0","2","528","0","1","86","0","0","0","0","1","0","0","0"
"SSISDB/tesss/Bearer_Plant/DWH_FACT_BP_ZVT_MSEGPF.dtsx","13","8","0","0","0","0","0","0","0","1","1","0","0","443","0","10","44","0","0","0","0","1","0","0","0"
"SSISDB/tesss/Bearer_Plant/Generate%20MTD.dtsx","0","0","0","0","0","0","0","0","0","1","1","0","2","0","0","0","0","0","0","0","0","0","0","0","0"
"SSISDB/tesss/Bearer_Plant/Generate%20YTD.dtsx","0","0","0","0","0","0","0","0","0","0","0","0","0","0","0","0","0","0","0","0","0","0","0","0","0"
"SSISDB/tesss/Bearer_Plant/Group_Pipeline_Fact_Bearer_Plant.dtsx","0","0","0","0","0","0","0","0","0","1","1","0","2","0","0","0","0","0","0","0","0","0","12","0","0"
"SSISDB/tesss/Bearer_Plant_Consol/DWH_DIM_BEARER_PLANT_ELIM.dtsx","0","0","0","0","0","0","0","0","0","0","0","0","0","0","0","0","2","0","0","0","0","1","0","0","0"
"SSISDB/tesss/Bearer_Plant_Consol/DWH_DIM_COMPANY_SELECTION.dtsx","0","0","0","0","0","0","1","0","0","0","0","0","0","0","0","0","2","0","0","0","0","1","0","0","0"
"SSISDB/tesss/Bearer_Plant_Consol/DWH_FACT_AMS_CONSOL.dtsx","11","2","0","0","0","0","0","0","0","1","0","0","252","0","0","7","15","0","0","0","0","1","0","0","0"
"SSISDB/tesss/Bearer_Plant_Consol/DWH_FACT_BAL_CONSOL.dtsx","11","2","0","0","0","0","0","0","0","2","0","0","150","0","0","7","14","0","0","0","0","1","0","0","0"
"SSISDB/tesss/Bearer_Plant_Consol/DWH_FACT_BEARER_PLANT_CONSOL.dtsx","0","0","0","0","0","0","0","0","0","1","1","0","0","0","0","0","1","0","0","0","0","1","0","0","0"
"SSISDB/tesss/Bearer_Plant_Consol/DWH_FACT_BGA_CONSOL.dtsx","19","4","0","0","0","0","0","0","0","6","0","0","554","0","0","15","27","0","0","0","0","1","0","0","0"
"SSISDB/tesss/Bearer_Plant_Consol/DWH_FACT_BSL_CONSOL.dtsx","16","4","0","0","0","0","0","0","0","4","1","0","536","0","0","12","27","0","0","0","0","1","0","0","0"
"SSISDB/tesss/Bearer_Plant_Consol/DWH_FACT_GKS_CONSOL.dtsx","10","2","0","0","0","0","0","0","0","1","0","0","160","0","0","6","15","0","0","0","0","1","0","0","0"
"SSISDB/tesss/Bearer_Plant_Consol/DWH_FACT_ISL_CONSOL.dtsx","10","2","0","0","0","0","0","0","0","1","0","0","200","0","0","6","15","0","0","0","0","1","0","0","0"
"SSISDB/tesss/Bearer_Plant_Consol/DWH_FACT_KMB_CONSOL.dtsx","10","2","0","0","0","0","0","0","0","1","0","0","160","0","0","6","15","0","0","0","0","1","0","0","0"
"SSISDB/tesss/Bearer_Plant_Consol/DWH_FACT_LGI_CONSOL.dtsx","10","2","0","0","0","0","0","0","0","1","0","0","200","0","0","6","15","0","0","0","0","1","0","0","0"
"SSISDB/tesss/Bearer_Plant_Consol/DWH_FACT_SMS_CONSOL.dtsx","10","2","0","0","0","0","0","0","0","1","0","0","160","0","0","6","15","0","0","0","0","1","0","0","0"
"SSISDB/tesss/Bearer_Plant_Consol/Group_Pipeline_Bearer_Plant_Consol_1.dtsx","0","0","0","0","0","0","0","0","0","0","0","0","0","0","0","0","0","0","0","0","0","0","10","0","0"
"SSISDB/tesss/Bearer_Plant_Consol/Group_Pipeline_Bearer_Plant_Consol_2.dtsx","0","0","0","0","0","0","0","0","0","0","0","0","0","0","0","0","0","0","0","0","0","0","4","0","0"
"SSISDB/tesss/Bearer_Plant_Consol/Group_Pipeline_Dim_Bearer_Plant_Consol.dtsx","0","0","0","0","0","0","0","0","0","0","0","0","0","0","0","0","0","0","0","0","0","0","4","0","0"
"SSISDB/tesss/Bearer_Plant_Consol/Group_Pipeline_Fact_Bearer_Plant_Consol.dtsx","0","0","0","0","0","0","0","0","0","0","0","0","0","0","0","0","0","0","0","0","0","0","24","0","0"
"SSISDB/tesss/ControllableProfit/Excel%20to%20STG.dtsx","0","0","0","0","0","0","0","0","0","0","0","0","0","0","0","0","0","0","0","0","0","2","0","0","0"
"SSISDB/tesss/ControllableProfit/Package1%201.dtsx","0","0","0","0","0","0","0","0","0","0","4","0","0","157","0","0","2","0","0","0","0","1","0","0","0"
"SSISDB/tesss/ControllableProfit/Package1.dtsx","0","0","0","0","0","0","0","0","0","1","5","0","0","157","0","0","2","0","0","0","0","1","0","0","0"
"SSISDB/tesss/ControllableProfit/STG%20to%20DWH.dtsx","0","0","0","0","0","0","6","0","0","5","68","31","20","118","0","0","0","0","0","0","0","6","0","0","0"
"SSISDB/tesss/DAILY_DASHBOARD_PROJECT/FACT_DD_HARVESTING_MANAGEMENT_DTL.dtsx","4","0","0","0","0","0","1","0","1","0","5","0","2","322","0","2","0","0","0","0","0","8","0","0","0"
"SSISDB/tesss/DAILY_DASHBOARD_PROJECT/FACT_DD_TBS.dtsx","4","0","0","0","0","0","25","0","6","2","1","0","2","199","0","2","49","0","0","0","0","3","0","0","0"
"SSISDB/tesss/DAILY_DASHBOARD_PROJECT/STG_HARVESTING_MANAGEMENT.dtsx","0","0","0","0","0","0","0","0","0","0","0","0","0","0","0","0","0","0","0","0","0","3","0","0","0"
"SSISDB/tesss/DAILY_DASHBOARD_PROJECT/STG_OPERATIONAL_HOLIDAY.dtsx","0","0","0","1","0","0","0","0","0","0","0","0","0","0","0","0","0","0","0","0","0","1","0","0","0"
"SSISDB/tesss/DWH_LHM/Fact%20Rekap.dtsx","0","0","0","0","0","0","0","0","0","2","0","0","0","0","0","0","0","0","0","0","0","1","0","0","0"
"SSISDB/tesss/DWH_LKK_PROJECT/FACT_INVESTASI_BIAYA_TANAMAN.dtsx","0","0","0","0","0","0","0","0","0","3","0","0","0","203","0","0","1","0","0","0","0","1","0","0","0"
"SSISDB/tesss/DWH_LKK_PROJECT/FACT_LKK%201.dtsx","4","0","0","0","0","0","0","0","24","6","0","0","13","1048","12","2","6","0","0","0","0","6","0","0","0"
"SSISDB/tesss/DWH_LKK_PROJECT/FACT_LKK%202.dtsx","4","0","0","0","0","0","1","0","24","12","0","0","13","1690","17","2","13","0","0","0","0","7","0","0","0"
"SSISDB/tesss/DWH_LKK_PROJECT/FACT_LKK.dtsx","4","0","0","0","0","0","2","0","24","44","0","0","15","2876","32","2","22","0","0","0","0","11","0","0","0"
"SSISDB/tesss/DWH_LKK_PROJECT/FACT_LKK_BIAYA_UPAH_PANEN_PENGENDALIAN_GULMA.dtsx","0","0","0","0","0","0","0","0","0","0","0","3","0","2","0","0","0","0","0","0","0","1","0","0","0"
"SSISDB/tesss/DWH_LKK_PROJECT/FEED_DATA.dtsx","0","0","0","0","0","0","0","0","0","0","0","0","0","0","0","0","10","0","0","0","0","5","0","0","0"
"SSISDB/tesss/DWH_LKK_PROJECT/INSERT_MAPPING_BIAYA_TANAMAN.dtsx","0","1","0","0","0","0","0","0","3","7","3","0","0","359","3","0","5","0","0","0","0","7","0","0","0"
"SSISDB/tesss/DWH_PLASMA_GAPOKTAN/Fact.dtsx","0","0","0","0","0","0","0","0","0","48","0","0","0","1425","19","0","0","0","0","0","0","3","0","0","0"
"SSISDB/tesss/DWH_SSIS/BPS_SPB.dtsx","0","0","0","0","0","0","0","0","0","0","10","0","0","0","0","0","20","0","70","10","0","20","0","0","0"
"SSISDB/tesss/DWH_SSIS/COAS.dtsx","0","0","0","0","0","0","0","0","0","0","0","0","0","0","0","0","1","0","0","0","0","1","0","0","0"
"SSISDB/tesss/DWH_SSIS/DWH_BPS.dtsx","0","0","0","0","0","0","0","0","0","1","11","0","0","0","0","0","60","0","70","10","0","20","0","0","0"
"SSISDB/tesss/DWH_SSIS/DWH_BPS_YEAR%20Copy.dtsx","0","0","0","0","0","0","0","0","0","1","11","0","0","0","0","0","40","0","70","10","0","20","0","0","0"
"SSISDB/tesss/DWH_SSIS/DWH_BPS_YEAR.dtsx","4","0","0","0","0","0","0","0","0","1","11","0","0","0","0","2","40","0","70","10","0","20","0","0","0"
"SSISDB/tesss/DWH_SSIS/DWH_COAS.dtsx","0","0","0","0","0","0","0","0","0","0","1","0","0","0","0","0","1","0","0","0","0","3","0","0","0"
"SSISDB/tesss/DWH_SSIS/DWH_SAPByCompanyPeriod.dtsx","0","0","0","0","2","0","0","0","0","1","10","0","6","4","0","0","0","0","0","0","0","12","0","0","1"
"SSISDB/tesss/DWH_SSIS/DWH_SMALLERTABLES.dtsx","0","0","0","0","2","0","0","0","0","7","17","0","13","9","0","0","17","0","0","0","0","23","0","0","1"
"SSISDB/tesss/DWH_SSIS/DWH_ZVT_MSEGPF%201.dtsx","0","0","0","0","18","0","0","0","0","0","12","0","0","0","0","0","0","0","0","0","0","18","0","0","12"
"SSISDB/tesss/DWH_SSIS/DWH_ZVT_MSEGPF%202.dtsx","0","0","0","0","0","0","0","0","0","0","0","0","0","0","0","0","2","0","0","0","0","2","0","0","1"
"SSISDB/tesss/DWH_SSIS/DWH_ZVT_MSEGPF.dtsx","0","0","0","0","0","0","0","0","0","1","2","0","0","0","0","0","2","0","0","0","0","2","0","0","1"
"SSISDB/tesss/DWH_SSIS/DWH-COEP%201.dtsx","0","0","0","0","2","0","0","0","0","0","2","0","0","0","0","0","2","0","0","0","0","2","0","0","1"
"SSISDB/tesss/DWH_SSIS/DWH-COEP.dtsx","2","0","0","0","1","0","0","0","0","1","2","0","0","301","0","1","1","0","0","0","0","1","0","0","1"
"SSISDB/tesss/DWH_SSIS/DWH-COEPByMonth.dtsx","0","0","0","0","12","0","0","0","0","0","0","0","0","0","0","0","0","0","0","0","0","12","0","0","0"
"SSISDB/tesss/DWH_SSIS/DWH-COEPByMonth_SIMPLE.dtsx","0","0","0","0","12","0","0","0","0","0","0","0","0","0","0","0","0","0","0","0","0","12","0","0","0"
"SSISDB/tesss/DWH_SSIS/DWH-COEPMonthlyNew.dtsx","0","0","0","0","13","0","0","0","0","0","13","0","0","3575","0","0","13","0","0","0","0","13","0","0","13"
"SSISDB/tesss/DWH_SSIS/DWH-FS.dtsx","0","0","0","0","0","0","0","0","0","1","10","0","6","4","0","0","0","0","0","0","0","6","0","0","1"
"SSISDB/tesss/DWH_SSIS/Package1.dtsx","0","0","0","0","0","0","0","0","0","0","0","0","0","0","0","0","0","0","0","0","0","1","0","0","0"
"SSISDB/tesss/DWH_SSIS/Package2.dtsx","0","0","0","0","0","0","0","0","0","0","0","0","0","0","0","0","1","0","5","0","0","0","0","0","0"
"SSISDB/tesss/DWH_SSIS/Package3.dtsx","0","0","0","0","0","0","1","0","0","0","1","0","0","0","0","0","0","0","0","0","0","0","0","0","0"
"SSISDB/tesss/DWH_SSIS/SAP_AdhocByCompany.dtsx","0","0","0","0","2","0","0","0","0","1","10","0","6","4","0","0","0","0","0","0","0","9","0","0","0"
"SSISDB/tesss/DWH_SSIS/SAP_FULL%201.dtsx","0","0","0","0","1","0","1","0","0","0","10","0","6","4","0","0","0","0","0","0","0","8","0","0","0"
"SSISDB/tesss/DWH_SSIS/SAP_FULL.dtsx","0","0","0","0","1","0","1","0","0","0","10","0","6","4","0","0","0","0","0","0","0","8","0","0","0"
"SSISDB/tesss/DWH_SSIS/SAP_INCREMENTAL.dtsx","0","0","0","0","4","0","0","0","0","0","5","0","0","0","0","0","0","0","0","0","0","6","0","0","0"
"SSISDB/tesss/DWH_TRAKSI/FACT_TRAKSI_LHT.dtsx","0","0","0","0","0","0","0","0","2","3","1","0","1","0","0","0","0","0","0","0","0","2","0","0","0"
"SSISDB/tesss/FS/DWH_DIM_COMPANY.dtsx","0","0","0","0","0","0","0","0","0","0","0","0","0","0","0","0","0","0","0","0","0","1","0","0","0"
"SSISDB/tesss/FS/DWH_DIM_LEVEL_BS.dtsx","0","0","0","0","0","0","0","0","0","0","0","0","0","0","0","0","24","0","0","0","0","1","0","0","0"
"SSISDB/tesss/FS/DWH_DIM_LEVEL_PL.dtsx","0","0","0","0","0","0","0","0","0","0","0","0","0","0","0","0","24","0","0","0","0","1","0","0","0"
"SSISDB/tesss/FS/DWH_DIM_SUB_LEVEL_BS.dtsx","0","0","0","0","0","0","0","0","0","0","0","0","0","0","0","0","14","0","0","0","0","1","0","0","0"
"SSISDB/tesss/FS/DWH_FACT_FS_BALL.dtsx","2","0","0","0","0","0","0","0","0","0","0","0","0","0","0","1","6","0","0","0","0","1","0","0","0"
"SSISDB/tesss/FS/DWH_FACT_FS_BS_Additions.dtsx","0","8","0","0","0","0","0","0","0","1","1","0","0","285","0","0","10","0","0","0","0","1","0","0","0"
"SSISDB/tesss/FS/DWH_FACT_FS_BS_BSIK_BSID_BSAK_BSAD_Looping.dtsx","11","6","0","0","0","0","0","0","0","2","2","0","0","1177","0","6","68","0","0","0","0","1","0","0","0"
"SSISDB/tesss/FS/DWH_FACT_FS_BS_Excel_Manual_Upload%201.dtsx","4","1","0","0","0","0","0","0","0","0","0","0","146","1128","0","2","193","0","0","0","0","1","0","0","0"
"SSISDB/tesss/FS/DWH_FACT_FS_BS_Excel_Manual_Upload.dtsx","4","1","0","0","0","0","0","0","0","0","0","0","146","1128","0","2","193","0","0","0","0","1","0","0","0"
"SSISDB/tesss/FS/DWH_FACT_FS_BS_FAGLFLEXT.dtsx","8","5","0","0","0","0","3","0","0","3","0","0","3","1710","0","4","370","0","0","0","0","1","0","0","0"
"SSISDB/tesss/FS/DWH_FACT_FS_BS_FAGLFLEXT_V2.dtsx","4","4","0","0","0","0","1","0","0","1","0","0","1","1190","0","2","220","0","0","0","0","1","0","0","0"
"SSISDB/tesss/FS/DWH_FACT_FS_BS_FAGLFLEXT_V3.dtsx","6","3","0","0","0","0","2","0","0","1","0","0","1","0","0","3","16","0","0","0","0","1","0","0","0"
"SSISDB/tesss/FS/DWH_FACT_FS_BS_LIABILITIES_STOCK_HOLDERS_EQUITY.dtsx","0","1","0","0","0","0","0","0","0","0","0","0","0","0","0","0","4","0","0","0","0","1","0","0","0"
"SSISDB/tesss/FS/DWH_FACT_FS_BS_MR_DWH_ReportFact.dtsx","0","1","0","0","0","0","1","0","0","1","2","0","0","0","0","0","14","0","0","0","0","1","0","0","0"
"SSISDB/tesss/FS/DWH_FACT_FS_BS_SUMMARIZE.dtsx","0","3","0","0","0","0","0","0","0","0","0","0","0","138","0","0","2","0","0","0","0","1","0","0","0"
"SSISDB/tesss/FS/DWH_FACT_FS_BS_SUMMARIZE_V2.dtsx","10","23","0","0","0","0","0","0","0","0","0","0","0","726","0","7","42","0","0","0","0","1","0","0","0"
"SSISDB/tesss/FS/DWH_FACT_FS_BS_SUMMARIZE_V3.dtsx","3","10","0","0","0","0","0","0","0","0","0","0","0","341","0","2","20","0","0","0","0","1","0","0","0"
"SSISDB/tesss/FS/DWH_FACT_FS_BS_SUMMARIZE_V4.dtsx","0","2","0","0","0","0","0","0","0","0","0","0","0","109","0","0","6","0","0","0","0","1","0","0","0"
"SSISDB/tesss/FS/DWH_FACT_FS_PL_BSIS_BSID_BSAD.dtsx","2","2","0","0","0","0","1","0","0","2","0","0","0","2","0","1","14","0","0","0","0","1","0","0","0"
"SSISDB/tesss/FS/DWH_FACT_FS_PL_BSIS_BSID_BSAD_KNA.dtsx","2","2","0","0","0","0","1","0","0","3","1","0","0","2","0","1","14","0","0","0","0","1","0","0","0"
"SSISDB/tesss/FS/DWH_FACT_FS_PL_COEP.dtsx","2","2","0","0","0","0","1","0","0","1","1","0","0","648","0","1","92","0","0","0","0","1","0","0","0"
"SSISDB/tesss/FS/DWH_FACT_FS_PL_Cost%20of%20Goods%20Manufactured.dtsx","0","1","0","0","0","0","0","0","0","0","0","0","0","0","0","0","10","0","0","0","0","1","0","0","0"
"SSISDB/tesss/FS/DWH_FACT_FS_PL_FAGLFLEXT.dtsx","2","1","0","0","0","0","1","0","0","2","1","0","1","0","0","1","16","0","0","0","0","1","0","0","0"
"SSISDB/tesss/FS/DWH_FACT_FS_PL_Gross_Profit.dtsx","3","0","0","0","0","0","0","0","0","0","2","0","0","0","0","2","4","0","0","0","0","1","0","0","0"
"SSISDB/tesss/FS/DWH_FACT_FS_PL_MR_DWH_ReportDetailFact.dtsx","0","0","0","0","0","0","1","0","0","0","0","0","0","0","0","0","14","0","0","0","0","1","0","0","0"
"SSISDB/tesss/FS/DWH_FACT_FS_PL_MR_DWH_ReportDetailFact_Administrative.dtsx","9","4","0","0","0","0","0","0","0","1","1","0","0","0","0","8","56","0","0","0","0","1","0","0","0"
"SSISDB/tesss/FS/DWH_FACT_FS_PL_MR_DWH_ReportFact.dtsx","0","15","0","0","0","0","1","0","0","0","1","0","0","2232","0","0","334","0","0","0","0","1","0","0","0"
"SSISDB/tesss/FS/DWH_FACT_FS_PL_Operating%20Expense_Income.dtsx","4","0","0","0","0","0","0","0","0","0","0","0","0","181","0","3","6","0","0","0","0","1","0","0","0"
"SSISDB/tesss/FS/DWH_FACT_FS_PL_SUMMARIZE.dtsx","0","3","0","0","0","0","0","0","0","0","0","0","0","138","0","0","2","0","0","0","0","1","0","0","0"
"SSISDB/tesss/FS/DWH_FACT_FS_PL_ZTA_MMR_SD003R.dtsx","2","2","0","0","0","0","1","0","0","0","0","0","0","392","0","1","4","0","0","0","0","1","0","0","0"
"SSISDB/tesss/FS/DWH_FACT_FS_PL_ZTA_MMR_SD003R_KNA.dtsx","2","2","0","0","0","0","1","0","0","1","1","0","0","270","0","1","4","0","0","0","0","1","0","0","0"
"SSISDB/tesss/FS/DWH_Pre_FACT_FS_PL_MR_DWH_ReportDetailFact_Administrative.dtsx","4","2","0","0","0","0","1","0","4","1","1","0","0","221","6","2","17","0","0","0","0","1","0","0","0"
"SSISDB/tesss/FS/Group_Pipeline_Fact_FS_BS.dtsx","0","0","0","0","0","0","0","0","0","1","1","0","0","0","0","0","0","0","0","0","0","0","24","0","0"
"SSISDB/tesss/FS/Group_Pipeline_Fact_FS_BS_FAGLFLEXT.dtsx","0","0","0","0","0","0","0","0","0","1","1","0","0","0","0","0","0","0","0","0","0","0","4","0","0"
"SSISDB/tesss/FS/Group_Pipeline_Fact_FS_BS_SUMMARIZE.dtsx","0","0","0","0","0","0","0","0","0","0","0","0","0","0","0","0","0","0","0","0","0","0","14","0","0"
"SSISDB/tesss/FS/Group_Pipeline_Fact_FS_Manual%20Excel%20-%20MR.dtsx","0","0","0","0","0","0","0","0","0","0","0","0","0","0","0","0","0","0","0","0","0","0","4","0","0"
"SSISDB/tesss/FS/Group_Pipeline_Fact_FS_PL.dtsx","0","0","0","0","0","0","0","0","0","3","3","0","0","0","0","0","0","0","0","0","0","0","28","0","0"
"SSISDB/tesss/FS/Group_Pipeline_Fact_FS_PL_COEP_FAGLFLEXT.dtsx","0","0","0","0","0","0","0","0","0","0","0","0","0","0","0","0","0","0","0","0","0","0","4","0","0"
"SSISDB/tesss/FS/Group_Pipeline_Fact_FS_PL_MR_Report.dtsx","0","0","0","0","0","0","0","0","0","1","1","0","0","0","0","0","0","0","0","0","0","0","8","0","0"
"SSISDB/tesss/FS/Group_Pipeline_Fact_FS_PL_Summarized.dtsx","0","0","0","0","0","0","0","0","0","0","0","0","0","0","0","0","0","0","0","0","0","0","8","0","0"
"SSISDB/tesss/FS/Group_Pipeline_Fact_FS_PL_ZTA_MMR_SD003R%20-%20BSIS-BSAD-BSID.dtsx","0","0","0","0","0","0","0","0","0","2","2","0","0","0","0","0","0","0","0","0","0","0","8","0","0"
"SSISDB/tesss/MILL_COST_PROJECT/DIM_FOR_FACT_MILL_COST.dtsx","0","0","0","0","0","0","1","0","0","2","0","0","0","172","0","0","8","0","0","0","0","3","0","0","0"
"SSISDB/tesss/MILL_COST_PROJECT/FACT_MILL_COST.dtsx","4","0","0","0","0","0","5","0","32","0","12","0","40","2092","114","2","0","0","0","0","0","3","0","0","0"
"SSISDB/tesss/MILL_COST_PROJECT/FACT_MILL_COST_DASHBOARD.dtsx","0","0","0","0","0","2","2","0","1","0","0","0","2","344","2","0","11","0","0","0","0","3","0","0","0"
"SSISDB/tesss/MILL_COST_PROJECT/INSERT_DATA_BUDGET_MILL_COST.dtsx","0","0","0","0","0","0","0","0","0","0","0","0","184","497","0","0","14","0","0","0","0","2","0","0","0"
"SSISDB/tesss/premi dan lembur monitoring/DWH_STG%20to%20DWH_DM.dtsx","0","0","0","0","0","0","26","0","0","7","0","0","1","955","0","0","62","0","0","0","0","3","0","0","0"
"SSISDB/tesss/premi dan lembur monitoring/DWH_STG%20to%20DWH_DM_backup.dtsx","0","0","0","0","0","0","24","0","0","5","0","0","4","778","0","0","60","0","0","0","0","3","0","0","0"
"SSISDB/tesss/Segregation/Segregation.dtsx","0","0","0","0","0","0","1","0","0","14","0","0","1","369","0","0","0","0","0","0","0","2","0","0","0"
"SSISDB/tesss/Sequence_Table/Package1.dtsx","0","0","0","0","0","0","1","0","0","0","0","0","0","0","0","0","0","0","0","0","0","2","0","0","0"
"SSISDB/tesss/Sequence_Table/RPS%20-%20ZMM_PRPOGR_FRC.dtsx","0","0","0","0","0","0","0","0","0","2","0","0","0","0","0","0","2","0","0","0","0","3","0","0","0"
"SSISDB/tesss/Sequence_Table/Seq_BSID_BSAD.dtsx","0","0","0","0","0","0","0","0","0","0","0","0","0","0","0","0","2","0","0","0","0","2","0","0","0"
"SSISDB/tesss/Sequence_Table/Seq_BSIK_BSAK.dtsx","0","0","0","0","0","0","0","0","0","0","0","0","0","0","0","0","2","0","0","0","0","2","0","0","0"
"SSISDB/tesss/Sequence_Table/Seq_BSIS_BSAS.dtsx","0","0","0","0","0","0","0","0","0","0","1","0","0","0","0","0","3","0","0","0","0","3","0","0","0"
"SSISDB/tesss/Sequence_Table/Seq_Repository.dtsx","0","0","0","0","0","0","15","0","0","11","0","0","18","393","32","0","106","0","0","0","0","18","0","0","0"
"SSISDB/tesss/Sequence_Table/Seq_Staging_BPS_Old.dtsx","42","0","0","0","0","0","150","0","0","124","0","0","0","0","0","21","1","0","438","0","0","189","0","0","0"
"SSISDB/tesss/Sequence_Table/Seq_Staging_BPS_Old_Kendawangan.dtsx","40","0","0","0","0","0","140","0","0","114","0","0","0","0","0","20","1","0","418","0","0","179","0","0","0"
"SSISDB/tesss/Sequence_Table/Seq_Staging_NON_SAP.dtsx","0","0","0","0","1","0","23","0","0","16","11","0","0","0","0","0","18","0","49","0","0","71","0","0","0"
"SSISDB/tesss/Sequence_Table/Seq_Staging_SAP.dtsx","0","0","0","0","0","0","0","0","0","9","16","0","0","0","0","0","52","0","0","0","0","101","0","0","8"
"SSISDB/tesss/Sequence_Table/Seq_Staging_SPARTA.dtsx","2","0","0","0","0","0","7","0","0","0","0","0","0","0","10","1","0","0","0","0","0","58","0","0","0"
"SSISDB/tesss/Sequence_Table/STG_SAP_COBK.dtsx","0","0","0","0","0","0","0","0","0","0","0","0","0","0","0","0","0","0","0","0","0","1","0","0","0"
"SSISDB/Traksi/DWH_OprTraksi/Dim_MasterDriver.dtsx","0","0","0","0","0","0","0","0","0","0","0","0","0","0","0","0","0","0","0","0","0","1","0","0","0"
"SSISDB/Traksi/DWH_OprTraksi/Fact_Traksi%20v1.0%201.dtsx","8","0","0","0","0","0","10","0","0","24","1","0","98","3268","0","4","45","0","0","2","0","7","0","0","0"
"SSISDB/Traksi/DWH_OprTraksi/Fact_Traksi%20v1.0.dtsx","8","0","0","0","0","0","9","0","0","3","1","0","98","3268","0","4","45","0","0","2","0","7","0","0","0"
"SSISDB/Traksi/DWH_OprTraksi/Fact_Traksi%20v1.1%20back%20up.dtsx","8","0","0","0","0","0","10","0","0","24","1","0","98","3268","0","4","45","0","0","2","0","7","0","0","0"
"SSISDB/Traksi/DWH_OprTraksi/Fact_Traksi.dtsx","6","0","0","0","0","0","8","0","0","0","1","0","98","3309","0","3","41","0","0","2","0","6","0","0","0"
"SSISDB/Traksi/DWH_OprTraksi/Stg_SAP_COVP.dtsx","0","0","0","0","0","0","0","0","0","0","1","0","0","0","0","0","29","0","0","0","0","29","0","0","0"
"SSISDB/Traksi/DWH_OprTraksi/Stg_SAP_ZKKDDetail.dtsx","0","0","0","0","0","0","0","0","0","0","0","0","0","0","0","0","0","0","0","0","0","1","0","0","0"
"SSISDB/Traksi/DWH_OprTraksi/Stg_SAP_ZTORDER.dtsx","0","0","0","0","0","0","0","0","0","0","0","0","0","0","0","0","1","0","0","0","0","1","0","0","0"
