execution_id,folder_name,project_name,package_name,ssis_start_time,ssis_end_time,ssis_status,job_id,job_name,step_id,step_name,subsystem,agent_step_start_time,agent_step_end_time,agent_run_status,agent_run_status_desc,instance_id,command,candidate_match_type
1240282,Project_Fact,TBS_EXTERNAL_PROJECT,Fact_TBS_External.dtsx,2026-09-01 07:00:16.3782069 +07:00,2026-09-01 07:04:41.9114195 +07:00,7,28D1D9C7-04B8-4278-8A3C-D0915D89468A,COGS,1,stg_CogsReport,SSIS,2026-09-01 00:00:00.000,2026-09-01 00:04:51.000,1,Succeeded,1104799,"/ISSERVER ""\""\SSISDB\COGS\COGS\stg_CogsReport.dtsx\"""" /SERVER ""\"".\"""" /Par ""\""$ServerOption::LOGGING_LEVEL(Int16)\"""";1 /Par ""\""$ServerOption::SYNCHRONIZED(Boolean)\"""";True /CALLERINFO SQLAGENT /REPORTING E",TIME_OVERLAP_ONLY
1240282,Project_Fact,TBS_EXTERNAL_PROJECT,Fact_TBS_External.dtsx,2026-09-01 07:00:16.3782069 +07:00,2026-09-01 07:04:41.9114195 +07:00,7,F1DDA30D-6D72-4146-A71F-F5D1FBC1BCEB,Komparasi Overhead Metro,1,DWH_STG to DWH_DM,SSIS,2026-09-01 00:00:00.000,2026-09-01 00:20:55.000,1,Succeeded,1104820,"/ISSERVER ""\""\SSISDB\Komparasi Overhead Metro\Komparasi Overhead Metro\DWH_STG_to_DWH_DM.dtsx\"""" /SERVER ""\""BGASVR-DWH-DEV\"""" /Par ""\""$ServerOption::LOGGING_LEVEL(Int16)\"""";1 /Par ""\""$ServerOption::SYNCHRONIZED(Boolean)\"""";True /CALLERINFO SQLAGENT /REPORTING E",TIME_OVERLAP_ONLY
1240282,Project_Fact,TBS_EXTERNAL_PROJECT,Fact_TBS_External.dtsx,2026-09-01 07:00:16.3782069 +07:00,2026-09-01 07:04:41.9114195 +07:00,7,4405D861-AE6C-4CD7-8E9B-33591EE6C9F8,SEQUENCE_TABLE_SPARTA_4T,1,SEQ_STAGING_SPARTA_4T,SSIS,2026-09-01 00:00:00.000,2026-09-01 00:15:51.000,1,Succeeded,1104813,"/ISSERVER ""\""\SSISDB\Sequence_Table\Sequence_Table\Seq_Staging_SPARTA_4T.dtsx\"""" /SERVER ""\"".\"""" /Par ""\""$ServerOption::LOGGING_LEVEL(Int16)\"""";1 /Par ""\""$ServerOption::SYNCHRONIZED(Boolean)\"""";True /CALLERINFO SQLAGENT /REPORTING E",TIME_OVERLAP_ONLY
1240283,Project_Fact,DWH_SMALLER_FACT,FACT_COST_TO_MATURITY.dtsx,2026-09-01 07:00:16.4052035 +07:00,2026-09-01 07:01:44.5962585 +07:00,7,28D1D9C7-04B8-4278-8A3C-D0915D89468A,COGS,1,stg_CogsReport,SSIS,2026-09-01 00:00:00.000,2026-09-01 00:04:51.000,1,Succeeded,1104799,"/ISSERVER ""\""\SSISDB\COGS\COGS\stg_CogsReport.dtsx\"""" /SERVER ""\"".\"""" /Par ""\""$ServerOption::LOGGING_LEVEL(Int16)\"""";1 /Par ""\""$ServerOption::SYNCHRONIZED(Boolean)\"""";True /CALLERINFO SQLAGENT /REPORTING E",TIME_OVERLAP_ONLY
1240283,Project_Fact,DWH_SMALLER_FACT,FACT_COST_TO_MATURITY.dtsx,2026-09-01 07:00:16.4052035 +07:00,2026-09-01 07:01:44.5962585 +07:00,7,F1DDA30D-6D72-4146-A71F-F5D1FBC1BCEB,Komparasi Overhead Metro,1,DWH_STG to DWH_DM,SSIS,2026-09-01 00:00:00.000,2026-09-01 00:20:55.000,1,Succeeded,1104820,"/ISSERVER ""\""\SSISDB\Komparasi Overhead Metro\Komparasi Overhead Metro\DWH_STG_to_DWH_DM.dtsx\"""" /SERVER ""\""BGASVR-DWH-DEV\"""" /Par ""\""$ServerOption::LOGGING_LEVEL(Int16)\"""";1 /Par ""\""$ServerOption::SYNCHRONIZED(Boolean)\"""";True /CALLERINFO SQLAGENT /REPORTING E",TIME_OVERLAP_ONLY
1240283,Project_Fact,DWH_SMALLER_FACT,FACT_COST_TO_MATURITY.dtsx,2026-09-01 07:00:16.4052035 +07:00,2026-09-01 07:01:44.5962585 +07:00,7,4405D861-AE6C-4CD7-8E9B-33591EE6C9F8,SEQUENCE_TABLE_SPARTA_4T,1,SEQ_STAGING_SPARTA_4T,SSIS,2026-09-01 00:00:00.000,2026-09-01 00:15:51.000,1,Succeeded,1104813,"/ISSERVER ""\""\SSISDB\Sequence_Table\Sequence_Table\Seq_Staging_SPARTA_4T.dtsx\"""" /SERVER ""\"".\"""" /Par ""\""$ServerOption::LOGGING_LEVEL(Int16)\"""";1 /Par ""\""$ServerOption::SYNCHRONIZED(Boolean)\"""";True /CALLERINFO SQLAGENT /REPORTING E",TIME_OVERLAP_ONLY
1240284,Project_Fact,DWH_SMALLER_FACT,CHECK_QUERY_DATA.dtsx,2026-09-01 07:00:16.4172054 +07:00,2026-09-01 07:00:22.5655579 +07:00,7,F5090C74-FE2C-479E-8A22-C23FD4B84C05,Areal Statement,1,SOURCE_to_DWH_STG,SSIS,2026-09-01 00:00:00.000,2026-09-01 00:01:27.000,1,Succeeded,1104796,"/ISSERVER ""\""\SSISDB\Areal Statement\Areal Statement\SOURCE_to_DWH_STG.dtsx\"""" /SERVER ""\""BGASVR-DWH-DEV\"""" /X86 /Par ""\""$ServerOption::LOGGING_LEVEL(Int16)\"""";1 /Par ""\""$ServerOption::SYNCHRONIZED(Boolean)\"""";True /CALLERINFO SQLAGENT /REPORTING E",TIME_OVERLAP_ONLY
1240284,Project_Fact,DWH_SMALLER_FACT,CHECK_QUERY_DATA.dtsx,2026-09-01 07:00:16.4172054 +07:00,2026-09-01 07:00:22.5655579 +07:00,7,28D1D9C7-04B8-4278-8A3C-D0915D89468A,COGS,1,stg_CogsReport,SSIS,2026-09-01 00:00:00.000,2026-09-01 00:04:51.000,1,Succeeded,1104799,"/ISSERVER ""\""\SSISDB\COGS\COGS\stg_CogsReport.dtsx\"""" /SERVER ""\"".\"""" /Par ""\""$ServerOption::LOGGING_LEVEL(Int16)\"""";1 /Par ""\""$ServerOption::SYNCHRONIZED(Boolean)\"""";True /CALLERINFO SQLAGENT /REPORTING E",TIME_OVERLAP_ONLY
1240284,Project_Fact,DWH_SMALLER_FACT,CHECK_QUERY_DATA.dtsx,2026-09-01 07:00:16.4172054 +07:00,2026-09-01 07:00:22.5655579 +07:00,7,F1DDA30D-6D72-4146-A71F-F5D1FBC1BCEB,Komparasi Overhead Metro,1,DWH_STG to DWH_DM,SSIS,2026-09-01 00:00:00.000,2026-09-01 00:20:55.000,1,Succeeded,1104820,"/ISSERVER ""\""\SSISDB\Komparasi Overhead Metro\Komparasi Overhead Metro\DWH_STG_to_DWH_DM.dtsx\"""" /SERVER ""\""BGASVR-DWH-DEV\"""" /Par ""\""$ServerOption::LOGGING_LEVEL(Int16)\"""";1 /Par ""\""$ServerOption::SYNCHRONIZED(Boolean)\"""";True /CALLERINFO SQLAGENT /REPORTING E",TIME_OVERLAP_ONLY
1240284,Project_Fact,DWH_SMALLER_FACT,CHECK_QUERY_DATA.dtsx,2026-09-01 07:00:16.4172054 +07:00,2026-09-01 07:00:22.5655579 +07:00,7,4405D861-AE6C-4CD7-8E9B-33591EE6C9F8,SEQUENCE_TABLE_SPARTA_4T,1,SEQ_STAGING_SPARTA_4T,SSIS,2026-09-01 00:00:00.000,2026-09-01 00:15:51.000,1,Succeeded,1104813,"/ISSERVER ""\""\SSISDB\Sequence_Table\Sequence_Table\Seq_Staging_SPARTA_4T.dtsx\"""" /SERVER ""\"".\"""" /Par ""\""$ServerOption::LOGGING_LEVEL(Int16)\"""";1 /Par ""\""$ServerOption::SYNCHRONIZED(Boolean)\"""";True /CALLERINFO SQLAGENT /REPORTING E",TIME_OVERLAP_ONLY
1240284,Project_Fact,DWH_SMALLER_FACT,CHECK_QUERY_DATA.dtsx,2026-09-01 07:00:16.4172054 +07:00,2026-09-01 07:00:22.5655579 +07:00,7,9E344EE1-33B4-4F8B-BE8E-7CDCA6DA59EC,Summary PL & EBITDA,2,Dim Company,SSIS,2026-09-01 00:00:15.000,2026-09-01 00:00:29.000,1,Succeeded,1104792,"/ISSERVER ""\""\SSISDB\SummaryPL\Summary PL Project\dim_company.dtsx\"""" /SERVER ""\"".\"""" /Par ""\""$ServerOption::LOGGING_LEVEL(Int16)\"""";1 /Par ""\""$ServerOption::SYNCHRONIZED(Boolean)\"""";True /CALLERINFO SQLAGENT /REPORTING E",TIME_OVERLAP_ONLY
1240285,Project_Fact,DWH_SMALLER_FACT,CHECK_QUERY_DATA.dtsx,2026-09-01 07:00:16.5632170 +07:00,2026-09-01 07:00:22.5565565 +07:00,7,F5090C74-FE2C-479E-8A22-C23FD4B84C05,Areal Statement,1,SOURCE_to_DWH_STG,SSIS,2026-09-01 00:00:00.000,2026-09-01 00:01:27.000,1,Succeeded,1104796,"/ISSERVER ""\""\SSISDB\Areal Statement\Areal Statement\SOURCE_to_DWH_STG.dtsx\"""" /SERVER ""\""BGASVR-DWH-DEV\"""" /X86 /Par ""\""$ServerOption::LOGGING_LEVEL(Int16)\"""";1 /Par ""\""$ServerOption::SYNCHRONIZED(Boolean)\"""";True /CALLERINFO SQLAGENT /REPORTING E",TIME_OVERLAP_ONLY
1240285,Project_Fact,DWH_SMALLER_FACT,CHECK_QUERY_DATA.dtsx,2026-09-01 07:00:16.5632170 +07:00,2026-09-01 07:00:22.5565565 +07:00,7,28D1D9C7-04B8-4278-8A3C-D0915D89468A,COGS,1,stg_CogsReport,SSIS,2026-09-01 00:00:00.000,2026-09-01 00:04:51.000,1,Succeeded,1104799,"/ISSERVER ""\""\SSISDB\COGS\COGS\stg_CogsReport.dtsx\"""" /SERVER ""\"".\"""" /Par ""\""$ServerOption::LOGGING_LEVEL(Int16)\"""";1 /Par ""\""$ServerOption::SYNCHRONIZED(Boolean)\"""";True /CALLERINFO SQLAGENT /REPORTING E",TIME_OVERLAP_ONLY
1240285,Project_Fact,DWH_SMALLER_FACT,CHECK_QUERY_DATA.dtsx,2026-09-01 07:00:16.5632170 +07:00,2026-09-01 07:00:22.5565565 +07:00,7,F1DDA30D-6D72-4146-A71F-F5D1FBC1BCEB,Komparasi Overhead Metro,1,DWH_STG to DWH_DM,SSIS,2026-09-01 00:00:00.000,2026-09-01 00:20:55.000,1,Succeeded,1104820,"/ISSERVER ""\""\SSISDB\Komparasi Overhead Metro\Komparasi Overhead Metro\DWH_STG_to_DWH_DM.dtsx\"""" /SERVER ""\""BGASVR-DWH-DEV\"""" /Par ""\""$ServerOption::LOGGING_LEVEL(Int16)\"""";1 /Par ""\""$ServerOption::SYNCHRONIZED(Boolean)\"""";True /CALLERINFO SQLAGENT /REPORTING E",TIME_OVERLAP_ONLY
1240285,Project_Fact,DWH_SMALLER_FACT,CHECK_QUERY_DATA.dtsx,2026-09-01 07:00:16.5632170 +07:00,2026-09-01 07:00:22.5565565 +07:00,7,4405D861-AE6C-4CD7-8E9B-33591EE6C9F8,SEQUENCE_TABLE_SPARTA_4T,1,SEQ_STAGING_SPARTA_4T,SSIS,2026-09-01 00:00:00.000,2026-09-01 00:15:51.000,1,Succeeded,1104813,"/ISSERVER ""\""\SSISDB\Sequence_Table\Sequence_Table\Seq_Staging_SPARTA_4T.dtsx\"""" /SERVER ""\"".\"""" /Par ""\""$ServerOption::LOGGING_LEVEL(Int16)\"""";1 /Par ""\""$ServerOption::SYNCHRONIZED(Boolean)\"""";True /CALLERINFO SQLAGENT /REPORTING E",TIME_OVERLAP_ONLY
1240285,Project_Fact,DWH_SMALLER_FACT,CHECK_QUERY_DATA.dtsx,2026-09-01 07:00:16.5632170 +07:00,2026-09-01 07:00:22.5565565 +07:00,7,9E344EE1-33B4-4F8B-BE8E-7CDCA6DA59EC,Summary PL & EBITDA,2,Dim Company,SSIS,2026-09-01 00:00:15.000,2026-09-01 00:00:29.000,1,Succeeded,1104792,"/ISSERVER ""\""\SSISDB\SummaryPL\Summary PL Project\dim_company.dtsx\"""" /SERVER ""\"".\"""" /Par ""\""$ServerOption::LOGGING_LEVEL(Int16)\"""";1 /Par ""\""$ServerOption::SYNCHRONIZED(Boolean)\"""";True /CALLERINFO SQLAGENT /REPORTING E",TIME_OVERLAP_ONLY
1240286,Project_Fact,ANALISA_LOW_YIELD,Fact.dtsx,2026-09-01 07:00:25.0787079 +07:00,2026-09-01 07:04:25.2534577 +07:00,7,28D1D9C7-04B8-4278-8A3C-D0915D89468A,COGS,1,stg_CogsReport,SSIS,2026-09-01 00:00:00.000,2026-09-01 00:04:51.000,1,Succeeded,1104799,"/ISSERVER ""\""\SSISDB\COGS\COGS\stg_CogsReport.dtsx\"""" /SERVER ""\"".\"""" /Par ""\""$ServerOption::LOGGING_LEVEL(Int16)\"""";1 /Par ""\""$ServerOption::SYNCHRONIZED(Boolean)\"""";True /CALLERINFO SQLAGENT /REPORTING E",TIME_OVERLAP_ONLY
1240286,Project_Fact,ANALISA_LOW_YIELD,Fact.dtsx,2026-09-01 07:00:25.0787079 +07:00,2026-09-01 07:04:25.2534577 +07:00,7,F1DDA30D-6D72-4146-A71F-F5D1FBC1BCEB,Komparasi Overhead Metro,1,DWH_STG to DWH_DM,SSIS,2026-09-01 00:00:00.000,2026-09-01 00:20:55.000,1,Succeeded,1104820,"/ISSERVER ""\""\SSISDB\Komparasi Overhead Metro\Komparasi Overhead Metro\DWH_STG_to_DWH_DM.dtsx\"""" /SERVER ""\""BGASVR-DWH-DEV\"""" /Par ""\""$ServerOption::LOGGING_LEVEL(Int16)\"""";1 /Par ""\""$ServerOption::SYNCHRONIZED(Boolean)\"""";True /CALLERINFO SQLAGENT /REPORTING E",TIME_OVERLAP_ONLY
1240286,Project_Fact,ANALISA_LOW_YIELD,Fact.dtsx,2026-09-01 07:00:25.0787079 +07:00,2026-09-01 07:04:25.2534577 +07:00,7,4405D861-AE6C-4CD7-8E9B-33591EE6C9F8,SEQUENCE_TABLE_SPARTA_4T,1,SEQ_STAGING_SPARTA_4T,SSIS,2026-09-01 00:00:00.000,2026-09-01 00:15:51.000,1,Succeeded,1104813,"/ISSERVER ""\""\SSISDB\Sequence_Table\Sequence_Table\Seq_Staging_SPARTA_4T.dtsx\"""" /SERVER ""\"".\"""" /Par ""\""$ServerOption::LOGGING_LEVEL(Int16)\"""";1 /Par ""\""$ServerOption::SYNCHRONIZED(Boolean)\"""";True /CALLERINFO SQLAGENT /REPORTING E",TIME_OVERLAP_ONLY
1240287,Project_Fact,DWH_SMALLER_FACT,FACT_MONITORING_CAPEX.dtsx,2026-09-01 07:00:25.5637354 +07:00,2026-09-01 07:16:05.7965727 +07:00,7,F1DDA30D-6D72-4146-A71F-F5D1FBC1BCEB,Komparasi Overhead Metro,1,DWH_STG to DWH_DM,SSIS,2026-09-01 00:00:00.000,2026-09-01 00:20:55.000,1,Succeeded,1104820,"/ISSERVER ""\""\SSISDB\Komparasi Overhead Metro\Komparasi Overhead Metro\DWH_STG_to_DWH_DM.dtsx\"""" /SERVER ""\""BGASVR-DWH-DEV\"""" /Par ""\""$ServerOption::LOGGING_LEVEL(Int16)\"""";1 /Par ""\""$ServerOption::SYNCHRONIZED(Boolean)\"""";True /CALLERINFO SQLAGENT /REPORTING E",TIME_OVERLAP_ONLY
1240289,Sequence_Table,Sequence_Table,Seq_Staging_Power_Monitoring.dtsx,2026-09-01 07:05:01.7965547 +07:00,2026-09-01 07:05:32.4283057 +07:00,7,F5090C74-FE2C-479E-8A22-C23FD4B84C05,Areal Statement,2,DWH_STG_to_DWH_DM,SSIS,2026-09-01 00:01:27.000,2026-09-01 00:10:08.000,1,Succeeded,1104806,"/ISSERVER ""\""\SSISDB\Areal Statement\Areal Statement\DWH_STG_to_DWH_DM.dtsx\"""" /SERVER ""\""BGASVR-DWH-DEV\"""" /X86 /Par ""\""$ServerOption::LOGGING_LEVEL(Int16)\"""";1 /Par ""\""$ServerOption::SYNCHRONIZED(Boolean)\"""";True /CALLERINFO SQLAGENT /REPORTING E",TIME_OVERLAP_ONLY
1240289,Sequence_Table,Sequence_Table,Seq_Staging_Power_Monitoring.dtsx,2026-09-01 07:05:01.7965547 +07:00,2026-09-01 07:05:32.4283057 +07:00,7,1225ADC7-FF0D-402D-BAEA-A97F7FC50CB1,AWL,1,Staging,SSIS,2026-09-01 00:05:00.000,2026-09-01 00:13:56.000,1,Succeeded,1104809,"/ISSERVER ""\""\SSISDB\Project_Fact\AWL\Staging.dtsx\"""" /SERVER ""\"".\"""" /X86 /Par ""\""$ServerOption::LOGGING_LEVEL(Int16)\"""";1 /Par ""\""$ServerOption::SYNCHRONIZED(Boolean)\"""";True /CALLERINFO SQLAGENT /REPORTING E",TIME_OVERLAP_ONLY
1240289,Sequence_Table,Sequence_Table,Seq_Staging_Power_Monitoring.dtsx,2026-09-01 07:05:01.7965547 +07:00,2026-09-01 07:05:32.4283057 +07:00,7,F1DDA30D-6D72-4146-A71F-F5D1FBC1BCEB,Komparasi Overhead Metro,1,DWH_STG to DWH_DM,SSIS,2026-09-01 00:00:00.000,2026-09-01 00:20:55.000,1,Succeeded,1104820,"/ISSERVER ""\""\SSISDB\Komparasi Overhead Metro\Komparasi Overhead Metro\DWH_STG_to_DWH_DM.dtsx\"""" /SERVER ""\""BGASVR-DWH-DEV\"""" /Par ""\""$ServerOption::LOGGING_LEVEL(Int16)\"""";1 /Par ""\""$ServerOption::SYNCHRONIZED(Boolean)\"""";True /CALLERINFO SQLAGENT /REPORTING E",TIME_OVERLAP_ONLY
1240289,Sequence_Table,Sequence_Table,Seq_Staging_Power_Monitoring.dtsx,2026-09-01 07:05:01.7965547 +07:00,2026-09-01 07:05:32.4283057 +07:00,7,6DF699D9-EE52-4283-8C24-B72C5A2D84BF,SEQUENCE_TABLE_SPARTA,1,SEQ_STAGING_SPARTA,SSIS,2026-09-01 00:05:00.000,2026-09-01 00:24:43.000,1,Succeeded,1104823,"/ISSERVER ""\""\SSISDB\Sequence_Table\Sequence_Table\Seq_Staging_SPARTA.dtsx\"""" /SERVER ""\"".\"""" /Par ""\""$ServerOption::LOGGING_LEVEL(Int16)\"""";1 /Par ""\""$ServerOption::SYNCHRONIZED(Boolean)\"""";True /CALLERINFO SQLAGENT /REPORTING E",TIME_OVERLAP_ONLY
1240289,Sequence_Table,Sequence_Table,Seq_Staging_Power_Monitoring.dtsx,2026-09-01 07:05:01.7965547 +07:00,2026-09-01 07:05:32.4283057 +07:00,7,4405D861-AE6C-4CD7-8E9B-33591EE6C9F8,SEQUENCE_TABLE_SPARTA_4T,1,SEQ_STAGING_SPARTA_4T,SSIS,2026-09-01 00:00:00.000,2026-09-01 00:15:51.000,1,Succeeded,1104813,"/ISSERVER ""\""\SSISDB\Sequence_Table\Sequence_Table\Seq_Staging_SPARTA_4T.dtsx\"""" /SERVER ""\"".\"""" /Par ""\""$ServerOption::LOGGING_LEVEL(Int16)\"""";1 /Par ""\""$ServerOption::SYNCHRONIZED(Boolean)\"""";True /CALLERINFO SQLAGENT /REPORTING E",TIME_OVERLAP_ONLY
1240290,Project_Fact,AWL,Staging.dtsx,2026-09-01 07:05:02.0355676 +07:00,2026-09-01 07:08:12.0484559 +07:00,7,F5090C74-FE2C-479E-8A22-C23FD4B84C05,Areal Statement,2,DWH_STG_to_DWH_DM,SSIS,2026-09-01 00:01:27.000,2026-09-01 00:10:08.000,1,Succeeded,1104806,"/ISSERVER ""\""\SSISDB\Areal Statement\Areal Statement\DWH_STG_to_DWH_DM.dtsx\"""" /SERVER ""\""BGASVR-DWH-DEV\"""" /X86 /Par ""\""$ServerOption::LOGGING_LEVEL(Int16)\"""";1 /Par ""\""$ServerOption::SYNCHRONIZED(Boolean)\"""";True /CALLERINFO SQLAGENT /REPORTING E",TIME_OVERLAP_ONLY
1240290,Project_Fact,AWL,Staging.dtsx,2026-09-01 07:05:02.0355676 +07:00,2026-09-01 07:08:12.0484559 +07:00,7,F1DDA30D-6D72-4146-A71F-F5D1FBC1BCEB,Komparasi Overhead Metro,1,DWH_STG to DWH_DM,SSIS,2026-09-01 00:00:00.000,2026-09-01 00:20:55.000,1,Succeeded,1104820,"/ISSERVER ""\""\SSISDB\Komparasi Overhead Metro\Komparasi Overhead Metro\DWH_STG_to_DWH_DM.dtsx\"""" /SERVER ""\""BGASVR-DWH-DEV\"""" /Par ""\""$ServerOption::LOGGING_LEVEL(Int16)\"""";1 /Par ""\""$ServerOption::SYNCHRONIZED(Boolean)\"""";True /CALLERINFO SQLAGENT /REPORTING E",TIME_OVERLAP_ONLY
1240290,Project_Fact,AWL,Staging.dtsx,2026-09-01 07:05:02.0355676 +07:00,2026-09-01 07:08:12.0484559 +07:00,7,6DF699D9-EE52-4283-8C24-B72C5A2D84BF,SEQUENCE_TABLE_SPARTA,1,SEQ_STAGING_SPARTA,SSIS,2026-09-01 00:05:00.000,2026-09-01 00:24:43.000,1,Succeeded,1104823,"/ISSERVER ""\""\SSISDB\Sequence_Table\Sequence_Table\Seq_Staging_SPARTA.dtsx\"""" /SERVER ""\"".\"""" /Par ""\""$ServerOption::LOGGING_LEVEL(Int16)\"""";1 /Par ""\""$ServerOption::SYNCHRONIZED(Boolean)\"""";True /CALLERINFO SQLAGENT /REPORTING E",TIME_OVERLAP_ONLY
1240290,Project_Fact,AWL,Staging.dtsx,2026-09-01 07:05:02.0355676 +07:00,2026-09-01 07:08:12.0484559 +07:00,7,4405D861-AE6C-4CD7-8E9B-33591EE6C9F8,SEQUENCE_TABLE_SPARTA_4T,1,SEQ_STAGING_SPARTA_4T,SSIS,2026-09-01 00:00:00.000,2026-09-01 00:15:51.000,1,Succeeded,1104813,"/ISSERVER ""\""\SSISDB\Sequence_Table\Sequence_Table\Seq_Staging_SPARTA_4T.dtsx\"""" /SERVER ""\"".\"""" /Par ""\""$ServerOption::LOGGING_LEVEL(Int16)\"""";1 /Par ""\""$ServerOption::SYNCHRONIZED(Boolean)\"""";True /CALLERINFO SQLAGENT /REPORTING E",TIME_OVERLAP_ONLY
1240290,Project_Fact,AWL,Staging.dtsx,2026-09-01 07:05:02.0355676 +07:00,2026-09-01 07:08:12.0484559 +07:00,7,1225ADC7-FF0D-402D-BAEA-A97F7FC50CB1,AWL,1,Staging,SSIS,2026-09-01 00:05:00.000,2026-09-01 00:13:56.000,1,Succeeded,1104809,"/ISSERVER ""\""\SSISDB\Project_Fact\AWL\Staging.dtsx\"""" /SERVER ""\"".\"""" /X86 /Par ""\""$ServerOption::LOGGING_LEVEL(Int16)\"""";1 /Par ""\""$ServerOption::SYNCHRONIZED(Boolean)\"""";True /CALLERINFO SQLAGENT /REPORTING E",STRONG_NAME_OR_COMMAND_MATCH
1240291,Project_Fact,DWH_POWER_MONITORING,Fact.dtsx,2026-09-01 07:05:37.3275845 +07:00,2026-09-01 07:07:02.0584356 +07:00,7,F5090C74-FE2C-479E-8A22-C23FD4B84C05,Areal Statement,2,DWH_STG_to_DWH_DM,SSIS,2026-09-01 00:01:27.000,2026-09-01 00:10:08.000,1,Succeeded,1104806,"/ISSERVER ""\""\SSISDB\Areal Statement\Areal Statement\DWH_STG_to_DWH_DM.dtsx\"""" /SERVER ""\""BGASVR-DWH-DEV\"""" /X86 /Par ""\""$ServerOption::LOGGING_LEVEL(Int16)\"""";1 /Par ""\""$ServerOption::SYNCHRONIZED(Boolean)\"""";True /CALLERINFO SQLAGENT /REPORTING E",TIME_OVERLAP_ONLY
1240291,Project_Fact,DWH_POWER_MONITORING,Fact.dtsx,2026-09-01 07:05:37.3275845 +07:00,2026-09-01 07:07:02.0584356 +07:00,7,1225ADC7-FF0D-402D-BAEA-A97F7FC50CB1,AWL,1,Staging,SSIS,2026-09-01 00:05:00.000,2026-09-01 00:13:56.000,1,Succeeded,1104809,"/ISSERVER ""\""\SSISDB\Project_Fact\AWL\Staging.dtsx\"""" /SERVER ""\"".\"""" /X86 /Par ""\""$ServerOption::LOGGING_LEVEL(Int16)\"""";1 /Par ""\""$ServerOption::SYNCHRONIZED(Boolean)\"""";True /CALLERINFO SQLAGENT /REPORTING E",TIME_OVERLAP_ONLY
1240291,Project_Fact,DWH_POWER_MONITORING,Fact.dtsx,2026-09-01 07:05:37.3275845 +07:00,2026-09-01 07:07:02.0584356 +07:00,7,F1DDA30D-6D72-4146-A71F-F5D1FBC1BCEB,Komparasi Overhead Metro,1,DWH_STG to DWH_DM,SSIS,2026-09-01 00:00:00.000,2026-09-01 00:20:55.000,1,Succeeded,1104820,"/ISSERVER ""\""\SSISDB\Komparasi Overhead Metro\Komparasi Overhead Metro\DWH_STG_to_DWH_DM.dtsx\"""" /SERVER ""\""BGASVR-DWH-DEV\"""" /Par ""\""$ServerOption::LOGGING_LEVEL(Int16)\"""";1 /Par ""\""$ServerOption::SYNCHRONIZED(Boolean)\"""";True /CALLERINFO SQLAGENT /REPORTING E",TIME_OVERLAP_ONLY
1240291,Project_Fact,DWH_POWER_MONITORING,Fact.dtsx,2026-09-01 07:05:37.3275845 +07:00,2026-09-01 07:07:02.0584356 +07:00,7,6DF699D9-EE52-4283-8C24-B72C5A2D84BF,SEQUENCE_TABLE_SPARTA,1,SEQ_STAGING_SPARTA,SSIS,2026-09-01 00:05:00.000,2026-09-01 00:24:43.000,1,Succeeded,1104823,"/ISSERVER ""\""\SSISDB\Sequence_Table\Sequence_Table\Seq_Staging_SPARTA.dtsx\"""" /SERVER ""\"".\"""" /Par ""\""$ServerOption::LOGGING_LEVEL(Int16)\"""";1 /Par ""\""$ServerOption::SYNCHRONIZED(Boolean)\"""";True /CALLERINFO SQLAGENT /REPORTING E",TIME_OVERLAP_ONLY
1240291,Project_Fact,DWH_POWER_MONITORING,Fact.dtsx,2026-09-01 07:05:37.3275845 +07:00,2026-09-01 07:07:02.0584356 +07:00,7,4405D861-AE6C-4CD7-8E9B-33591EE6C9F8,SEQUENCE_TABLE_SPARTA_4T,1,SEQ_STAGING_SPARTA_4T,SSIS,2026-09-01 00:00:00.000,2026-09-01 00:15:51.000,1,Succeeded,1104813,"/ISSERVER ""\""\SSISDB\Sequence_Table\Sequence_Table\Seq_Staging_SPARTA_4T.dtsx\"""" /SERVER ""\"".\"""" /Par ""\""$ServerOption::LOGGING_LEVEL(Int16)\"""";1 /Par ""\""$ServerOption::SYNCHRONIZED(Boolean)\"""";True /CALLERINFO SQLAGENT /REPORTING E",TIME_OVERLAP_ONLY
1240292,Project_Fact,SPARTA_PROJECT,FACT_SPARTA_FISIK_PREMI.dtsx,2026-09-01 07:06:28.1114925 +07:00,2026-09-01 07:23:46.8549762 +07:00,7,6DF699D9-EE52-4283-8C24-B72C5A2D84BF,SEQUENCE_TABLE_SPARTA,1,SEQ_STAGING_SPARTA,SSIS,2026-09-01 00:05:00.000,2026-09-01 00:24:43.000,1,Succeeded,1104823,"/ISSERVER ""\""\SSISDB\Sequence_Table\Sequence_Table\Seq_Staging_SPARTA.dtsx\"""" /SERVER ""\"".\"""" /Par ""\""$ServerOption::LOGGING_LEVEL(Int16)\"""";1 /Par ""\""$ServerOption::SYNCHRONIZED(Boolean)\"""";True /CALLERINFO SQLAGENT /REPORTING E",TIME_OVERLAP_ONLY
1240293,Project_Fact,AWL,Fact.dtsx,2026-09-01 07:08:36.4118426 +07:00,2026-09-01 07:08:59.5081635 +07:00,7,F5090C74-FE2C-479E-8A22-C23FD4B84C05,Areal Statement,2,DWH_STG_to_DWH_DM,SSIS,2026-09-01 00:01:27.000,2026-09-01 00:10:08.000,1,Succeeded,1104806,"/ISSERVER ""\""\SSISDB\Areal Statement\Areal Statement\DWH_STG_to_DWH_DM.dtsx\"""" /SERVER ""\""BGASVR-DWH-DEV\"""" /X86 /Par ""\""$ServerOption::LOGGING_LEVEL(Int16)\"""";1 /Par ""\""$ServerOption::SYNCHRONIZED(Boolean)\"""";True /CALLERINFO SQLAGENT /REPORTING E",TIME_OVERLAP_ONLY
1240293,Project_Fact,AWL,Fact.dtsx,2026-09-01 07:08:36.4118426 +07:00,2026-09-01 07:08:59.5081635 +07:00,7,1225ADC7-FF0D-402D-BAEA-A97F7FC50CB1,AWL,1,Staging,SSIS,2026-09-01 00:05:00.000,2026-09-01 00:13:56.000,1,Succeeded,1104809,"/ISSERVER ""\""\SSISDB\Project_Fact\AWL\Staging.dtsx\"""" /SERVER ""\"".\"""" /X86 /Par ""\""$ServerOption::LOGGING_LEVEL(Int16)\"""";1 /Par ""\""$ServerOption::SYNCHRONIZED(Boolean)\"""";True /CALLERINFO SQLAGENT /REPORTING E",TIME_OVERLAP_ONLY
1240293,Project_Fact,AWL,Fact.dtsx,2026-09-01 07:08:36.4118426 +07:00,2026-09-01 07:08:59.5081635 +07:00,7,F1DDA30D-6D72-4146-A71F-F5D1FBC1BCEB,Komparasi Overhead Metro,1,DWH_STG to DWH_DM,SSIS,2026-09-01 00:00:00.000,2026-09-01 00:20:55.000,1,Succeeded,1104820,"/ISSERVER ""\""\SSISDB\Komparasi Overhead Metro\Komparasi Overhead Metro\DWH_STG_to_DWH_DM.dtsx\"""" /SERVER ""\""BGASVR-DWH-DEV\"""" /Par ""\""$ServerOption::LOGGING_LEVEL(Int16)\"""";1 /Par ""\""$ServerOption::SYNCHRONIZED(Boolean)\"""";True /CALLERINFO SQLAGENT /REPORTING E",TIME_OVERLAP_ONLY
1240293,Project_Fact,AWL,Fact.dtsx,2026-09-01 07:08:36.4118426 +07:00,2026-09-01 07:08:59.5081635 +07:00,7,6DF699D9-EE52-4283-8C24-B72C5A2D84BF,SEQUENCE_TABLE_SPARTA,1,SEQ_STAGING_SPARTA,SSIS,2026-09-01 00:05:00.000,2026-09-01 00:24:43.000,1,Succeeded,1104823,"/ISSERVER ""\""\SSISDB\Sequence_Table\Sequence_Table\Seq_Staging_SPARTA.dtsx\"""" /SERVER ""\"".\"""" /Par ""\""$ServerOption::LOGGING_LEVEL(Int16)\"""";1 /Par ""\""$ServerOption::SYNCHRONIZED(Boolean)\"""";True /CALLERINFO SQLAGENT /REPORTING E",TIME_OVERLAP_ONLY
1240293,Project_Fact,AWL,Fact.dtsx,2026-09-01 07:08:36.4118426 +07:00,2026-09-01 07:08:59.5081635 +07:00,7,4405D861-AE6C-4CD7-8E9B-33591EE6C9F8,SEQUENCE_TABLE_SPARTA_4T,1,SEQ_STAGING_SPARTA_4T,SSIS,2026-09-01 00:00:00.000,2026-09-01 00:15:51.000,1,Succeeded,1104813,"/ISSERVER ""\""\SSISDB\Sequence_Table\Sequence_Table\Seq_Staging_SPARTA_4T.dtsx\"""" /SERVER ""\"".\"""" /Par ""\""$ServerOption::LOGGING_LEVEL(Int16)\"""";1 /Par ""\""$ServerOption::SYNCHRONIZED(Boolean)\"""";True /CALLERINFO SQLAGENT /REPORTING E",TIME_OVERLAP_ONLY
1240294,Project_Fact,AWL,AWL_Warning.dtsx,2026-09-01 07:09:02.0923133 +07:00,2026-09-01 07:09:06.2045459 +07:00,7,F5090C74-FE2C-479E-8A22-C23FD4B84C05,Areal Statement,2,DWH_STG_to_DWH_DM,SSIS,2026-09-01 00:01:27.000,2026-09-01 00:10:08.000,1,Succeeded,1104806,"/ISSERVER ""\""\SSISDB\Areal Statement\Areal Statement\DWH_STG_to_DWH_DM.dtsx\"""" /SERVER ""\""BGASVR-DWH-DEV\"""" /X86 /Par ""\""$ServerOption::LOGGING_LEVEL(Int16)\"""";1 /Par ""\""$ServerOption::SYNCHRONIZED(Boolean)\"""";True /CALLERINFO SQLAGENT /REPORTING E",TIME_OVERLAP_ONLY
1240294,Project_Fact,AWL,AWL_Warning.dtsx,2026-09-01 07:09:02.0923133 +07:00,2026-09-01 07:09:06.2045459 +07:00,7,1225ADC7-FF0D-402D-BAEA-A97F7FC50CB1,AWL,1,Staging,SSIS,2026-09-01 00:05:00.000,2026-09-01 00:13:56.000,1,Succeeded,1104809,"/ISSERVER ""\""\SSISDB\Project_Fact\AWL\Staging.dtsx\"""" /SERVER ""\"".\"""" /X86 /Par ""\""$ServerOption::LOGGING_LEVEL(Int16)\"""";1 /Par ""\""$ServerOption::SYNCHRONIZED(Boolean)\"""";True /CALLERINFO SQLAGENT /REPORTING E",TIME_OVERLAP_ONLY
1240294,Project_Fact,AWL,AWL_Warning.dtsx,2026-09-01 07:09:02.0923133 +07:00,2026-09-01 07:09:06.2045459 +07:00,7,F1DDA30D-6D72-4146-A71F-F5D1FBC1BCEB,Komparasi Overhead Metro,1,DWH_STG to DWH_DM,SSIS,2026-09-01 00:00:00.000,2026-09-01 00:20:55.000,1,Succeeded,1104820,"/ISSERVER ""\""\SSISDB\Komparasi Overhead Metro\Komparasi Overhead Metro\DWH_STG_to_DWH_DM.dtsx\"""" /SERVER ""\""BGASVR-DWH-DEV\"""" /Par ""\""$ServerOption::LOGGING_LEVEL(Int16)\"""";1 /Par ""\""$ServerOption::SYNCHRONIZED(Boolean)\"""";True /CALLERINFO SQLAGENT /REPORTING E",TIME_OVERLAP_ONLY
1240294,Project_Fact,AWL,AWL_Warning.dtsx,2026-09-01 07:09:02.0923133 +07:00,2026-09-01 07:09:06.2045459 +07:00,7,6DF699D9-EE52-4283-8C24-B72C5A2D84BF,SEQUENCE_TABLE_SPARTA,1,SEQ_STAGING_SPARTA,SSIS,2026-09-01 00:05:00.000,2026-09-01 00:24:43.000,1,Succeeded,1104823,"/ISSERVER ""\""\SSISDB\Sequence_Table\Sequence_Table\Seq_Staging_SPARTA.dtsx\"""" /SERVER ""\"".\"""" /Par ""\""$ServerOption::LOGGING_LEVEL(Int16)\"""";1 /Par ""\""$ServerOption::SYNCHRONIZED(Boolean)\"""";True /CALLERINFO SQLAGENT /REPORTING E",TIME_OVERLAP_ONLY
1240294,Project_Fact,AWL,AWL_Warning.dtsx,2026-09-01 07:09:02.0923133 +07:00,2026-09-01 07:09:06.2045459 +07:00,7,4405D861-AE6C-4CD7-8E9B-33591EE6C9F8,SEQUENCE_TABLE_SPARTA_4T,1,SEQ_STAGING_SPARTA_4T,SSIS,2026-09-01 00:00:00.000,2026-09-01 00:15:51.000,1,Succeeded,1104813,"/ISSERVER ""\""\SSISDB\Sequence_Table\Sequence_Table\Seq_Staging_SPARTA_4T.dtsx\"""" /SERVER ""\"".\"""" /Par ""\""$ServerOption::LOGGING_LEVEL(Int16)\"""";1 /Par ""\""$ServerOption::SYNCHRONIZED(Boolean)\"""";True /CALLERINFO SQLAGENT /REPORTING E",TIME_OVERLAP_ONLY
1240295,Project_Fact,Audit HO,STG Audit.dtsx,2026-09-01 07:10:04.3618796 +07:00,2026-09-01 07:10:09.0651702 +07:00,7,1225ADC7-FF0D-402D-BAEA-A97F7FC50CB1,AWL,1,Staging,SSIS,2026-09-01 00:05:00.000,2026-09-01 00:13:56.000,1,Succeeded,1104809,"/ISSERVER ""\""\SSISDB\Project_Fact\AWL\Staging.dtsx\"""" /SERVER ""\"".\"""" /X86 /Par ""\""$ServerOption::LOGGING_LEVEL(Int16)\"""";1 /Par ""\""$ServerOption::SYNCHRONIZED(Boolean)\"""";True /CALLERINFO SQLAGENT /REPORTING E",TIME_OVERLAP_ONLY
1240295,Project_Fact,Audit HO,STG Audit.dtsx,2026-09-01 07:10:04.3618796 +07:00,2026-09-01 07:10:09.0651702 +07:00,7,F1DDA30D-6D72-4146-A71F-F5D1FBC1BCEB,Komparasi Overhead Metro,1,DWH_STG to DWH_DM,SSIS,2026-09-01 00:00:00.000,2026-09-01 00:20:55.000,1,Succeeded,1104820,"/ISSERVER ""\""\SSISDB\Komparasi Overhead Metro\Komparasi Overhead Metro\DWH_STG_to_DWH_DM.dtsx\"""" /SERVER ""\""BGASVR-DWH-DEV\"""" /Par ""\""$ServerOption::LOGGING_LEVEL(Int16)\"""";1 /Par ""\""$ServerOption::SYNCHRONIZED(Boolean)\"""";True /CALLERINFO SQLAGENT /REPORTING E",TIME_OVERLAP_ONLY
1240295,Project_Fact,Audit HO,STG Audit.dtsx,2026-09-01 07:10:04.3618796 +07:00,2026-09-01 07:10:09.0651702 +07:00,7,FE9026B2-F82D-40D6-B45D-FC7BF486816F,SEQUENCE_TABLE_SAP_BSIS_BSAS_BSIK_BSAK_BSID_BSAD_BKPF,1,Seq BSIS_BSAS,SSIS,2026-09-01 00:10:00.000,2026-09-01 00:16:51.000,1,Succeeded,1104814,"/ISSERVER ""\""\SSISDB\Sequence_Table\Sequence_Table\Seq_BSIS_BSAS.dtsx\"""" /SERVER ""\"".\"""" /Par ""\""$ServerOption::LOGGING_LEVEL(Int16)\"""";1 /Par ""\""$ServerOption::SYNCHRONIZED(Boolean)\"""";True /CALLERINFO SQLAGENT /REPORTING E",TIME_OVERLAP_ONLY
1240295,Project_Fact,Audit HO,STG Audit.dtsx,2026-09-01 07:10:04.3618796 +07:00,2026-09-01 07:10:09.0651702 +07:00,7,6DF699D9-EE52-4283-8C24-B72C5A2D84BF,SEQUENCE_TABLE_SPARTA,1,SEQ_STAGING_SPARTA,SSIS,2026-09-01 00:05:00.000,2026-09-01 00:24:43.000,1,Succeeded,1104823,"/ISSERVER ""\""\SSISDB\Sequence_Table\Sequence_Table\Seq_Staging_SPARTA.dtsx\"""" /SERVER ""\"".\"""" /Par ""\""$ServerOption::LOGGING_LEVEL(Int16)\"""";1 /Par ""\""$ServerOption::SYNCHRONIZED(Boolean)\"""";True /CALLERINFO SQLAGENT /REPORTING E",TIME_OVERLAP_ONLY
1240295,Project_Fact,Audit HO,STG Audit.dtsx,2026-09-01 07:10:04.3618796 +07:00,2026-09-01 07:10:09.0651702 +07:00,7,4405D861-AE6C-4CD7-8E9B-33591EE6C9F8,SEQUENCE_TABLE_SPARTA_4T,1,SEQ_STAGING_SPARTA_4T,SSIS,2026-09-01 00:00:00.000,2026-09-01 00:15:51.000,1,Succeeded,1104813,"/ISSERVER ""\""\SSISDB\Sequence_Table\Sequence_Table\Seq_Staging_SPARTA_4T.dtsx\"""" /SERVER ""\"".\"""" /Par ""\""$ServerOption::LOGGING_LEVEL(Int16)\"""";1 /Par ""\""$ServerOption::SYNCHRONIZED(Boolean)\"""";True /CALLERINFO SQLAGENT /REPORTING E",TIME_OVERLAP_ONLY
1240296,Project_Fact,DWH_COST_PER_HECTAR,Fact.dtsx,2026-09-01 07:10:04.4538812 +07:00,2026-09-01 07:11:38.3032572 +07:00,7,1225ADC7-FF0D-402D-BAEA-A97F7FC50CB1,AWL,1,Staging,SSIS,2026-09-01 00:05:00.000,2026-09-01 00:13:56.000,1,Succeeded,1104809,"/ISSERVER ""\""\SSISDB\Project_Fact\AWL\Staging.dtsx\"""" /SERVER ""\"".\"""" /X86 /Par ""\""$ServerOption::LOGGING_LEVEL(Int16)\"""";1 /Par ""\""$ServerOption::SYNCHRONIZED(Boolean)\"""";True /CALLERINFO SQLAGENT /REPORTING E",TIME_OVERLAP_ONLY
1240296,Project_Fact,DWH_COST_PER_HECTAR,Fact.dtsx,2026-09-01 07:10:04.4538812 +07:00,2026-09-01 07:11:38.3032572 +07:00,7,F1DDA30D-6D72-4146-A71F-F5D1FBC1BCEB,Komparasi Overhead Metro,1,DWH_STG to DWH_DM,SSIS,2026-09-01 00:00:00.000,2026-09-01 00:20:55.000,1,Succeeded,1104820,"/ISSERVER ""\""\SSISDB\Komparasi Overhead Metro\Komparasi Overhead Metro\DWH_STG_to_DWH_DM.dtsx\"""" /SERVER ""\""BGASVR-DWH-DEV\"""" /Par ""\""$ServerOption::LOGGING_LEVEL(Int16)\"""";1 /Par ""\""$ServerOption::SYNCHRONIZED(Boolean)\"""";True /CALLERINFO SQLAGENT /REPORTING E",TIME_OVERLAP_ONLY
1240296,Project_Fact,DWH_COST_PER_HECTAR,Fact.dtsx,2026-09-01 07:10:04.4538812 +07:00,2026-09-01 07:11:38.3032572 +07:00,7,FE9026B2-F82D-40D6-B45D-FC7BF486816F,SEQUENCE_TABLE_SAP_BSIS_BSAS_BSIK_BSAK_BSID_BSAD_BKPF,1,Seq BSIS_BSAS,SSIS,2026-09-01 00:10:00.000,2026-09-01 00:16:51.000,1,Succeeded,1104814,"/ISSERVER ""\""\SSISDB\Sequence_Table\Sequence_Table\Seq_BSIS_BSAS.dtsx\"""" /SERVER ""\"".\"""" /Par ""\""$ServerOption::LOGGING_LEVEL(Int16)\"""";1 /Par ""\""$ServerOption::SYNCHRONIZED(Boolean)\"""";True /CALLERINFO SQLAGENT /REPORTING E",TIME_OVERLAP_ONLY
1240296,Project_Fact,DWH_COST_PER_HECTAR,Fact.dtsx,2026-09-01 07:10:04.4538812 +07:00,2026-09-01 07:11:38.3032572 +07:00,7,6DF699D9-EE52-4283-8C24-B72C5A2D84BF,SEQUENCE_TABLE_SPARTA,1,SEQ_STAGING_SPARTA,SSIS,2026-09-01 00:05:00.000,2026-09-01 00:24:43.000,1,Succeeded,1104823,"/ISSERVER ""\""\SSISDB\Sequence_Table\Sequence_Table\Seq_Staging_SPARTA.dtsx\"""" /SERVER ""\"".\"""" /Par ""\""$ServerOption::LOGGING_LEVEL(Int16)\"""";1 /Par ""\""$ServerOption::SYNCHRONIZED(Boolean)\"""";True /CALLERINFO SQLAGENT /REPORTING E",TIME_OVERLAP_ONLY
1240296,Project_Fact,DWH_COST_PER_HECTAR,Fact.dtsx,2026-09-01 07:10:04.4538812 +07:00,2026-09-01 07:11:38.3032572 +07:00,7,4405D861-AE6C-4CD7-8E9B-33591EE6C9F8,SEQUENCE_TABLE_SPARTA_4T,1,SEQ_STAGING_SPARTA_4T,SSIS,2026-09-01 00:00:00.000,2026-09-01 00:15:51.000,1,Succeeded,1104813,"/ISSERVER ""\""\SSISDB\Sequence_Table\Sequence_Table\Seq_Staging_SPARTA_4T.dtsx\"""" /SERVER ""\"".\"""" /Par ""\""$ServerOption::LOGGING_LEVEL(Int16)\"""";1 /Par ""\""$ServerOption::SYNCHRONIZED(Boolean)\"""";True /CALLERINFO SQLAGENT /REPORTING E",TIME_OVERLAP_ONLY
1240297,Project_Fact,DWH_SMALLER_FACT,CHECK_QUERY_DATA.dtsx,2026-09-01 07:10:04.9579120 +07:00,2026-09-01 07:10:11.1842715 +07:00,7,1225ADC7-FF0D-402D-BAEA-A97F7FC50CB1,AWL,1,Staging,SSIS,2026-09-01 00:05:00.000,2026-09-01 00:13:56.000,1,Succeeded,1104809,"/ISSERVER ""\""\SSISDB\Project_Fact\AWL\Staging.dtsx\"""" /SERVER ""\"".\"""" /X86 /Par ""\""$ServerOption::LOGGING_LEVEL(Int16)\"""";1 /Par ""\""$ServerOption::SYNCHRONIZED(Boolean)\"""";True /CALLERINFO SQLAGENT /REPORTING E",TIME_OVERLAP_ONLY
1240297,Project_Fact,DWH_SMALLER_FACT,CHECK_QUERY_DATA.dtsx,2026-09-01 07:10:04.9579120 +07:00,2026-09-01 07:10:11.1842715 +07:00,7,F1DDA30D-6D72-4146-A71F-F5D1FBC1BCEB,Komparasi Overhead Metro,1,DWH_STG to DWH_DM,SSIS,2026-09-01 00:00:00.000,2026-09-01 00:20:55.000,1,Succeeded,1104820,"/ISSERVER ""\""\SSISDB\Komparasi Overhead Metro\Komparasi Overhead Metro\DWH_STG_to_DWH_DM.dtsx\"""" /SERVER ""\""BGASVR-DWH-DEV\"""" /Par ""\""$ServerOption::LOGGING_LEVEL(Int16)\"""";1 /Par ""\""$ServerOption::SYNCHRONIZED(Boolean)\"""";True /CALLERINFO SQLAGENT /REPORTING E",TIME_OVERLAP_ONLY
1240297,Project_Fact,DWH_SMALLER_FACT,CHECK_QUERY_DATA.dtsx,2026-09-01 07:10:04.9579120 +07:00,2026-09-01 07:10:11.1842715 +07:00,7,FE9026B2-F82D-40D6-B45D-FC7BF486816F,SEQUENCE_TABLE_SAP_BSIS_BSAS_BSIK_BSAK_BSID_BSAD_BKPF,1,Seq BSIS_BSAS,SSIS,2026-09-01 00:10:00.000,2026-09-01 00:16:51.000,1,Succeeded,1104814,"/ISSERVER ""\""\SSISDB\Sequence_Table\Sequence_Table\Seq_BSIS_BSAS.dtsx\"""" /SERVER ""\"".\"""" /Par ""\""$ServerOption::LOGGING_LEVEL(Int16)\"""";1 /Par ""\""$ServerOption::SYNCHRONIZED(Boolean)\"""";True /CALLERINFO SQLAGENT /REPORTING E",TIME_OVERLAP_ONLY
1240297,Project_Fact,DWH_SMALLER_FACT,CHECK_QUERY_DATA.dtsx,2026-09-01 07:10:04.9579120 +07:00,2026-09-01 07:10:11.1842715 +07:00,7,6DF699D9-EE52-4283-8C24-B72C5A2D84BF,SEQUENCE_TABLE_SPARTA,1,SEQ_STAGING_SPARTA,SSIS,2026-09-01 00:05:00.000,2026-09-01 00:24:43.000,1,Succeeded,1104823,"/ISSERVER ""\""\SSISDB\Sequence_Table\Sequence_Table\Seq_Staging_SPARTA.dtsx\"""" /SERVER ""\"".\"""" /Par ""\""$ServerOption::LOGGING_LEVEL(Int16)\"""";1 /Par ""\""$ServerOption::SYNCHRONIZED(Boolean)\"""";True /CALLERINFO SQLAGENT /REPORTING E",TIME_OVERLAP_ONLY
1240297,Project_Fact,DWH_SMALLER_FACT,CHECK_QUERY_DATA.dtsx,2026-09-01 07:10:04.9579120 +07:00,2026-09-01 07:10:11.1842715 +07:00,7,4405D861-AE6C-4CD7-8E9B-33591EE6C9F8,SEQUENCE_TABLE_SPARTA_4T,1,SEQ_STAGING_SPARTA_4T,SSIS,2026-09-01 00:00:00.000,2026-09-01 00:15:51.000,1,Succeeded,1104813,"/ISSERVER ""\""\SSISDB\Sequence_Table\Sequence_Table\Seq_Staging_SPARTA_4T.dtsx\"""" /SERVER ""\"".\"""" /Par ""\""$ServerOption::LOGGING_LEVEL(Int16)\"""";1 /Par ""\""$ServerOption::SYNCHRONIZED(Boolean)\"""";True /CALLERINFO SQLAGENT /REPORTING E",TIME_OVERLAP_ONLY
1240300,Project_Fact,DWH_TRAKSI,STG_TRAKSI_LHT.dtsx,2026-09-01 07:20:00.7070313 +07:00,2026-09-01 07:21:56.1306414 +07:00,7,6DF699D9-EE52-4283-8C24-B72C5A2D84BF,SEQUENCE_TABLE_SPARTA,1,SEQ_STAGING_SPARTA,SSIS,2026-09-01 00:05:00.000,2026-09-01 00:24:43.000,1,Succeeded,1104823,"/ISSERVER ""\""\SSISDB\Sequence_Table\Sequence_Table\Seq_Staging_SPARTA.dtsx\"""" /SERVER ""\"".\"""" /Par ""\""$ServerOption::LOGGING_LEVEL(Int16)\"""";1 /Par ""\""$ServerOption::SYNCHRONIZED(Boolean)\"""";True /CALLERINFO SQLAGENT /REPORTING E",TIME_OVERLAP_ONLY
1240300,Project_Fact,DWH_TRAKSI,STG_TRAKSI_LHT.dtsx,2026-09-01 07:20:00.7070313 +07:00,2026-09-01 07:21:56.1306414 +07:00,7,4405D861-AE6C-4CD7-8E9B-33591EE6C9F8,SEQUENCE_TABLE_SPARTA_4T,2,CREATE TABLE FORMAT BPS,TSQL,2026-09-01 00:15:52.000,2026-09-01 00:27:16.000,1,Succeeded,1104830,"--SPB BLOK-- DROP TABLE DWH_STG.stg.SPARTA_SPB_BLOK  SELECT * INTO DWH_STG.stg.SPARTA_SPB_BLOK FROM DWH_STG.dbo.V_SPARTA_SPB_BLOK   --SPB-- DROP TABLE DWH_STG.stg.SPARTA_SPB  SELECT * INTO DWH_STG.stg.SPARTA_SPB FROM DWH_STG.dbo.V_SPARTA_SPB ",TIME_OVERLAP_ONLY
1240299,Project_Fact,Vehicle Registration,FACT_VR.dtsx,2026-09-01 07:20:00.7150254 +07:00,2026-09-01 07:20:25.9794736 +07:00,7,F1DDA30D-6D72-4146-A71F-F5D1FBC1BCEB,Komparasi Overhead Metro,1,DWH_STG to DWH_DM,SSIS,2026-09-01 00:00:00.000,2026-09-01 00:20:55.000,1,Succeeded,1104820,"/ISSERVER ""\""\SSISDB\Komparasi Overhead Metro\Komparasi Overhead Metro\DWH_STG_to_DWH_DM.dtsx\"""" /SERVER ""\""BGASVR-DWH-DEV\"""" /Par ""\""$ServerOption::LOGGING_LEVEL(Int16)\"""";1 /Par ""\""$ServerOption::SYNCHRONIZED(Boolean)\"""";True /CALLERINFO SQLAGENT /REPORTING E",TIME_OVERLAP_ONLY
1240299,Project_Fact,Vehicle Registration,FACT_VR.dtsx,2026-09-01 07:20:00.7150254 +07:00,2026-09-01 07:20:25.9794736 +07:00,7,6DF699D9-EE52-4283-8C24-B72C5A2D84BF,SEQUENCE_TABLE_SPARTA,1,SEQ_STAGING_SPARTA,SSIS,2026-09-01 00:05:00.000,2026-09-01 00:24:43.000,1,Succeeded,1104823,"/ISSERVER ""\""\SSISDB\Sequence_Table\Sequence_Table\Seq_Staging_SPARTA.dtsx\"""" /SERVER ""\"".\"""" /Par ""\""$ServerOption::LOGGING_LEVEL(Int16)\"""";1 /Par ""\""$ServerOption::SYNCHRONIZED(Boolean)\"""";True /CALLERINFO SQLAGENT /REPORTING E",TIME_OVERLAP_ONLY
1240299,Project_Fact,Vehicle Registration,FACT_VR.dtsx,2026-09-01 07:20:00.7150254 +07:00,2026-09-01 07:20:25.9794736 +07:00,7,4405D861-AE6C-4CD7-8E9B-33591EE6C9F8,SEQUENCE_TABLE_SPARTA_4T,2,CREATE TABLE FORMAT BPS,TSQL,2026-09-01 00:15:52.000,2026-09-01 00:27:16.000,1,Succeeded,1104830,"--SPB BLOK-- DROP TABLE DWH_STG.stg.SPARTA_SPB_BLOK  SELECT * INTO DWH_STG.stg.SPARTA_SPB_BLOK FROM DWH_STG.dbo.V_SPARTA_SPB_BLOK   --SPB-- DROP TABLE DWH_STG.stg.SPARTA_SPB  SELECT * INTO DWH_STG.stg.SPARTA_SPB FROM DWH_STG.dbo.V_SPARTA_SPB ",TIME_OVERLAP_ONLY
1240301,Project_Fact,DWH_TRAKSI,FACT_TRAKSI_LHT.dtsx,2026-09-01 07:22:00.9819154 +07:00,2026-09-01 07:25:52.0981503 +07:00,7,4405D861-AE6C-4CD7-8E9B-33591EE6C9F8,SEQUENCE_TABLE_SPARTA_4T,2,CREATE TABLE FORMAT BPS,TSQL,2026-09-01 00:15:52.000,2026-09-01 00:27:16.000,1,Succeeded,1104830,"--SPB BLOK-- DROP TABLE DWH_STG.stg.SPARTA_SPB_BLOK  SELECT * INTO DWH_STG.stg.SPARTA_SPB_BLOK FROM DWH_STG.dbo.V_SPARTA_SPB_BLOK   --SPB-- DROP TABLE DWH_STG.stg.SPARTA_SPB  SELECT * INTO DWH_STG.stg.SPARTA_SPB FROM DWH_STG.dbo.V_SPARTA_SPB ",TIME_OVERLAP_ONLY
1240303,Project_Fact,DWH_TRAKSI,FACT_LHT_AB.dtsx,2026-09-01 07:25:53.0132020 +07:00,2026-09-01 07:26:53.2216534 +07:00,7,4405D861-AE6C-4CD7-8E9B-33591EE6C9F8,SEQUENCE_TABLE_SPARTA_4T,2,CREATE TABLE FORMAT BPS,TSQL,2026-09-01 00:15:52.000,2026-09-01 00:27:16.000,1,Succeeded,1104830,"--SPB BLOK-- DROP TABLE DWH_STG.stg.SPARTA_SPB_BLOK  SELECT * INTO DWH_STG.stg.SPARTA_SPB_BLOK FROM DWH_STG.dbo.V_SPARTA_SPB_BLOK   --SPB-- DROP TABLE DWH_STG.stg.SPARTA_SPB  SELECT * INTO DWH_STG.stg.SPARTA_SPB FROM DWH_STG.dbo.V_SPARTA_SPB ",TIME_OVERLAP_ONLY
1240303,Project_Fact,DWH_TRAKSI,FACT_LHT_AB.dtsx,2026-09-01 07:25:53.0132020 +07:00,2026-09-01 07:26:53.2216534 +07:00,7,DE99768D-2EE9-43B7-999B-94D63699444F,SPARTA FACT,2,Check Query Process,SSIS,2026-09-01 00:24:43.000,2026-09-01 00:27:22.000,1,Succeeded,1104839,"/ISSERVER ""\""\SSISDB\Project_Fact\DWH_SMALLER_FACT\CHECK_QUERY_DATA.dtsx\"""" /SERVER ""\"".\"""" /Par ""\""$ServerOption::LOGGING_LEVEL(Int16)\"""";1 /Par ""\""$ServerOption::SYNCHRONIZED(Boolean)\"""";True /CALLERINFO SQLAGENT /REPORTING E",TIME_OVERLAP_ONLY
1240305,Project_Fact,DAILY_DASHBOARD_PROJECT,STG_TBS_EXTERNAL.dtsx,2026-09-01 07:30:00.7193883 +07:00,2026-09-01 07:33:37.0817780 +07:00,7,62088AC8-D634-4732-B90F-19CFBDE2CD4E,AI Grading,2,Fact,SSIS,2026-09-01 00:27:29.000,2026-09-01 01:40:37.000,1,Succeeded,1104887,"/ISSERVER ""\""\SSISDB\Project_Fact\DWH_GRADING_TBS\Fact.dtsx\"""" /SERVER ""\"".\"""" /Par ""\""$ServerOption::LOGGING_LEVEL(Int16)\"""";1 /Par ""\""$ServerOption::SYNCHRONIZED(Boolean)\"""";True /CALLERINFO SQLAGENT /REPORTING E",TIME_OVERLAP_ONLY
1240305,Project_Fact,DAILY_DASHBOARD_PROJECT,STG_TBS_EXTERNAL.dtsx,2026-09-01 07:30:00.7193883 +07:00,2026-09-01 07:33:37.0817780 +07:00,7,B37FB395-F8FE-410F-BD05-0159C3640595,Daily Opr - Produksi TBS,5,Fact Monitoring TBS,SSIS,2026-09-01 00:27:33.000,2026-09-01 00:51:26.000,1,Succeeded,1104855,"/ISSERVER ""\""\SSISDB\Project_Fact\DAILY_DASHBOARD_PROJECT\FACT_DD_TBS.dtsx\"""" /SERVER ""\"".\"""" /Par ""\""$ServerOption::LOGGING_LEVEL(Int16)\"""";1 /Par ""\""$ServerOption::SYNCHRONIZED(Boolean)\"""";True /CALLERINFO SQLAGENT /REPORTING E",TIME_OVERLAP_ONLY
1240305,Project_Fact,DAILY_DASHBOARD_PROJECT,STG_TBS_EXTERNAL.dtsx,2026-09-01 07:30:00.7193883 +07:00,2026-09-01 07:33:37.0817780 +07:00,7,E7058D5B-8495-41D8-AC54-73871C098FB3,DWH_MACHINE_LEARNING,2,Fact Analisa Produksi,SSIS,2026-09-01 00:27:36.000,2026-09-01 00:37:02.000,1,Succeeded,1104851,"/ISSERVER ""\""\SSISDB\Project_Fact\MACHINE_LEARNING\FACT_AP_TBS_.dtsx\"""" /SERVER ""\"".\"""" /Par ""\""$ServerOption::LOGGING_LEVEL(Int16)\"""";1 /Par ""\""$ServerOption::SYNCHRONIZED(Boolean)\"""";True /CALLERINFO SQLAGENT /REPORTING E",TIME_OVERLAP_ONLY
1240305,Project_Fact,DAILY_DASHBOARD_PROJECT,STG_TBS_EXTERNAL.dtsx,2026-09-01 07:30:00.7193883 +07:00,2026-09-01 07:33:37.0817780 +07:00,7,34DE8AEE-46BD-45E9-B0B2-D068006FBBF5,Premi dan Lembur,1,DWH_STG to DWH_DM,SSIS,2026-09-01 00:27:17.000,2026-09-01 01:05:04.000,1,Succeeded,1104863,"/ISSERVER ""\""\SSISDB\Project_Fact\premi dan lembur monitoring\DWH_STG to DWH_DM.dtsx\"""" /SERVER ""\""BGASVR-DWH-DEV\"""" /Par ""\""$ServerOption::LOGGING_LEVEL(Int16)\"""";1 /Par ""\""$ServerOption::SYNCHRONIZED(Boolean)\"""";True /CALLERINFO SQLAGENT /REPORTING E",TIME_OVERLAP_ONLY
1240305,Project_Fact,DAILY_DASHBOARD_PROJECT,STG_TBS_EXTERNAL.dtsx,2026-09-01 07:30:00.7193883 +07:00,2026-09-01 07:33:37.0817780 +07:00,7,09FAE57B-5538-41B1-91A9-65019FD26DE1,SEQUENCE_TABLE_SAP,1,SEQ_STAGING,SSIS,2026-09-01 00:30:00.000,2026-09-01 00:52:14.000,1,Succeeded,1104857,"/ISSERVER ""\""\SSISDB\Sequence_Table\Sequence_Table\Seq_Staging_SAP.dtsx\"""" /SERVER ""\"".\"""" /Par ""\""$ServerOption::LOGGING_LEVEL(Int16)\"""";1 /Par ""\""$ServerOption::SYNCHRONIZED(Boolean)\"""";True /CALLERINFO SQLAGENT /REPORTING E",TIME_OVERLAP_ONLY
1240305,Project_Fact,DAILY_DASHBOARD_PROJECT,STG_TBS_EXTERNAL.dtsx,2026-09-01 07:30:00.7193883 +07:00,2026-09-01 07:33:37.0817780 +07:00,7,8E911887-10E9-41BB-95BE-5FDA1D5F6EAF,SEQUENCE_TABLE_SPARTA_QA,1,Staging,SSIS,2026-09-01 00:30:00.000,2026-09-01 00:36:51.000,1,Succeeded,1104849,"/ISSERVER ""\""\SSISDB\Sequence_Table\Sequence_Table\Seq_Staging_SPARTA_QA.dtsx\"""" /SERVER ""\"".\"""" /Par ""\""$ServerOption::LOGGING_LEVEL(Int16)\"""";1 /Par ""\""$ServerOption::SYNCHRONIZED(Boolean)\"""";True /CALLERINFO SQLAGENT /REPORTING E",TIME_OVERLAP_ONLY
1240305,Project_Fact,DAILY_DASHBOARD_PROJECT,STG_TBS_EXTERNAL.dtsx,2026-09-01 07:30:00.7193883 +07:00,2026-09-01 07:33:37.0817780 +07:00,7,DE99768D-2EE9-43B7-999B-94D63699444F,SPARTA FACT,3,Fact Sparta Payroll,SSIS,2026-09-01 00:27:22.000,2026-09-01 00:51:27.000,1,Succeeded,1104856,"/ISSERVER ""\""\SSISDB\Project_Fact\SPARTA_PROJECT\FACT_SPARTA_PAYROLL.dtsx\"""" /SERVER ""\""BGASVR-DWH-DEV\"""" /Par ""\""$ServerOption::LOGGING_LEVEL(Int16)\"""";1 /Par ""\""$ServerOption::SYNCHRONIZED(Boolean)\"""";True /CALLERINFO SQLAGENT /REPORTING E",TIME_OVERLAP_ONLY
1240305,Project_Fact,DAILY_DASHBOARD_PROJECT,STG_TBS_EXTERNAL.dtsx,2026-09-01 07:30:00.7193883 +07:00,2026-09-01 07:33:37.0817780 +07:00,7,5ECE39E8-D47A-4559-A8E7-5766D4B949E0,SPARTA FACT 4T,4,Fact Sparta LHA,SSIS,2026-09-01 00:28:18.000,2026-09-01 01:14:41.000,1,Succeeded,1104880,"/ISSERVER ""\""\SSISDB\Project_Fact\SPARTA_PROJECT\FACT_SPARTA_LHA_NEW.dtsx\"""" /SERVER ""\"".\"""" /Par ""\""$ServerOption::LOGGING_LEVEL(Int16)\"""";1 /Par ""\""$ServerOption::SYNCHRONIZED(Boolean)\"""";True /CALLERINFO SQLAGENT /REPORTING E",TIME_OVERLAP_ONLY
1240305,Project_Fact,DAILY_DASHBOARD_PROJECT,STG_TBS_EXTERNAL.dtsx,2026-09-01 07:30:00.7193883 +07:00,2026-09-01 07:33:37.0817780 +07:00,7,1AACB33A-47BD-4D65-9A6A-8C5821CFC713,Turnover Staff BGA,1,Staging,SSIS,2026-09-01 00:30:00.000,2026-09-01 00:47:21.000,1,Succeeded,1104853,"/ISSERVER ""\""\SSISDB\Project_Fact\DWH_TURNOVER_BGA\Staging.dtsx\"""" /SERVER ""\"".\"""" /X86 /Par ""\""$ServerOption::LOGGING_LEVEL(Int16)\"""";1 /Par ""\""$ServerOption::SYNCHRONIZED(Boolean)\"""";True /CALLERINFO SQLAGENT /REPORTING E",TIME_OVERLAP_ONLY
1240306,Project_Fact,UANG_MUKA_PROJECT,FACT_UANG_MUKA.dtsx,2026-09-01 07:30:00.7423915 +07:00,2026-09-01 07:31:24.3701789 +07:00,7,62088AC8-D634-4732-B90F-19CFBDE2CD4E,AI Grading,2,Fact,SSIS,2026-09-01 00:27:29.000,2026-09-01 01:40:37.000,1,Succeeded,1104887,"/ISSERVER ""\""\SSISDB\Project_Fact\DWH_GRADING_TBS\Fact.dtsx\"""" /SERVER ""\"".\"""" /Par ""\""$ServerOption::LOGGING_LEVEL(Int16)\"""";1 /Par ""\""$ServerOption::SYNCHRONIZED(Boolean)\"""";True /CALLERINFO SQLAGENT /REPORTING E",TIME_OVERLAP_ONLY
1240306,Project_Fact,UANG_MUKA_PROJECT,FACT_UANG_MUKA.dtsx,2026-09-01 07:30:00.7423915 +07:00,2026-09-01 07:31:24.3701789 +07:00,7,B37FB395-F8FE-410F-BD05-0159C3640595,Daily Opr - Produksi TBS,5,Fact Monitoring TBS,SSIS,2026-09-01 00:27:33.000,2026-09-01 00:51:26.000,1,Succeeded,1104855,"/ISSERVER ""\""\SSISDB\Project_Fact\DAILY_DASHBOARD_PROJECT\FACT_DD_TBS.dtsx\"""" /SERVER ""\"".\"""" /Par ""\""$ServerOption::LOGGING_LEVEL(Int16)\"""";1 /Par ""\""$ServerOption::SYNCHRONIZED(Boolean)\"""";True /CALLERINFO SQLAGENT /REPORTING E",TIME_OVERLAP_ONLY
1240306,Project_Fact,UANG_MUKA_PROJECT,FACT_UANG_MUKA.dtsx,2026-09-01 07:30:00.7423915 +07:00,2026-09-01 07:31:24.3701789 +07:00,7,E7058D5B-8495-41D8-AC54-73871C098FB3,DWH_MACHINE_LEARNING,2,Fact Analisa Produksi,SSIS,2026-09-01 00:27:36.000,2026-09-01 00:37:02.000,1,Succeeded,1104851,"/ISSERVER ""\""\SSISDB\Project_Fact\MACHINE_LEARNING\FACT_AP_TBS_.dtsx\"""" /SERVER ""\"".\"""" /Par ""\""$ServerOption::LOGGING_LEVEL(Int16)\"""";1 /Par ""\""$ServerOption::SYNCHRONIZED(Boolean)\"""";True /CALLERINFO SQLAGENT /REPORTING E",TIME_OVERLAP_ONLY
1240306,Project_Fact,UANG_MUKA_PROJECT,FACT_UANG_MUKA.dtsx,2026-09-01 07:30:00.7423915 +07:00,2026-09-01 07:31:24.3701789 +07:00,7,34DE8AEE-46BD-45E9-B0B2-D068006FBBF5,Premi dan Lembur,1,DWH_STG to DWH_DM,SSIS,2026-09-01 00:27:17.000,2026-09-01 01:05:04.000,1,Succeeded,1104863,"/ISSERVER ""\""\SSISDB\Project_Fact\premi dan lembur monitoring\DWH_STG to DWH_DM.dtsx\"""" /SERVER ""\""BGASVR-DWH-DEV\"""" /Par ""\""$ServerOption::LOGGING_LEVEL(Int16)\"""";1 /Par ""\""$ServerOption::SYNCHRONIZED(Boolean)\"""";True /CALLERINFO SQLAGENT /REPORTING E",TIME_OVERLAP_ONLY
1240306,Project_Fact,UANG_MUKA_PROJECT,FACT_UANG_MUKA.dtsx,2026-09-01 07:30:00.7423915 +07:00,2026-09-01 07:31:24.3701789 +07:00,7,09FAE57B-5538-41B1-91A9-65019FD26DE1,SEQUENCE_TABLE_SAP,1,SEQ_STAGING,SSIS,2026-09-01 00:30:00.000,2026-09-01 00:52:14.000,1,Succeeded,1104857,"/ISSERVER ""\""\SSISDB\Sequence_Table\Sequence_Table\Seq_Staging_SAP.dtsx\"""" /SERVER ""\"".\"""" /Par ""\""$ServerOption::LOGGING_LEVEL(Int16)\"""";1 /Par ""\""$ServerOption::SYNCHRONIZED(Boolean)\"""";True /CALLERINFO SQLAGENT /REPORTING E",TIME_OVERLAP_ONLY
1240306,Project_Fact,UANG_MUKA_PROJECT,FACT_UANG_MUKA.dtsx,2026-09-01 07:30:00.7423915 +07:00,2026-09-01 07:31:24.3701789 +07:00,7,8E911887-10E9-41BB-95BE-5FDA1D5F6EAF,SEQUENCE_TABLE_SPARTA_QA,1,Staging,SSIS,2026-09-01 00:30:00.000,2026-09-01 00:36:51.000,1,Succeeded,1104849,"/ISSERVER ""\""\SSISDB\Sequence_Table\Sequence_Table\Seq_Staging_SPARTA_QA.dtsx\"""" /SERVER ""\"".\"""" /Par ""\""$ServerOption::LOGGING_LEVEL(Int16)\"""";1 /Par ""\""$ServerOption::SYNCHRONIZED(Boolean)\"""";True /CALLERINFO SQLAGENT /REPORTING E",TIME_OVERLAP_ONLY
1240306,Project_Fact,UANG_MUKA_PROJECT,FACT_UANG_MUKA.dtsx,2026-09-01 07:30:00.7423915 +07:00,2026-09-01 07:31:24.3701789 +07:00,7,DE99768D-2EE9-43B7-999B-94D63699444F,SPARTA FACT,3,Fact Sparta Payroll,SSIS,2026-09-01 00:27:22.000,2026-09-01 00:51:27.000,1,Succeeded,1104856,"/ISSERVER ""\""\SSISDB\Project_Fact\SPARTA_PROJECT\FACT_SPARTA_PAYROLL.dtsx\"""" /SERVER ""\""BGASVR-DWH-DEV\"""" /Par ""\""$ServerOption::LOGGING_LEVEL(Int16)\"""";1 /Par ""\""$ServerOption::SYNCHRONIZED(Boolean)\"""";True /CALLERINFO SQLAGENT /REPORTING E",TIME_OVERLAP_ONLY
1240306,Project_Fact,UANG_MUKA_PROJECT,FACT_UANG_MUKA.dtsx,2026-09-01 07:30:00.7423915 +07:00,2026-09-01 07:31:24.3701789 +07:00,7,5ECE39E8-D47A-4559-A8E7-5766D4B949E0,SPARTA FACT 4T,4,Fact Sparta LHA,SSIS,2026-09-01 00:28:18.000,2026-09-01 01:14:41.000,1,Succeeded,1104880,"/ISSERVER ""\""\SSISDB\Project_Fact\SPARTA_PROJECT\FACT_SPARTA_LHA_NEW.dtsx\"""" /SERVER ""\"".\"""" /Par ""\""$ServerOption::LOGGING_LEVEL(Int16)\"""";1 /Par ""\""$ServerOption::SYNCHRONIZED(Boolean)\"""";True /CALLERINFO SQLAGENT /REPORTING E",TIME_OVERLAP_ONLY
1240306,Project_Fact,UANG_MUKA_PROJECT,FACT_UANG_MUKA.dtsx,2026-09-01 07:30:00.7423915 +07:00,2026-09-01 07:31:24.3701789 +07:00,7,1AACB33A-47BD-4D65-9A6A-8C5821CFC713,Turnover Staff BGA,1,Staging,SSIS,2026-09-01 00:30:00.000,2026-09-01 00:47:21.000,1,Succeeded,1104853,"/ISSERVER ""\""\SSISDB\Project_Fact\DWH_TURNOVER_BGA\Staging.dtsx\"""" /SERVER ""\"".\"""" /X86 /Par ""\""$ServerOption::LOGGING_LEVEL(Int16)\"""";1 /Par ""\""$ServerOption::SYNCHRONIZED(Boolean)\"""";True /CALLERINFO SQLAGENT /REPORTING E",TIME_OVERLAP_ONLY
1240307,Project_Fact,Rekapitulasi,Fact_Rekapitulasi.dtsx,2026-09-01 07:30:00.7643872 +07:00,2026-09-01 07:30:10.3959451 +07:00,7,62088AC8-D634-4732-B90F-19CFBDE2CD4E,AI Grading,2,Fact,SSIS,2026-09-01 00:27:29.000,2026-09-01 01:40:37.000,1,Succeeded,1104887,"/ISSERVER ""\""\SSISDB\Project_Fact\DWH_GRADING_TBS\Fact.dtsx\"""" /SERVER ""\"".\"""" /Par ""\""$ServerOption::LOGGING_LEVEL(Int16)\"""";1 /Par ""\""$ServerOption::SYNCHRONIZED(Boolean)\"""";True /CALLERINFO SQLAGENT /REPORTING E",TIME_OVERLAP_ONLY
1240307,Project_Fact,Rekapitulasi,Fact_Rekapitulasi.dtsx,2026-09-01 07:30:00.7643872 +07:00,2026-09-01 07:30:10.3959451 +07:00,7,B37FB395-F8FE-410F-BD05-0159C3640595,Daily Opr - Produksi TBS,5,Fact Monitoring TBS,SSIS,2026-09-01 00:27:33.000,2026-09-01 00:51:26.000,1,Succeeded,1104855,"/ISSERVER ""\""\SSISDB\Project_Fact\DAILY_DASHBOARD_PROJECT\FACT_DD_TBS.dtsx\"""" /SERVER ""\"".\"""" /Par ""\""$ServerOption::LOGGING_LEVEL(Int16)\"""";1 /Par ""\""$ServerOption::SYNCHRONIZED(Boolean)\"""";True /CALLERINFO SQLAGENT /REPORTING E",TIME_OVERLAP_ONLY
1240307,Project_Fact,Rekapitulasi,Fact_Rekapitulasi.dtsx,2026-09-01 07:30:00.7643872 +07:00,2026-09-01 07:30:10.3959451 +07:00,7,E7058D5B-8495-41D8-AC54-73871C098FB3,DWH_MACHINE_LEARNING,2,Fact Analisa Produksi,SSIS,2026-09-01 00:27:36.000,2026-09-01 00:37:02.000,1,Succeeded,1104851,"/ISSERVER ""\""\SSISDB\Project_Fact\MACHINE_LEARNING\FACT_AP_TBS_.dtsx\"""" /SERVER ""\"".\"""" /Par ""\""$ServerOption::LOGGING_LEVEL(Int16)\"""";1 /Par ""\""$ServerOption::SYNCHRONIZED(Boolean)\"""";True /CALLERINFO SQLAGENT /REPORTING E",TIME_OVERLAP_ONLY
1240307,Project_Fact,Rekapitulasi,Fact_Rekapitulasi.dtsx,2026-09-01 07:30:00.7643872 +07:00,2026-09-01 07:30:10.3959451 +07:00,7,34DE8AEE-46BD-45E9-B0B2-D068006FBBF5,Premi dan Lembur,1,DWH_STG to DWH_DM,SSIS,2026-09-01 00:27:17.000,2026-09-01 01:05:04.000,1,Succeeded,1104863,"/ISSERVER ""\""\SSISDB\Project_Fact\premi dan lembur monitoring\DWH_STG to DWH_DM.dtsx\"""" /SERVER ""\""BGASVR-DWH-DEV\"""" /Par ""\""$ServerOption::LOGGING_LEVEL(Int16)\"""";1 /Par ""\""$ServerOption::SYNCHRONIZED(Boolean)\"""";True /CALLERINFO SQLAGENT /REPORTING E",TIME_OVERLAP_ONLY
1240307,Project_Fact,Rekapitulasi,Fact_Rekapitulasi.dtsx,2026-09-01 07:30:00.7643872 +07:00,2026-09-01 07:30:10.3959451 +07:00,7,09FAE57B-5538-41B1-91A9-65019FD26DE1,SEQUENCE_TABLE_SAP,1,SEQ_STAGING,SSIS,2026-09-01 00:30:00.000,2026-09-01 00:52:14.000,1,Succeeded,1104857,"/ISSERVER ""\""\SSISDB\Sequence_Table\Sequence_Table\Seq_Staging_SAP.dtsx\"""" /SERVER ""\"".\"""" /Par ""\""$ServerOption::LOGGING_LEVEL(Int16)\"""";1 /Par ""\""$ServerOption::SYNCHRONIZED(Boolean)\"""";True /CALLERINFO SQLAGENT /REPORTING E",TIME_OVERLAP_ONLY
1240307,Project_Fact,Rekapitulasi,Fact_Rekapitulasi.dtsx,2026-09-01 07:30:00.7643872 +07:00,2026-09-01 07:30:10.3959451 +07:00,7,8E911887-10E9-41BB-95BE-5FDA1D5F6EAF,SEQUENCE_TABLE_SPARTA_QA,1,Staging,SSIS,2026-09-01 00:30:00.000,2026-09-01 00:36:51.000,1,Succeeded,1104849,"/ISSERVER ""\""\SSISDB\Sequence_Table\Sequence_Table\Seq_Staging_SPARTA_QA.dtsx\"""" /SERVER ""\"".\"""" /Par ""\""$ServerOption::LOGGING_LEVEL(Int16)\"""";1 /Par ""\""$ServerOption::SYNCHRONIZED(Boolean)\"""";True /CALLERINFO SQLAGENT /REPORTING E",TIME_OVERLAP_ONLY
1240307,Project_Fact,Rekapitulasi,Fact_Rekapitulasi.dtsx,2026-09-01 07:30:00.7643872 +07:00,2026-09-01 07:30:10.3959451 +07:00,7,DE99768D-2EE9-43B7-999B-94D63699444F,SPARTA FACT,3,Fact Sparta Payroll,SSIS,2026-09-01 00:27:22.000,2026-09-01 00:51:27.000,1,Succeeded,1104856,"/ISSERVER ""\""\SSISDB\Project_Fact\SPARTA_PROJECT\FACT_SPARTA_PAYROLL.dtsx\"""" /SERVER ""\""BGASVR-DWH-DEV\"""" /Par ""\""$ServerOption::LOGGING_LEVEL(Int16)\"""";1 /Par ""\""$ServerOption::SYNCHRONIZED(Boolean)\"""";True /CALLERINFO SQLAGENT /REPORTING E",TIME_OVERLAP_ONLY
1240307,Project_Fact,Rekapitulasi,Fact_Rekapitulasi.dtsx,2026-09-01 07:30:00.7643872 +07:00,2026-09-01 07:30:10.3959451 +07:00,7,5ECE39E8-D47A-4559-A8E7-5766D4B949E0,SPARTA FACT 4T,4,Fact Sparta LHA,SSIS,2026-09-01 00:28:18.000,2026-09-01 01:14:41.000,1,Succeeded,1104880,"/ISSERVER ""\""\SSISDB\Project_Fact\SPARTA_PROJECT\FACT_SPARTA_LHA_NEW.dtsx\"""" /SERVER ""\"".\"""" /Par ""\""$ServerOption::LOGGING_LEVEL(Int16)\"""";1 /Par ""\""$ServerOption::SYNCHRONIZED(Boolean)\"""";True /CALLERINFO SQLAGENT /REPORTING E",TIME_OVERLAP_ONLY
1240307,Project_Fact,Rekapitulasi,Fact_Rekapitulasi.dtsx,2026-09-01 07:30:00.7643872 +07:00,2026-09-01 07:30:10.3959451 +07:00,7,1AACB33A-47BD-4D65-9A6A-8C5821CFC713,Turnover Staff BGA,1,Staging,SSIS,2026-09-01 00:30:00.000,2026-09-01 00:47:21.000,1,Succeeded,1104853,"/ISSERVER ""\""\SSISDB\Project_Fact\DWH_TURNOVER_BGA\Staging.dtsx\"""" /SERVER ""\"".\"""" /X86 /Par ""\""$ServerOption::LOGGING_LEVEL(Int16)\"""";1 /Par ""\""$ServerOption::SYNCHRONIZED(Boolean)\"""";True /CALLERINFO SQLAGENT /REPORTING E",TIME_OVERLAP_ONLY
1240307,Project_Fact,Rekapitulasi,Fact_Rekapitulasi.dtsx,2026-09-01 07:30:00.7643872 +07:00,2026-09-01 07:30:10.3959451 +07:00,7,42F77D2E-0917-419D-82E3-72F0E796B645,Uang Masuk Collection,1,Fact Uang Masuk Collection,SSIS,2026-09-01 00:30:00.000,2026-09-01 00:30:42.000,1,Succeeded,1104847,"/ISSERVER ""\""\SSISDB\Project_Fact\DPCOLLECTION_PROJECT\Fact_DP_Collection.dtsx\"""" /SERVER ""\""BGASVR-DWH-DEV\"""" /X86 /Par ""\""$ServerOption::LOGGING_LEVEL(Int16)\"""";1 /Par ""\""$ServerOption::SYNCHRONIZED(Boolean)\"""";True /CALLERINFO SQLAGENT /REPORTING E",TIME_OVERLAP_ONLY
1240308,Project_Fact,DAILY_DASHBOARD_PROJECT,FACT_DD_TBS.dtsx,2026-09-01 07:33:41.3280191 +07:00,2026-09-01 07:47:46.2104036 +07:00,7,62088AC8-D634-4732-B90F-19CFBDE2CD4E,AI Grading,2,Fact,SSIS,2026-09-01 00:27:29.000,2026-09-01 01:40:37.000,1,Succeeded,1104887,"/ISSERVER ""\""\SSISDB\Project_Fact\DWH_GRADING_TBS\Fact.dtsx\"""" /SERVER ""\"".\"""" /Par ""\""$ServerOption::LOGGING_LEVEL(Int16)\"""";1 /Par ""\""$ServerOption::SYNCHRONIZED(Boolean)\"""";True /CALLERINFO SQLAGENT /REPORTING E",TIME_OVERLAP_ONLY
1240308,Project_Fact,DAILY_DASHBOARD_PROJECT,FACT_DD_TBS.dtsx,2026-09-01 07:33:41.3280191 +07:00,2026-09-01 07:47:46.2104036 +07:00,7,34DE8AEE-46BD-45E9-B0B2-D068006FBBF5,Premi dan Lembur,1,DWH_STG to DWH_DM,SSIS,2026-09-01 00:27:17.000,2026-09-01 01:05:04.000,1,Succeeded,1104863,"/ISSERVER ""\""\SSISDB\Project_Fact\premi dan lembur monitoring\DWH_STG to DWH_DM.dtsx\"""" /SERVER ""\""BGASVR-DWH-DEV\"""" /Par ""\""$ServerOption::LOGGING_LEVEL(Int16)\"""";1 /Par ""\""$ServerOption::SYNCHRONIZED(Boolean)\"""";True /CALLERINFO SQLAGENT /REPORTING E",TIME_OVERLAP_ONLY
1240308,Project_Fact,DAILY_DASHBOARD_PROJECT,FACT_DD_TBS.dtsx,2026-09-01 07:33:41.3280191 +07:00,2026-09-01 07:47:46.2104036 +07:00,7,09FAE57B-5538-41B1-91A9-65019FD26DE1,SEQUENCE_TABLE_SAP,1,SEQ_STAGING,SSIS,2026-09-01 00:30:00.000,2026-09-01 00:52:14.000,1,Succeeded,1104857,"/ISSERVER ""\""\SSISDB\Sequence_Table\Sequence_Table\Seq_Staging_SAP.dtsx\"""" /SERVER ""\"".\"""" /Par ""\""$ServerOption::LOGGING_LEVEL(Int16)\"""";1 /Par ""\""$ServerOption::SYNCHRONIZED(Boolean)\"""";True /CALLERINFO SQLAGENT /REPORTING E",TIME_OVERLAP_ONLY
1240308,Project_Fact,DAILY_DASHBOARD_PROJECT,FACT_DD_TBS.dtsx,2026-09-01 07:33:41.3280191 +07:00,2026-09-01 07:47:46.2104036 +07:00,7,DE99768D-2EE9-43B7-999B-94D63699444F,SPARTA FACT,3,Fact Sparta Payroll,SSIS,2026-09-01 00:27:22.000,2026-09-01 00:51:27.000,1,Succeeded,1104856,"/ISSERVER ""\""\SSISDB\Project_Fact\SPARTA_PROJECT\FACT_SPARTA_PAYROLL.dtsx\"""" /SERVER ""\""BGASVR-DWH-DEV\"""" /Par ""\""$ServerOption::LOGGING_LEVEL(Int16)\"""";1 /Par ""\""$ServerOption::SYNCHRONIZED(Boolean)\"""";True /CALLERINFO SQLAGENT /REPORTING E",TIME_OVERLAP_ONLY
1240308,Project_Fact,DAILY_DASHBOARD_PROJECT,FACT_DD_TBS.dtsx,2026-09-01 07:33:41.3280191 +07:00,2026-09-01 07:47:46.2104036 +07:00,7,5ECE39E8-D47A-4559-A8E7-5766D4B949E0,SPARTA FACT 4T,4,Fact Sparta LHA,SSIS,2026-09-01 00:28:18.000,2026-09-01 01:14:41.000,1,Succeeded,1104880,"/ISSERVER ""\""\SSISDB\Project_Fact\SPARTA_PROJECT\FACT_SPARTA_LHA_NEW.dtsx\"""" /SERVER ""\"".\"""" /Par ""\""$ServerOption::LOGGING_LEVEL(Int16)\"""";1 /Par ""\""$ServerOption::SYNCHRONIZED(Boolean)\"""";True /CALLERINFO SQLAGENT /REPORTING E",TIME_OVERLAP_ONLY
1240308,Project_Fact,DAILY_DASHBOARD_PROJECT,FACT_DD_TBS.dtsx,2026-09-01 07:33:41.3280191 +07:00,2026-09-01 07:47:46.2104036 +07:00,7,B37FB395-F8FE-410F-BD05-0159C3640595,Daily Opr - Produksi TBS,5,Fact Monitoring TBS,SSIS,2026-09-01 00:27:33.000,2026-09-01 00:51:26.000,1,Succeeded,1104855,"/ISSERVER ""\""\SSISDB\Project_Fact\DAILY_DASHBOARD_PROJECT\FACT_DD_TBS.dtsx\"""" /SERVER ""\"".\"""" /Par ""\""$ServerOption::LOGGING_LEVEL(Int16)\"""";1 /Par ""\""$ServerOption::SYNCHRONIZED(Boolean)\"""";True /CALLERINFO SQLAGENT /REPORTING E",STRONG_NAME_OR_COMMAND_MATCH
1240309,Project_Fact,SPK_BAPP,SPK_BAPP.dtsx,2026-09-01 07:45:01.9269954 +07:00,2026-09-01 07:46:16.1522468 +07:00,7,62088AC8-D634-4732-B90F-19CFBDE2CD4E,AI Grading,2,Fact,SSIS,2026-09-01 00:27:29.000,2026-09-01 01:40:37.000,1,Succeeded,1104887,"/ISSERVER ""\""\SSISDB\Project_Fact\DWH_GRADING_TBS\Fact.dtsx\"""" /SERVER ""\"".\"""" /Par ""\""$ServerOption::LOGGING_LEVEL(Int16)\"""";1 /Par ""\""$ServerOption::SYNCHRONIZED(Boolean)\"""";True /CALLERINFO SQLAGENT /REPORTING E",TIME_OVERLAP_ONLY
1240309,Project_Fact,SPK_BAPP,SPK_BAPP.dtsx,2026-09-01 07:45:01.9269954 +07:00,2026-09-01 07:46:16.1522468 +07:00,7,B37FB395-F8FE-410F-BD05-0159C3640595,Daily Opr - Produksi TBS,5,Fact Monitoring TBS,SSIS,2026-09-01 00:27:33.000,2026-09-01 00:51:26.000,1,Succeeded,1104855,"/ISSERVER ""\""\SSISDB\Project_Fact\DAILY_DASHBOARD_PROJECT\FACT_DD_TBS.dtsx\"""" /SERVER ""\"".\"""" /Par ""\""$ServerOption::LOGGING_LEVEL(Int16)\"""";1 /Par ""\""$ServerOption::SYNCHRONIZED(Boolean)\"""";True /CALLERINFO SQLAGENT /REPORTING E",TIME_OVERLAP_ONLY
1240309,Project_Fact,SPK_BAPP,SPK_BAPP.dtsx,2026-09-01 07:45:01.9269954 +07:00,2026-09-01 07:46:16.1522468 +07:00,7,34DE8AEE-46BD-45E9-B0B2-D068006FBBF5,Premi dan Lembur,1,DWH_STG to DWH_DM,SSIS,2026-09-01 00:27:17.000,2026-09-01 01:05:04.000,1,Succeeded,1104863,"/ISSERVER ""\""\SSISDB\Project_Fact\premi dan lembur monitoring\DWH_STG to DWH_DM.dtsx\"""" /SERVER ""\""BGASVR-DWH-DEV\"""" /Par ""\""$ServerOption::LOGGING_LEVEL(Int16)\"""";1 /Par ""\""$ServerOption::SYNCHRONIZED(Boolean)\"""";True /CALLERINFO SQLAGENT /REPORTING E",TIME_OVERLAP_ONLY
1240309,Project_Fact,SPK_BAPP,SPK_BAPP.dtsx,2026-09-01 07:45:01.9269954 +07:00,2026-09-01 07:46:16.1522468 +07:00,7,09FAE57B-5538-41B1-91A9-65019FD26DE1,SEQUENCE_TABLE_SAP,1,SEQ_STAGING,SSIS,2026-09-01 00:30:00.000,2026-09-01 00:52:14.000,1,Succeeded,1104857,"/ISSERVER ""\""\SSISDB\Sequence_Table\Sequence_Table\Seq_Staging_SAP.dtsx\"""" /SERVER ""\"".\"""" /Par ""\""$ServerOption::LOGGING_LEVEL(Int16)\"""";1 /Par ""\""$ServerOption::SYNCHRONIZED(Boolean)\"""";True /CALLERINFO SQLAGENT /REPORTING E",TIME_OVERLAP_ONLY
1240309,Project_Fact,SPK_BAPP,SPK_BAPP.dtsx,2026-09-01 07:45:01.9269954 +07:00,2026-09-01 07:46:16.1522468 +07:00,7,DE99768D-2EE9-43B7-999B-94D63699444F,SPARTA FACT,3,Fact Sparta Payroll,SSIS,2026-09-01 00:27:22.000,2026-09-01 00:51:27.000,1,Succeeded,1104856,"/ISSERVER ""\""\SSISDB\Project_Fact\SPARTA_PROJECT\FACT_SPARTA_PAYROLL.dtsx\"""" /SERVER ""\""BGASVR-DWH-DEV\"""" /Par ""\""$ServerOption::LOGGING_LEVEL(Int16)\"""";1 /Par ""\""$ServerOption::SYNCHRONIZED(Boolean)\"""";True /CALLERINFO SQLAGENT /REPORTING E",TIME_OVERLAP_ONLY
1240309,Project_Fact,SPK_BAPP,SPK_BAPP.dtsx,2026-09-01 07:45:01.9269954 +07:00,2026-09-01 07:46:16.1522468 +07:00,7,5ECE39E8-D47A-4559-A8E7-5766D4B949E0,SPARTA FACT 4T,4,Fact Sparta LHA,SSIS,2026-09-01 00:28:18.000,2026-09-01 01:14:41.000,1,Succeeded,1104880,"/ISSERVER ""\""\SSISDB\Project_Fact\SPARTA_PROJECT\FACT_SPARTA_LHA_NEW.dtsx\"""" /SERVER ""\"".\"""" /Par ""\""$ServerOption::LOGGING_LEVEL(Int16)\"""";1 /Par ""\""$ServerOption::SYNCHRONIZED(Boolean)\"""";True /CALLERINFO SQLAGENT /REPORTING E",TIME_OVERLAP_ONLY
1240309,Project_Fact,SPK_BAPP,SPK_BAPP.dtsx,2026-09-01 07:45:01.9269954 +07:00,2026-09-01 07:46:16.1522468 +07:00,7,1AACB33A-47BD-4D65-9A6A-8C5821CFC713,Turnover Staff BGA,1,Staging,SSIS,2026-09-01 00:30:00.000,2026-09-01 00:47:21.000,1,Succeeded,1104853,"/ISSERVER ""\""\SSISDB\Project_Fact\DWH_TURNOVER_BGA\Staging.dtsx\"""" /SERVER ""\"".\"""" /X86 /Par ""\""$ServerOption::LOGGING_LEVEL(Int16)\"""";1 /Par ""\""$ServerOption::SYNCHRONIZED(Boolean)\"""";True /CALLERINFO SQLAGENT /REPORTING E",TIME_OVERLAP_ONLY
1240310,Project_Fact,CIVIL_ENGINEERING_PROJECT,FACT_CIVIL_ENGINEERING.dtsx,2026-09-01 07:46:18.9084092 +07:00,2026-09-01 07:48:36.1962665 +07:00,7,62088AC8-D634-4732-B90F-19CFBDE2CD4E,AI Grading,2,Fact,SSIS,2026-09-01 00:27:29.000,2026-09-01 01:40:37.000,1,Succeeded,1104887,"/ISSERVER ""\""\SSISDB\Project_Fact\DWH_GRADING_TBS\Fact.dtsx\"""" /SERVER ""\"".\"""" /Par ""\""$ServerOption::LOGGING_LEVEL(Int16)\"""";1 /Par ""\""$ServerOption::SYNCHRONIZED(Boolean)\"""";True /CALLERINFO SQLAGENT /REPORTING E",TIME_OVERLAP_ONLY
1240310,Project_Fact,CIVIL_ENGINEERING_PROJECT,FACT_CIVIL_ENGINEERING.dtsx,2026-09-01 07:46:18.9084092 +07:00,2026-09-01 07:48:36.1962665 +07:00,7,B37FB395-F8FE-410F-BD05-0159C3640595,Daily Opr - Produksi TBS,5,Fact Monitoring TBS,SSIS,2026-09-01 00:27:33.000,2026-09-01 00:51:26.000,1,Succeeded,1104855,"/ISSERVER ""\""\SSISDB\Project_Fact\DAILY_DASHBOARD_PROJECT\FACT_DD_TBS.dtsx\"""" /SERVER ""\"".\"""" /Par ""\""$ServerOption::LOGGING_LEVEL(Int16)\"""";1 /Par ""\""$ServerOption::SYNCHRONIZED(Boolean)\"""";True /CALLERINFO SQLAGENT /REPORTING E",TIME_OVERLAP_ONLY
1240310,Project_Fact,CIVIL_ENGINEERING_PROJECT,FACT_CIVIL_ENGINEERING.dtsx,2026-09-01 07:46:18.9084092 +07:00,2026-09-01 07:48:36.1962665 +07:00,7,34DE8AEE-46BD-45E9-B0B2-D068006FBBF5,Premi dan Lembur,1,DWH_STG to DWH_DM,SSIS,2026-09-01 00:27:17.000,2026-09-01 01:05:04.000,1,Succeeded,1104863,"/ISSERVER ""\""\SSISDB\Project_Fact\premi dan lembur monitoring\DWH_STG to DWH_DM.dtsx\"""" /SERVER ""\""BGASVR-DWH-DEV\"""" /Par ""\""$ServerOption::LOGGING_LEVEL(Int16)\"""";1 /Par ""\""$ServerOption::SYNCHRONIZED(Boolean)\"""";True /CALLERINFO SQLAGENT /REPORTING E",TIME_OVERLAP_ONLY
1240310,Project_Fact,CIVIL_ENGINEERING_PROJECT,FACT_CIVIL_ENGINEERING.dtsx,2026-09-01 07:46:18.9084092 +07:00,2026-09-01 07:48:36.1962665 +07:00,7,09FAE57B-5538-41B1-91A9-65019FD26DE1,SEQUENCE_TABLE_SAP,1,SEQ_STAGING,SSIS,2026-09-01 00:30:00.000,2026-09-01 00:52:14.000,1,Succeeded,1104857,"/ISSERVER ""\""\SSISDB\Sequence_Table\Sequence_Table\Seq_Staging_SAP.dtsx\"""" /SERVER ""\"".\"""" /Par ""\""$ServerOption::LOGGING_LEVEL(Int16)\"""";1 /Par ""\""$ServerOption::SYNCHRONIZED(Boolean)\"""";True /CALLERINFO SQLAGENT /REPORTING E",TIME_OVERLAP_ONLY
1240310,Project_Fact,CIVIL_ENGINEERING_PROJECT,FACT_CIVIL_ENGINEERING.dtsx,2026-09-01 07:46:18.9084092 +07:00,2026-09-01 07:48:36.1962665 +07:00,7,DE99768D-2EE9-43B7-999B-94D63699444F,SPARTA FACT,3,Fact Sparta Payroll,SSIS,2026-09-01 00:27:22.000,2026-09-01 00:51:27.000,1,Succeeded,1104856,"/ISSERVER ""\""\SSISDB\Project_Fact\SPARTA_PROJECT\FACT_SPARTA_PAYROLL.dtsx\"""" /SERVER ""\""BGASVR-DWH-DEV\"""" /Par ""\""$ServerOption::LOGGING_LEVEL(Int16)\"""";1 /Par ""\""$ServerOption::SYNCHRONIZED(Boolean)\"""";True /CALLERINFO SQLAGENT /REPORTING E",TIME_OVERLAP_ONLY
1240310,Project_Fact,CIVIL_ENGINEERING_PROJECT,FACT_CIVIL_ENGINEERING.dtsx,2026-09-01 07:46:18.9084092 +07:00,2026-09-01 07:48:36.1962665 +07:00,7,5ECE39E8-D47A-4559-A8E7-5766D4B949E0,SPARTA FACT 4T,4,Fact Sparta LHA,SSIS,2026-09-01 00:28:18.000,2026-09-01 01:14:41.000,1,Succeeded,1104880,"/ISSERVER ""\""\SSISDB\Project_Fact\SPARTA_PROJECT\FACT_SPARTA_LHA_NEW.dtsx\"""" /SERVER ""\"".\"""" /Par ""\""$ServerOption::LOGGING_LEVEL(Int16)\"""";1 /Par ""\""$ServerOption::SYNCHRONIZED(Boolean)\"""";True /CALLERINFO SQLAGENT /REPORTING E",TIME_OVERLAP_ONLY
1240311,Project_Fact,SPK_BAPP,Payment.dtsx,2026-09-01 07:48:39.1004363 +07:00,2026-09-01 07:49:46.0982713 +07:00,7,62088AC8-D634-4732-B90F-19CFBDE2CD4E,AI Grading,2,Fact,SSIS,2026-09-01 00:27:29.000,2026-09-01 01:40:37.000,1,Succeeded,1104887,"/ISSERVER ""\""\SSISDB\Project_Fact\DWH_GRADING_TBS\Fact.dtsx\"""" /SERVER ""\"".\"""" /Par ""\""$ServerOption::LOGGING_LEVEL(Int16)\"""";1 /Par ""\""$ServerOption::SYNCHRONIZED(Boolean)\"""";True /CALLERINFO SQLAGENT /REPORTING E",TIME_OVERLAP_ONLY
1240311,Project_Fact,SPK_BAPP,Payment.dtsx,2026-09-01 07:48:39.1004363 +07:00,2026-09-01 07:49:46.0982713 +07:00,7,B37FB395-F8FE-410F-BD05-0159C3640595,Daily Opr - Produksi TBS,5,Fact Monitoring TBS,SSIS,2026-09-01 00:27:33.000,2026-09-01 00:51:26.000,1,Succeeded,1104855,"/ISSERVER ""\""\SSISDB\Project_Fact\DAILY_DASHBOARD_PROJECT\FACT_DD_TBS.dtsx\"""" /SERVER ""\"".\"""" /Par ""\""$ServerOption::LOGGING_LEVEL(Int16)\"""";1 /Par ""\""$ServerOption::SYNCHRONIZED(Boolean)\"""";True /CALLERINFO SQLAGENT /REPORTING E",TIME_OVERLAP_ONLY
1240311,Project_Fact,SPK_BAPP,Payment.dtsx,2026-09-01 07:48:39.1004363 +07:00,2026-09-01 07:49:46.0982713 +07:00,7,34DE8AEE-46BD-45E9-B0B2-D068006FBBF5,Premi dan Lembur,1,DWH_STG to DWH_DM,SSIS,2026-09-01 00:27:17.000,2026-09-01 01:05:04.000,1,Succeeded,1104863,"/ISSERVER ""\""\SSISDB\Project_Fact\premi dan lembur monitoring\DWH_STG to DWH_DM.dtsx\"""" /SERVER ""\""BGASVR-DWH-DEV\"""" /Par ""\""$ServerOption::LOGGING_LEVEL(Int16)\"""";1 /Par ""\""$ServerOption::SYNCHRONIZED(Boolean)\"""";True /CALLERINFO SQLAGENT /REPORTING E",TIME_OVERLAP_ONLY
1240311,Project_Fact,SPK_BAPP,Payment.dtsx,2026-09-01 07:48:39.1004363 +07:00,2026-09-01 07:49:46.0982713 +07:00,7,09FAE57B-5538-41B1-91A9-65019FD26DE1,SEQUENCE_TABLE_SAP,1,SEQ_STAGING,SSIS,2026-09-01 00:30:00.000,2026-09-01 00:52:14.000,1,Succeeded,1104857,"/ISSERVER ""\""\SSISDB\Sequence_Table\Sequence_Table\Seq_Staging_SAP.dtsx\"""" /SERVER ""\"".\"""" /Par ""\""$ServerOption::LOGGING_LEVEL(Int16)\"""";1 /Par ""\""$ServerOption::SYNCHRONIZED(Boolean)\"""";True /CALLERINFO SQLAGENT /REPORTING E",TIME_OVERLAP_ONLY
1240311,Project_Fact,SPK_BAPP,Payment.dtsx,2026-09-01 07:48:39.1004363 +07:00,2026-09-01 07:49:46.0982713 +07:00,7,DE99768D-2EE9-43B7-999B-94D63699444F,SPARTA FACT,3,Fact Sparta Payroll,SSIS,2026-09-01 00:27:22.000,2026-09-01 00:51:27.000,1,Succeeded,1104856,"/ISSERVER ""\""\SSISDB\Project_Fact\SPARTA_PROJECT\FACT_SPARTA_PAYROLL.dtsx\"""" /SERVER ""\""BGASVR-DWH-DEV\"""" /Par ""\""$ServerOption::LOGGING_LEVEL(Int16)\"""";1 /Par ""\""$ServerOption::SYNCHRONIZED(Boolean)\"""";True /CALLERINFO SQLAGENT /REPORTING E",TIME_OVERLAP_ONLY
1240311,Project_Fact,SPK_BAPP,Payment.dtsx,2026-09-01 07:48:39.1004363 +07:00,2026-09-01 07:49:46.0982713 +07:00,7,5ECE39E8-D47A-4559-A8E7-5766D4B949E0,SPARTA FACT 4T,4,Fact Sparta LHA,SSIS,2026-09-01 00:28:18.000,2026-09-01 01:14:41.000,1,Succeeded,1104880,"/ISSERVER ""\""\SSISDB\Project_Fact\SPARTA_PROJECT\FACT_SPARTA_LHA_NEW.dtsx\"""" /SERVER ""\"".\"""" /Par ""\""$ServerOption::LOGGING_LEVEL(Int16)\"""";1 /Par ""\""$ServerOption::SYNCHRONIZED(Boolean)\"""";True /CALLERINFO SQLAGENT /REPORTING E",TIME_OVERLAP_ONLY
1240311,Project_Fact,SPK_BAPP,Payment.dtsx,2026-09-01 07:48:39.1004363 +07:00,2026-09-01 07:49:46.0982713 +07:00,7,1AACB33A-47BD-4D65-9A6A-8C5821CFC713,Turnover Staff BGA,3,Fact Rekap,SSIS,2026-09-01 00:48:06.000,2026-09-01 01:06:26.000,1,Succeeded,1104866,"/ISSERVER ""\""\SSISDB\Project_Fact\DWH_TURNOVER_BGA\Fact Rekap.dtsx\"""" /SERVER ""\"".\"""" /Par ""\""$ServerOption::LOGGING_LEVEL(Int16)\"""";1 /Par ""\""$ServerOption::SYNCHRONIZED(Boolean)\"""";True /CALLERINFO SQLAGENT /REPORTING E",TIME_OVERLAP_ONLY
1240312,Project_Fact,DWH_PLASMA_GAPOKTAN,Fact.dtsx,2026-09-01 07:56:38.8249169 +07:00,2026-09-01 08:32:04.8036556 +07:00,7,62088AC8-D634-4732-B90F-19CFBDE2CD4E,AI Grading,2,Fact,SSIS,2026-09-01 00:27:29.000,2026-09-01 01:40:37.000,1,Succeeded,1104887,"/ISSERVER ""\""\SSISDB\Project_Fact\DWH_GRADING_TBS\Fact.dtsx\"""" /SERVER ""\"".\"""" /Par ""\""$ServerOption::LOGGING_LEVEL(Int16)\"""";1 /Par ""\""$ServerOption::SYNCHRONIZED(Boolean)\"""";True /CALLERINFO SQLAGENT /REPORTING E",STRONG_NAME_OR_COMMAND_MATCH
1240314,Project_Fact,Segregation,Staging Segregation.dtsx,2026-09-01 08:00:01.4685158 +07:00,2026-09-01 08:00:16.9554008 +07:00,7,62088AC8-D634-4732-B90F-19CFBDE2CD4E,AI Grading,2,Fact,SSIS,2026-09-01 00:27:29.000,2026-09-01 01:40:37.000,1,Succeeded,1104887,"/ISSERVER ""\""\SSISDB\Project_Fact\DWH_GRADING_TBS\Fact.dtsx\"""" /SERVER ""\"".\"""" /Par ""\""$ServerOption::LOGGING_LEVEL(Int16)\"""";1 /Par ""\""$ServerOption::SYNCHRONIZED(Boolean)\"""";True /CALLERINFO SQLAGENT /REPORTING E",TIME_OVERLAP_ONLY
1240314,Project_Fact,Segregation,Staging Segregation.dtsx,2026-09-01 08:00:01.4685158 +07:00,2026-09-01 08:00:16.9554008 +07:00,7,B37FB395-F8FE-410F-BD05-0159C3640595,Daily Opr - Produksi TBS,7,ProduksiTBS_SSAS,ANALYSISQUERY,2026-09-01 00:52:21.000,2026-09-01 01:01:04.000,1,Succeeded,1104859,"{   ""refresh"": {     ""type"": ""full"",     ""objects"": [       {         ""database"": ""Produksi TBS""       }     ]   } }",TIME_OVERLAP_ONLY
1240314,Project_Fact,Segregation,Staging Segregation.dtsx,2026-09-01 08:00:01.4685158 +07:00,2026-09-01 08:00:16.9554008 +07:00,7,B96DE13D-F9AB-4F74-B05A-D2B91B3C4952,DWH_COEP,1,COEP,SSIS,2026-09-01 01:00:00.000,2026-09-01 01:03:00.000,1,Succeeded,1104862,"/ISSERVER ""\""\SSISDB\MR\SSISMR\DWH-COEP.dtsx\"""" /SERVER ""\"".\"""" /Par ""\""$ServerOption::LOGGING_LEVEL(Int16)\"""";1 /Par ""\""$ServerOption::SYNCHRONIZED(Boolean)\"""";True /CALLERINFO SQLAGENT /REPORTING E",TIME_OVERLAP_ONLY
1240314,Project_Fact,Segregation,Staging Segregation.dtsx,2026-09-01 08:00:01.4685158 +07:00,2026-09-01 08:00:16.9554008 +07:00,7,82F69113-E455-4B30-994C-502EE084690C,DWH_ZVT_MSEGPF,1,ZVT_MSEGPF,SSIS,2026-09-01 01:00:00.000,2026-09-01 01:01:56.000,1,Succeeded,1104861,"/ISSERVER ""\""\SSISDB\MR\SSISMR\DWH_ZVT_MSEGPF.dtsx\"""" /SERVER ""\"".\"""" /Par ""\""$ServerOption::LOGGING_LEVEL(Int16)\"""";1 /Par ""\""$ServerOption::SYNCHRONIZED(Boolean)\"""";True /CALLERINFO SQLAGENT /REPORTING E",TIME_OVERLAP_ONLY
1240314,Project_Fact,Segregation,Staging Segregation.dtsx,2026-09-01 08:00:01.4685158 +07:00,2026-09-01 08:00:16.9554008 +07:00,7,34DE8AEE-46BD-45E9-B0B2-D068006FBBF5,Premi dan Lembur,1,DWH_STG to DWH_DM,SSIS,2026-09-01 00:27:17.000,2026-09-01 01:05:04.000,1,Succeeded,1104863,"/ISSERVER ""\""\SSISDB\Project_Fact\premi dan lembur monitoring\DWH_STG to DWH_DM.dtsx\"""" /SERVER ""\""BGASVR-DWH-DEV\"""" /Par ""\""$ServerOption::LOGGING_LEVEL(Int16)\"""";1 /Par ""\""$ServerOption::SYNCHRONIZED(Boolean)\"""";True /CALLERINFO SQLAGENT /REPORTING E",TIME_OVERLAP_ONLY
1240314,Project_Fact,Segregation,Staging Segregation.dtsx,2026-09-01 08:00:01.4685158 +07:00,2026-09-01 08:00:16.9554008 +07:00,7,09FAE57B-5538-41B1-91A9-65019FD26DE1,SEQUENCE_TABLE_SAP,2,SEQ_STAGING_EHP8,SSIS,2026-09-01 00:52:14.000,2026-09-01 01:12:40.000,1,Succeeded,1104874,"/ISSERVER ""\""\SSISDB\Sequence_Table\Sequence_Table\Seq_Staging_SAP_EHP8.dtsx\"""" /SERVER ""\"".\"""" /Par ""\""$ServerOption::LOGGING_LEVEL(Int16)\"""";1 /Par ""\""$ServerOption::SYNCHRONIZED(Boolean)\"""";True /CALLERINFO SQLAGENT /REPORTING E",TIME_OVERLAP_ONLY
1240314,Project_Fact,Segregation,Staging Segregation.dtsx,2026-09-01 08:00:01.4685158 +07:00,2026-09-01 08:00:16.9554008 +07:00,7,DE99768D-2EE9-43B7-999B-94D63699444F,SPARTA FACT,4,Fact Sparta Jurnal Payroll,SSIS,2026-09-01 00:51:27.000,2026-09-01 01:13:08.000,1,Succeeded,1104876,"/ISSERVER ""\""\SSISDB\Project_Fact\JOURNAL_SPARTA\FACT_JOURNAL_PAYROLL.dtsx\"""" /SERVER ""\""BGASVR-DWH-DEV\"""" /Par ""\""$ServerOption::LOGGING_LEVEL(Int16)\"""";1 /Par ""\""$ServerOption::SYNCHRONIZED(Boolean)\"""";True /CALLERINFO SQLAGENT /REPORTING E",TIME_OVERLAP_ONLY
1240314,Project_Fact,Segregation,Staging Segregation.dtsx,2026-09-01 08:00:01.4685158 +07:00,2026-09-01 08:00:16.9554008 +07:00,7,5ECE39E8-D47A-4559-A8E7-5766D4B949E0,SPARTA FACT 4T,4,Fact Sparta LHA,SSIS,2026-09-01 00:28:18.000,2026-09-01 01:14:41.000,1,Succeeded,1104880,"/ISSERVER ""\""\SSISDB\Project_Fact\SPARTA_PROJECT\FACT_SPARTA_LHA_NEW.dtsx\"""" /SERVER ""\"".\"""" /Par ""\""$ServerOption::LOGGING_LEVEL(Int16)\"""";1 /Par ""\""$ServerOption::SYNCHRONIZED(Boolean)\"""";True /CALLERINFO SQLAGENT /REPORTING E",TIME_OVERLAP_ONLY
1240314,Project_Fact,Segregation,Staging Segregation.dtsx,2026-09-01 08:00:01.4685158 +07:00,2026-09-01 08:00:16.9554008 +07:00,7,1AACB33A-47BD-4D65-9A6A-8C5821CFC713,Turnover Staff BGA,3,Fact Rekap,SSIS,2026-09-01 00:48:06.000,2026-09-01 01:06:26.000,1,Succeeded,1104866,"/ISSERVER ""\""\SSISDB\Project_Fact\DWH_TURNOVER_BGA\Fact Rekap.dtsx\"""" /SERVER ""\"".\"""" /Par ""\""$ServerOption::LOGGING_LEVEL(Int16)\"""";1 /Par ""\""$ServerOption::SYNCHRONIZED(Boolean)\"""";True /CALLERINFO SQLAGENT /REPORTING E",TIME_OVERLAP_ONLY
1240313,Sequence_Table,Sequence_Table,Seq_Staging_SAP.dtsx,2026-09-01 08:00:01.5455180 +07:00,2026-09-01 08:12:41.4800351 +07:00,7,62088AC8-D634-4732-B90F-19CFBDE2CD4E,AI Grading,2,Fact,SSIS,2026-09-01 00:27:29.000,2026-09-01 01:40:37.000,1,Succeeded,1104887,"/ISSERVER ""\""\SSISDB\Project_Fact\DWH_GRADING_TBS\Fact.dtsx\"""" /SERVER ""\"".\"""" /Par ""\""$ServerOption::LOGGING_LEVEL(Int16)\"""";1 /Par ""\""$ServerOption::SYNCHRONIZED(Boolean)\"""";True /CALLERINFO SQLAGENT /REPORTING E",TIME_OVERLAP_ONLY
1240313,Sequence_Table,Sequence_Table,Seq_Staging_SAP.dtsx,2026-09-01 08:00:01.5455180 +07:00,2026-09-01 08:12:41.4800351 +07:00,7,DE99768D-2EE9-43B7-999B-94D63699444F,SPARTA FACT,4,Fact Sparta Jurnal Payroll,SSIS,2026-09-01 00:51:27.000,2026-09-01 01:13:08.000,1,Succeeded,1104876,"/ISSERVER ""\""\SSISDB\Project_Fact\JOURNAL_SPARTA\FACT_JOURNAL_PAYROLL.dtsx\"""" /SERVER ""\""BGASVR-DWH-DEV\"""" /Par ""\""$ServerOption::LOGGING_LEVEL(Int16)\"""";1 /Par ""\""$ServerOption::SYNCHRONIZED(Boolean)\"""";True /CALLERINFO SQLAGENT /REPORTING E",TIME_OVERLAP_ONLY
1240313,Sequence_Table,Sequence_Table,Seq_Staging_SAP.dtsx,2026-09-01 08:00:01.5455180 +07:00,2026-09-01 08:12:41.4800351 +07:00,7,5ECE39E8-D47A-4559-A8E7-5766D4B949E0,SPARTA FACT 4T,4,Fact Sparta LHA,SSIS,2026-09-01 00:28:18.000,2026-09-01 01:14:41.000,1,Succeeded,1104880,"/ISSERVER ""\""\SSISDB\Project_Fact\SPARTA_PROJECT\FACT_SPARTA_LHA_NEW.dtsx\"""" /SERVER ""\"".\"""" /Par ""\""$ServerOption::LOGGING_LEVEL(Int16)\"""";1 /Par ""\""$ServerOption::SYNCHRONIZED(Boolean)\"""";True /CALLERINFO SQLAGENT /REPORTING E",TIME_OVERLAP_ONLY
1240315,Project_Fact,Segregation,Segregation.dtsx,2026-09-01 08:00:20.2225950 +07:00,2026-09-01 08:24:12.6336183 +07:00,7,62088AC8-D634-4732-B90F-19CFBDE2CD4E,AI Grading,2,Fact,SSIS,2026-09-01 00:27:29.000,2026-09-01 01:40:37.000,1,Succeeded,1104887,"/ISSERVER ""\""\SSISDB\Project_Fact\DWH_GRADING_TBS\Fact.dtsx\"""" /SERVER ""\"".\"""" /Par ""\""$ServerOption::LOGGING_LEVEL(Int16)\"""";1 /Par ""\""$ServerOption::SYNCHRONIZED(Boolean)\"""";True /CALLERINFO SQLAGENT /REPORTING E",TIME_OVERLAP_ONLY
1240317,Project_Fact,AWL,Staging.dtsx,2026-09-01 08:05:03.2307888 +07:00,2026-09-01 08:19:22.4719975 +07:00,7,62088AC8-D634-4732-B90F-19CFBDE2CD4E,AI Grading,2,Fact,SSIS,2026-09-01 00:27:29.000,2026-09-01 01:40:37.000,1,Succeeded,1104887,"/ISSERVER ""\""\SSISDB\Project_Fact\DWH_GRADING_TBS\Fact.dtsx\"""" /SERVER ""\"".\"""" /Par ""\""$ServerOption::LOGGING_LEVEL(Int16)\"""";1 /Par ""\""$ServerOption::SYNCHRONIZED(Boolean)\"""";True /CALLERINFO SQLAGENT /REPORTING E",TIME_OVERLAP_ONLY
1240316,Project_Fact,PEMAKAIAN_PUPUK_PROJECT,AKTUAL_PEMAKAIAN_PUPUK.dtsx,2026-09-01 08:05:03.2347952 +07:00,2026-09-01 08:07:10.1400579 +07:00,7,62088AC8-D634-4732-B90F-19CFBDE2CD4E,AI Grading,2,Fact,SSIS,2026-09-01 00:27:29.000,2026-09-01 01:40:37.000,1,Succeeded,1104887,"/ISSERVER ""\""\SSISDB\Project_Fact\DWH_GRADING_TBS\Fact.dtsx\"""" /SERVER ""\"".\"""" /Par ""\""$ServerOption::LOGGING_LEVEL(Int16)\"""";1 /Par ""\""$ServerOption::SYNCHRONIZED(Boolean)\"""";True /CALLERINFO SQLAGENT /REPORTING E",TIME_OVERLAP_ONLY
1240316,Project_Fact,PEMAKAIAN_PUPUK_PROJECT,AKTUAL_PEMAKAIAN_PUPUK.dtsx,2026-09-01 08:05:03.2347952 +07:00,2026-09-01 08:07:10.1400579 +07:00,7,1225ADC7-FF0D-402D-BAEA-A97F7FC50CB1,AWL,1,Staging,SSIS,2026-09-01 01:05:01.000,2026-09-01 01:09:12.000,1,Succeeded,1104868,"/ISSERVER ""\""\SSISDB\Project_Fact\AWL\Staging.dtsx\"""" /SERVER ""\"".\"""" /X86 /Par ""\""$ServerOption::LOGGING_LEVEL(Int16)\"""";1 /Par ""\""$ServerOption::SYNCHRONIZED(Boolean)\"""";True /CALLERINFO SQLAGENT /REPORTING E",TIME_OVERLAP_ONLY
1240316,Project_Fact,PEMAKAIAN_PUPUK_PROJECT,AKTUAL_PEMAKAIAN_PUPUK.dtsx,2026-09-01 08:05:03.2347952 +07:00,2026-09-01 08:07:10.1400579 +07:00,7,82F69113-E455-4B30-994C-502EE084690C,DWH_ZVT_MSEGPF,2,ZVT_MSEGPF_EHP8,SSIS,2026-09-01 01:01:56.000,2026-09-01 01:09:32.000,1,Succeeded,1104869,"/ISSERVER ""\""\SSISDB\Sequence_Table\Sequence_Table\Seq_Staging_SAP_EHP8_ZVT_MSEGPF.dtsx\"""" /SERVER ""\"".\"""" /Par ""\""$ServerOption::LOGGING_LEVEL(Int16)\"""";1 /Par ""\""$ServerOption::SYNCHRONIZED(Boolean)\"""";True /CALLERINFO SQLAGENT /REPORTING E",TIME_OVERLAP_ONLY
1240316,Project_Fact,PEMAKAIAN_PUPUK_PROJECT,AKTUAL_PEMAKAIAN_PUPUK.dtsx,2026-09-01 08:05:03.2347952 +07:00,2026-09-01 08:07:10.1400579 +07:00,7,09FAE57B-5538-41B1-91A9-65019FD26DE1,SEQUENCE_TABLE_SAP,2,SEQ_STAGING_EHP8,SSIS,2026-09-01 00:52:14.000,2026-09-01 01:12:40.000,1,Succeeded,1104874,"/ISSERVER ""\""\SSISDB\Sequence_Table\Sequence_Table\Seq_Staging_SAP_EHP8.dtsx\"""" /SERVER ""\"".\"""" /Par ""\""$ServerOption::LOGGING_LEVEL(Int16)\"""";1 /Par ""\""$ServerOption::SYNCHRONIZED(Boolean)\"""";True /CALLERINFO SQLAGENT /REPORTING E",TIME_OVERLAP_ONLY
1240316,Project_Fact,PEMAKAIAN_PUPUK_PROJECT,AKTUAL_PEMAKAIAN_PUPUK.dtsx,2026-09-01 08:05:03.2347952 +07:00,2026-09-01 08:07:10.1400579 +07:00,7,DE99768D-2EE9-43B7-999B-94D63699444F,SPARTA FACT,4,Fact Sparta Jurnal Payroll,SSIS,2026-09-01 00:51:27.000,2026-09-01 01:13:08.000,1,Succeeded,1104876,"/ISSERVER ""\""\SSISDB\Project_Fact\JOURNAL_SPARTA\FACT_JOURNAL_PAYROLL.dtsx\"""" /SERVER ""\""BGASVR-DWH-DEV\"""" /Par ""\""$ServerOption::LOGGING_LEVEL(Int16)\"""";1 /Par ""\""$ServerOption::SYNCHRONIZED(Boolean)\"""";True /CALLERINFO SQLAGENT /REPORTING E",TIME_OVERLAP_ONLY
1240316,Project_Fact,PEMAKAIAN_PUPUK_PROJECT,AKTUAL_PEMAKAIAN_PUPUK.dtsx,2026-09-01 08:05:03.2347952 +07:00,2026-09-01 08:07:10.1400579 +07:00,7,5ECE39E8-D47A-4559-A8E7-5766D4B949E0,SPARTA FACT 4T,4,Fact Sparta LHA,SSIS,2026-09-01 00:28:18.000,2026-09-01 01:14:41.000,1,Succeeded,1104880,"/ISSERVER ""\""\SSISDB\Project_Fact\SPARTA_PROJECT\FACT_SPARTA_LHA_NEW.dtsx\"""" /SERVER ""\"".\"""" /Par ""\""$ServerOption::LOGGING_LEVEL(Int16)\"""";1 /Par ""\""$ServerOption::SYNCHRONIZED(Boolean)\"""";True /CALLERINFO SQLAGENT /REPORTING E",TIME_OVERLAP_ONLY
1240318,Sequence_Table,Sequence_Table,Seq_Staging_SAP_EHP8.dtsx,2026-09-01 08:12:45.7322766 +07:00,2026-09-01 08:17:47.9945875 +07:00,7,62088AC8-D634-4732-B90F-19CFBDE2CD4E,AI Grading,2,Fact,SSIS,2026-09-01 00:27:29.000,2026-09-01 01:40:37.000,1,Succeeded,1104887,"/ISSERVER ""\""\SSISDB\Project_Fact\DWH_GRADING_TBS\Fact.dtsx\"""" /SERVER ""\"".\"""" /Par ""\""$ServerOption::LOGGING_LEVEL(Int16)\"""";1 /Par ""\""$ServerOption::SYNCHRONIZED(Boolean)\"""";True /CALLERINFO SQLAGENT /REPORTING E",TIME_OVERLAP_ONLY
1240319,Project_Fact,AWL,Fact.dtsx,2026-09-01 08:19:26.2442176 +07:00,2026-09-01 08:19:29.8174181 +07:00,7,DE99768D-2EE9-43B7-999B-94D63699444F,SPARTA FACT,7,SSAS Lembur Mill,ANALYSISQUERY,2026-09-01 01:15:17.000,2026-09-01 01:37:58.000,1,Succeeded,1104885,"{   ""refresh"": {     ""type"": ""full"",     ""objects"": [       {         ""database"": ""LemburMill""       }     ]   } }",TIME_OVERLAP_ONLY
1240319,Project_Fact,AWL,Fact.dtsx,2026-09-01 08:19:26.2442176 +07:00,2026-09-01 08:19:29.8174181 +07:00,7,5ECE39E8-D47A-4559-A8E7-5766D4B949E0,SPARTA FACT 4T,7,Fact Sparta Fisik Premi,SSIS,2026-09-01 01:15:51.000,2026-09-01 01:31:47.000,1,Succeeded,1104884,"/ISSERVER ""\""\SSISDB\Project_Fact\SPARTA_PROJECT\FACT_SPARTA_FISIK_PREMI.dtsx\"""" /SERVER ""\"".\"""" /Par ""\""$ServerOption::LOGGING_LEVEL(Int16)\"""";1 /Par ""\""$ServerOption::SYNCHRONIZED(Boolean)\"""";True /CALLERINFO SQLAGENT /REPORTING E",TIME_OVERLAP_ONLY
1240319,Project_Fact,AWL,Fact.dtsx,2026-09-01 08:19:26.2442176 +07:00,2026-09-01 08:19:29.8174181 +07:00,7,62088AC8-D634-4732-B90F-19CFBDE2CD4E,AI Grading,2,Fact,SSIS,2026-09-01 00:27:29.000,2026-09-01 01:40:37.000,1,Succeeded,1104887,"/ISSERVER ""\""\SSISDB\Project_Fact\DWH_GRADING_TBS\Fact.dtsx\"""" /SERVER ""\"".\"""" /Par ""\""$ServerOption::LOGGING_LEVEL(Int16)\"""";1 /Par ""\""$ServerOption::SYNCHRONIZED(Boolean)\"""";True /CALLERINFO SQLAGENT /REPORTING E",STRONG_NAME_OR_COMMAND_MATCH
1240320,Project_Fact,AWL,AWL_Warning.dtsx,2026-09-01 08:19:33.7416395 +07:00,2026-09-01 08:19:35.1297255 +07:00,7,62088AC8-D634-4732-B90F-19CFBDE2CD4E,AI Grading,2,Fact,SSIS,2026-09-01 00:27:29.000,2026-09-01 01:40:37.000,1,Succeeded,1104887,"/ISSERVER ""\""\SSISDB\Project_Fact\DWH_GRADING_TBS\Fact.dtsx\"""" /SERVER ""\"".\"""" /Par ""\""$ServerOption::LOGGING_LEVEL(Int16)\"""";1 /Par ""\""$ServerOption::SYNCHRONIZED(Boolean)\"""";True /CALLERINFO SQLAGENT /REPORTING E",TIME_OVERLAP_ONLY
1240320,Project_Fact,AWL,AWL_Warning.dtsx,2026-09-01 08:19:33.7416395 +07:00,2026-09-01 08:19:35.1297255 +07:00,7,DE99768D-2EE9-43B7-999B-94D63699444F,SPARTA FACT,7,SSAS Lembur Mill,ANALYSISQUERY,2026-09-01 01:15:17.000,2026-09-01 01:37:58.000,1,Succeeded,1104885,"{   ""refresh"": {     ""type"": ""full"",     ""objects"": [       {         ""database"": ""LemburMill""       }     ]   } }",TIME_OVERLAP_ONLY
1240320,Project_Fact,AWL,AWL_Warning.dtsx,2026-09-01 08:19:33.7416395 +07:00,2026-09-01 08:19:35.1297255 +07:00,7,5ECE39E8-D47A-4559-A8E7-5766D4B949E0,SPARTA FACT 4T,7,Fact Sparta Fisik Premi,SSIS,2026-09-01 01:15:51.000,2026-09-01 01:31:47.000,1,Succeeded,1104884,"/ISSERVER ""\""\SSISDB\Project_Fact\SPARTA_PROJECT\FACT_SPARTA_FISIK_PREMI.dtsx\"""" /SERVER ""\"".\"""" /Par ""\""$ServerOption::LOGGING_LEVEL(Int16)\"""";1 /Par ""\""$ServerOption::SYNCHRONIZED(Boolean)\"""";True /CALLERINFO SQLAGENT /REPORTING E",TIME_OVERLAP_ONLY
1240321,Project_Fact,PRPOGR_Dashboard,Fact - fact_pr_po_gr.dtsx,2026-09-01 08:20:00.7901977 +07:00,2026-09-01 08:38:18.1600412 +07:00,7,62088AC8-D634-4732-B90F-19CFBDE2CD4E,AI Grading,2,Fact,SSIS,2026-09-01 00:27:29.000,2026-09-01 01:40:37.000,1,Succeeded,1104887,"/ISSERVER ""\""\SSISDB\Project_Fact\DWH_GRADING_TBS\Fact.dtsx\"""" /SERVER ""\"".\"""" /Par ""\""$ServerOption::LOGGING_LEVEL(Int16)\"""";1 /Par ""\""$ServerOption::SYNCHRONIZED(Boolean)\"""";True /CALLERINFO SQLAGENT /REPORTING E",TIME_OVERLAP_ONLY
1240322,Project_Fact,PAYMENT TREASURY,DIM_PAYMENT.dtsx,2026-09-01 08:25:01.1183920 +07:00,2026-09-01 08:25:09.0928490 +07:00,7,62088AC8-D634-4732-B90F-19CFBDE2CD4E,AI Grading,2,Fact,SSIS,2026-09-01 00:27:29.000,2026-09-01 01:40:37.000,1,Succeeded,1104887,"/ISSERVER ""\""\SSISDB\Project_Fact\DWH_GRADING_TBS\Fact.dtsx\"""" /SERVER ""\"".\"""" /Par ""\""$ServerOption::LOGGING_LEVEL(Int16)\"""";1 /Par ""\""$ServerOption::SYNCHRONIZED(Boolean)\"""";True /CALLERINFO SQLAGENT /REPORTING E",TIME_OVERLAP_ONLY
1240322,Project_Fact,PAYMENT TREASURY,DIM_PAYMENT.dtsx,2026-09-01 08:25:01.1183920 +07:00,2026-09-01 08:25:09.0928490 +07:00,7,DE99768D-2EE9-43B7-999B-94D63699444F,SPARTA FACT,7,SSAS Lembur Mill,ANALYSISQUERY,2026-09-01 01:15:17.000,2026-09-01 01:37:58.000,1,Succeeded,1104885,"{   ""refresh"": {     ""type"": ""full"",     ""objects"": [       {         ""database"": ""LemburMill""       }     ]   } }",TIME_OVERLAP_ONLY
1240322,Project_Fact,PAYMENT TREASURY,DIM_PAYMENT.dtsx,2026-09-01 08:25:01.1183920 +07:00,2026-09-01 08:25:09.0928490 +07:00,7,5ECE39E8-D47A-4559-A8E7-5766D4B949E0,SPARTA FACT 4T,7,Fact Sparta Fisik Premi,SSIS,2026-09-01 01:15:51.000,2026-09-01 01:31:47.000,1,Succeeded,1104884,"/ISSERVER ""\""\SSISDB\Project_Fact\SPARTA_PROJECT\FACT_SPARTA_FISIK_PREMI.dtsx\"""" /SERVER ""\"".\"""" /Par ""\""$ServerOption::LOGGING_LEVEL(Int16)\"""";1 /Par ""\""$ServerOption::SYNCHRONIZED(Boolean)\"""";True /CALLERINFO SQLAGENT /REPORTING E",TIME_OVERLAP_ONLY
1240323,Project_Fact,PAYMENT TREASURY,MAPPING_GROUP_PAYMENT.dtsx,2026-09-01 08:25:11.6459928 +07:00,2026-09-01 08:25:20.9215211 +07:00,7,62088AC8-D634-4732-B90F-19CFBDE2CD4E,AI Grading,2,Fact,SSIS,2026-09-01 00:27:29.000,2026-09-01 01:40:37.000,1,Succeeded,1104887,"/ISSERVER ""\""\SSISDB\Project_Fact\DWH_GRADING_TBS\Fact.dtsx\"""" /SERVER ""\"".\"""" /Par ""\""$ServerOption::LOGGING_LEVEL(Int16)\"""";1 /Par ""\""$ServerOption::SYNCHRONIZED(Boolean)\"""";True /CALLERINFO SQLAGENT /REPORTING E",TIME_OVERLAP_ONLY
1240323,Project_Fact,PAYMENT TREASURY,MAPPING_GROUP_PAYMENT.dtsx,2026-09-01 08:25:11.6459928 +07:00,2026-09-01 08:25:20.9215211 +07:00,7,DE99768D-2EE9-43B7-999B-94D63699444F,SPARTA FACT,7,SSAS Lembur Mill,ANALYSISQUERY,2026-09-01 01:15:17.000,2026-09-01 01:37:58.000,1,Succeeded,1104885,"{   ""refresh"": {     ""type"": ""full"",     ""objects"": [       {         ""database"": ""LemburMill""       }     ]   } }",TIME_OVERLAP_ONLY
1240323,Project_Fact,PAYMENT TREASURY,MAPPING_GROUP_PAYMENT.dtsx,2026-09-01 08:25:11.6459928 +07:00,2026-09-01 08:25:20.9215211 +07:00,7,5ECE39E8-D47A-4559-A8E7-5766D4B949E0,SPARTA FACT 4T,7,Fact Sparta Fisik Premi,SSIS,2026-09-01 01:15:51.000,2026-09-01 01:31:47.000,1,Succeeded,1104884,"/ISSERVER ""\""\SSISDB\Project_Fact\SPARTA_PROJECT\FACT_SPARTA_FISIK_PREMI.dtsx\"""" /SERVER ""\"".\"""" /Par ""\""$ServerOption::LOGGING_LEVEL(Int16)\"""";1 /Par ""\""$ServerOption::SYNCHRONIZED(Boolean)\"""";True /CALLERINFO SQLAGENT /REPORTING E",TIME_OVERLAP_ONLY
1240324,Project_Fact,PAYMENT TREASURY,FACT_SUMMARY_PAYMENT.dtsx,2026-09-01 08:25:22.1865950 +07:00,2026-09-01 08:25:56.8455796 +07:00,7,62088AC8-D634-4732-B90F-19CFBDE2CD4E,AI Grading,2,Fact,SSIS,2026-09-01 00:27:29.000,2026-09-01 01:40:37.000,1,Succeeded,1104887,"/ISSERVER ""\""\SSISDB\Project_Fact\DWH_GRADING_TBS\Fact.dtsx\"""" /SERVER ""\"".\"""" /Par ""\""$ServerOption::LOGGING_LEVEL(Int16)\"""";1 /Par ""\""$ServerOption::SYNCHRONIZED(Boolean)\"""";True /CALLERINFO SQLAGENT /REPORTING E",TIME_OVERLAP_ONLY
1240324,Project_Fact,PAYMENT TREASURY,FACT_SUMMARY_PAYMENT.dtsx,2026-09-01 08:25:22.1865950 +07:00,2026-09-01 08:25:56.8455796 +07:00,7,DE99768D-2EE9-43B7-999B-94D63699444F,SPARTA FACT,7,SSAS Lembur Mill,ANALYSISQUERY,2026-09-01 01:15:17.000,2026-09-01 01:37:58.000,1,Succeeded,1104885,"{   ""refresh"": {     ""type"": ""full"",     ""objects"": [       {         ""database"": ""LemburMill""       }     ]   } }",TIME_OVERLAP_ONLY
1240324,Project_Fact,PAYMENT TREASURY,FACT_SUMMARY_PAYMENT.dtsx,2026-09-01 08:25:22.1865950 +07:00,2026-09-01 08:25:56.8455796 +07:00,7,5ECE39E8-D47A-4559-A8E7-5766D4B949E0,SPARTA FACT 4T,7,Fact Sparta Fisik Premi,SSIS,2026-09-01 01:15:51.000,2026-09-01 01:31:47.000,1,Succeeded,1104884,"/ISSERVER ""\""\SSISDB\Project_Fact\SPARTA_PROJECT\FACT_SPARTA_FISIK_PREMI.dtsx\"""" /SERVER ""\"".\"""" /Par ""\""$ServerOption::LOGGING_LEVEL(Int16)\"""";1 /Par ""\""$ServerOption::SYNCHRONIZED(Boolean)\"""";True /CALLERINFO SQLAGENT /REPORTING E",TIME_OVERLAP_ONLY
1240325,Project_Fact,PAYMENT TREASURY,FACT_DETAIL_PAYMENT.dtsx,2026-09-01 08:25:59.4767343 +07:00,2026-09-01 08:26:11.7824366 +07:00,7,62088AC8-D634-4732-B90F-19CFBDE2CD4E,AI Grading,2,Fact,SSIS,2026-09-01 00:27:29.000,2026-09-01 01:40:37.000,1,Succeeded,1104887,"/ISSERVER ""\""\SSISDB\Project_Fact\DWH_GRADING_TBS\Fact.dtsx\"""" /SERVER ""\"".\"""" /Par ""\""$ServerOption::LOGGING_LEVEL(Int16)\"""";1 /Par ""\""$ServerOption::SYNCHRONIZED(Boolean)\"""";True /CALLERINFO SQLAGENT /REPORTING E",TIME_OVERLAP_ONLY
1240325,Project_Fact,PAYMENT TREASURY,FACT_DETAIL_PAYMENT.dtsx,2026-09-01 08:25:59.4767343 +07:00,2026-09-01 08:26:11.7824366 +07:00,7,DE99768D-2EE9-43B7-999B-94D63699444F,SPARTA FACT,7,SSAS Lembur Mill,ANALYSISQUERY,2026-09-01 01:15:17.000,2026-09-01 01:37:58.000,1,Succeeded,1104885,"{   ""refresh"": {     ""type"": ""full"",     ""objects"": [       {         ""database"": ""LemburMill""       }     ]   } }",TIME_OVERLAP_ONLY
1240325,Project_Fact,PAYMENT TREASURY,FACT_DETAIL_PAYMENT.dtsx,2026-09-01 08:25:59.4767343 +07:00,2026-09-01 08:26:11.7824366 +07:00,7,5ECE39E8-D47A-4559-A8E7-5766D4B949E0,SPARTA FACT 4T,7,Fact Sparta Fisik Premi,SSIS,2026-09-01 01:15:51.000,2026-09-01 01:31:47.000,1,Succeeded,1104884,"/ISSERVER ""\""\SSISDB\Project_Fact\SPARTA_PROJECT\FACT_SPARTA_FISIK_PREMI.dtsx\"""" /SERVER ""\"".\"""" /Par ""\""$ServerOption::LOGGING_LEVEL(Int16)\"""";1 /Par ""\""$ServerOption::SYNCHRONIZED(Boolean)\"""";True /CALLERINFO SQLAGENT /REPORTING E",TIME_OVERLAP_ONLY
1240326,Project_Fact,PAYMENT TREASURY,FACT_OUTSTANDING_PAYMENT.dtsx,2026-09-01 08:26:14.9726229 +07:00,2026-09-01 08:26:26.4222742 +07:00,7,62088AC8-D634-4732-B90F-19CFBDE2CD4E,AI Grading,2,Fact,SSIS,2026-09-01 00:27:29.000,2026-09-01 01:40:37.000,1,Succeeded,1104887,"/ISSERVER ""\""\SSISDB\Project_Fact\DWH_GRADING_TBS\Fact.dtsx\"""" /SERVER ""\"".\"""" /Par ""\""$ServerOption::LOGGING_LEVEL(Int16)\"""";1 /Par ""\""$ServerOption::SYNCHRONIZED(Boolean)\"""";True /CALLERINFO SQLAGENT /REPORTING E",TIME_OVERLAP_ONLY
1240326,Project_Fact,PAYMENT TREASURY,FACT_OUTSTANDING_PAYMENT.dtsx,2026-09-01 08:26:14.9726229 +07:00,2026-09-01 08:26:26.4222742 +07:00,7,DE99768D-2EE9-43B7-999B-94D63699444F,SPARTA FACT,7,SSAS Lembur Mill,ANALYSISQUERY,2026-09-01 01:15:17.000,2026-09-01 01:37:58.000,1,Succeeded,1104885,"{   ""refresh"": {     ""type"": ""full"",     ""objects"": [       {         ""database"": ""LemburMill""       }     ]   } }",TIME_OVERLAP_ONLY
1240326,Project_Fact,PAYMENT TREASURY,FACT_OUTSTANDING_PAYMENT.dtsx,2026-09-01 08:26:14.9726229 +07:00,2026-09-01 08:26:26.4222742 +07:00,7,5ECE39E8-D47A-4559-A8E7-5766D4B949E0,SPARTA FACT 4T,7,Fact Sparta Fisik Premi,SSIS,2026-09-01 01:15:51.000,2026-09-01 01:31:47.000,1,Succeeded,1104884,"/ISSERVER ""\""\SSISDB\Project_Fact\SPARTA_PROJECT\FACT_SPARTA_FISIK_PREMI.dtsx\"""" /SERVER ""\"".\"""" /Par ""\""$ServerOption::LOGGING_LEVEL(Int16)\"""";1 /Par ""\""$ServerOption::SYNCHRONIZED(Boolean)\"""";True /CALLERINFO SQLAGENT /REPORTING E",TIME_OVERLAP_ONLY
1240327,Project_Fact,PAYMENT TREASURY,FACT_PERFORMANCE_PAYMENT.dtsx,2026-09-01 08:26:30.7255198 +07:00,2026-09-01 08:27:28.5788323 +07:00,7,62088AC8-D634-4732-B90F-19CFBDE2CD4E,AI Grading,2,Fact,SSIS,2026-09-01 00:27:29.000,2026-09-01 01:40:37.000,1,Succeeded,1104887,"/ISSERVER ""\""\SSISDB\Project_Fact\DWH_GRADING_TBS\Fact.dtsx\"""" /SERVER ""\"".\"""" /Par ""\""$ServerOption::LOGGING_LEVEL(Int16)\"""";1 /Par ""\""$ServerOption::SYNCHRONIZED(Boolean)\"""";True /CALLERINFO SQLAGENT /REPORTING E",TIME_OVERLAP_ONLY
1240327,Project_Fact,PAYMENT TREASURY,FACT_PERFORMANCE_PAYMENT.dtsx,2026-09-01 08:26:30.7255198 +07:00,2026-09-01 08:27:28.5788323 +07:00,7,DE99768D-2EE9-43B7-999B-94D63699444F,SPARTA FACT,7,SSAS Lembur Mill,ANALYSISQUERY,2026-09-01 01:15:17.000,2026-09-01 01:37:58.000,1,Succeeded,1104885,"{   ""refresh"": {     ""type"": ""full"",     ""objects"": [       {         ""database"": ""LemburMill""       }     ]   } }",TIME_OVERLAP_ONLY
1240327,Project_Fact,PAYMENT TREASURY,FACT_PERFORMANCE_PAYMENT.dtsx,2026-09-01 08:26:30.7255198 +07:00,2026-09-01 08:27:28.5788323 +07:00,7,5ECE39E8-D47A-4559-A8E7-5766D4B949E0,SPARTA FACT 4T,7,Fact Sparta Fisik Premi,SSIS,2026-09-01 01:15:51.000,2026-09-01 01:31:47.000,1,Succeeded,1104884,"/ISSERVER ""\""\SSISDB\Project_Fact\SPARTA_PROJECT\FACT_SPARTA_FISIK_PREMI.dtsx\"""" /SERVER ""\"".\"""" /Par ""\""$ServerOption::LOGGING_LEVEL(Int16)\"""";1 /Par ""\""$ServerOption::SYNCHRONIZED(Boolean)\"""";True /CALLERINFO SQLAGENT /REPORTING E",TIME_OVERLAP_ONLY
1240328,Project_Fact,PAYMENT TREASURY,FACT_BALANCE_PAYMENT.dtsx,2026-09-01 08:27:32.9500877 +07:00,2026-09-01 08:27:35.1432205 +07:00,7,62088AC8-D634-4732-B90F-19CFBDE2CD4E,AI Grading,2,Fact,SSIS,2026-09-01 00:27:29.000,2026-09-01 01:40:37.000,1,Succeeded,1104887,"/ISSERVER ""\""\SSISDB\Project_Fact\DWH_GRADING_TBS\Fact.dtsx\"""" /SERVER ""\"".\"""" /Par ""\""$ServerOption::LOGGING_LEVEL(Int16)\"""";1 /Par ""\""$ServerOption::SYNCHRONIZED(Boolean)\"""";True /CALLERINFO SQLAGENT /REPORTING E",TIME_OVERLAP_ONLY
1240328,Project_Fact,PAYMENT TREASURY,FACT_BALANCE_PAYMENT.dtsx,2026-09-01 08:27:32.9500877 +07:00,2026-09-01 08:27:35.1432205 +07:00,7,DE99768D-2EE9-43B7-999B-94D63699444F,SPARTA FACT,7,SSAS Lembur Mill,ANALYSISQUERY,2026-09-01 01:15:17.000,2026-09-01 01:37:58.000,1,Succeeded,1104885,"{   ""refresh"": {     ""type"": ""full"",     ""objects"": [       {         ""database"": ""LemburMill""       }     ]   } }",TIME_OVERLAP_ONLY
1240328,Project_Fact,PAYMENT TREASURY,FACT_BALANCE_PAYMENT.dtsx,2026-09-01 08:27:32.9500877 +07:00,2026-09-01 08:27:35.1432205 +07:00,7,5ECE39E8-D47A-4559-A8E7-5766D4B949E0,SPARTA FACT 4T,7,Fact Sparta Fisik Premi,SSIS,2026-09-01 01:15:51.000,2026-09-01 01:31:47.000,1,Succeeded,1104884,"/ISSERVER ""\""\SSISDB\Project_Fact\SPARTA_PROJECT\FACT_SPARTA_FISIK_PREMI.dtsx\"""" /SERVER ""\"".\"""" /Par ""\""$ServerOption::LOGGING_LEVEL(Int16)\"""";1 /Par ""\""$ServerOption::SYNCHRONIZED(Boolean)\"""";True /CALLERINFO SQLAGENT /REPORTING E",TIME_OVERLAP_ONLY
1240329,Project_Fact,End to End CAPEX,Excel to STG.dtsx,2026-09-01 08:30:00.9955690 +07:00,2026-09-01 08:30:05.4878222 +07:00,7,62088AC8-D634-4732-B90F-19CFBDE2CD4E,AI Grading,2,Fact,SSIS,2026-09-01 00:27:29.000,2026-09-01 01:40:37.000,1,Succeeded,1104887,"/ISSERVER ""\""\SSISDB\Project_Fact\DWH_GRADING_TBS\Fact.dtsx\"""" /SERVER ""\"".\"""" /Par ""\""$ServerOption::LOGGING_LEVEL(Int16)\"""";1 /Par ""\""$ServerOption::SYNCHRONIZED(Boolean)\"""";True /CALLERINFO SQLAGENT /REPORTING E",TIME_OVERLAP_ONLY
1240329,Project_Fact,End to End CAPEX,Excel to STG.dtsx,2026-09-01 08:30:00.9955690 +07:00,2026-09-01 08:30:05.4878222 +07:00,7,DE99768D-2EE9-43B7-999B-94D63699444F,SPARTA FACT,7,SSAS Lembur Mill,ANALYSISQUERY,2026-09-01 01:15:17.000,2026-09-01 01:37:58.000,1,Succeeded,1104885,"{   ""refresh"": {     ""type"": ""full"",     ""objects"": [       {         ""database"": ""LemburMill""       }     ]   } }",TIME_OVERLAP_ONLY
1240329,Project_Fact,End to End CAPEX,Excel to STG.dtsx,2026-09-01 08:30:00.9955690 +07:00,2026-09-01 08:30:05.4878222 +07:00,7,5ECE39E8-D47A-4559-A8E7-5766D4B949E0,SPARTA FACT 4T,7,Fact Sparta Fisik Premi,SSIS,2026-09-01 01:15:51.000,2026-09-01 01:31:47.000,1,Succeeded,1104884,"/ISSERVER ""\""\SSISDB\Project_Fact\SPARTA_PROJECT\FACT_SPARTA_FISIK_PREMI.dtsx\"""" /SERVER ""\"".\"""" /Par ""\""$ServerOption::LOGGING_LEVEL(Int16)\"""";1 /Par ""\""$ServerOption::SYNCHRONIZED(Boolean)\"""";True /CALLERINFO SQLAGENT /REPORTING E",TIME_OVERLAP_ONLY
1240330,Project_Fact,End to End CAPEX,STG to DWH.dtsx,2026-09-01 08:30:08.2619779 +07:00,2026-09-01 08:30:40.8468470 +07:00,7,62088AC8-D634-4732-B90F-19CFBDE2CD4E,AI Grading,2,Fact,SSIS,2026-09-01 00:27:29.000,2026-09-01 01:40:37.000,1,Succeeded,1104887,"/ISSERVER ""\""\SSISDB\Project_Fact\DWH_GRADING_TBS\Fact.dtsx\"""" /SERVER ""\"".\"""" /Par ""\""$ServerOption::LOGGING_LEVEL(Int16)\"""";1 /Par ""\""$ServerOption::SYNCHRONIZED(Boolean)\"""";True /CALLERINFO SQLAGENT /REPORTING E",TIME_OVERLAP_ONLY
1240330,Project_Fact,End to End CAPEX,STG to DWH.dtsx,2026-09-01 08:30:08.2619779 +07:00,2026-09-01 08:30:40.8468470 +07:00,7,DE99768D-2EE9-43B7-999B-94D63699444F,SPARTA FACT,7,SSAS Lembur Mill,ANALYSISQUERY,2026-09-01 01:15:17.000,2026-09-01 01:37:58.000,1,Succeeded,1104885,"{   ""refresh"": {     ""type"": ""full"",     ""objects"": [       {         ""database"": ""LemburMill""       }     ]   } }",TIME_OVERLAP_ONLY
1240330,Project_Fact,End to End CAPEX,STG to DWH.dtsx,2026-09-01 08:30:08.2619779 +07:00,2026-09-01 08:30:40.8468470 +07:00,7,5ECE39E8-D47A-4559-A8E7-5766D4B949E0,SPARTA FACT 4T,7,Fact Sparta Fisik Premi,SSIS,2026-09-01 01:15:51.000,2026-09-01 01:31:47.000,1,Succeeded,1104884,"/ISSERVER ""\""\SSISDB\Project_Fact\SPARTA_PROJECT\FACT_SPARTA_FISIK_PREMI.dtsx\"""" /SERVER ""\"".\"""" /Par ""\""$ServerOption::LOGGING_LEVEL(Int16)\"""";1 /Par ""\""$ServerOption::SYNCHRONIZED(Boolean)\"""";True /CALLERINFO SQLAGENT /REPORTING E",TIME_OVERLAP_ONLY
1240333,Project_Fact,MONITORING_TICKET_WB,STAGING SAP8.dtsx,2026-09-01 09:00:00.4166125 +07:00,2026-09-01 09:00:09.7851467 +07:00,7,82F69113-E455-4B30-994C-502EE084690C,DWH_ZVT_MSEGPF,1,ZVT_MSEGPF,SSIS,2026-09-01 02:00:00.000,2026-09-01 02:00:52.000,1,Succeeded,1104899,"/ISSERVER ""\""\SSISDB\MR\SSISMR\DWH_ZVT_MSEGPF.dtsx\"""" /SERVER ""\"".\"""" /Par ""\""$ServerOption::LOGGING_LEVEL(Int16)\"""";1 /Par ""\""$ServerOption::SYNCHRONIZED(Boolean)\"""";True /CALLERINFO SQLAGENT /REPORTING E",TIME_OVERLAP_ONLY
1240333,Project_Fact,MONITORING_TICKET_WB,STAGING SAP8.dtsx,2026-09-01 09:00:00.4166125 +07:00,2026-09-01 09:00:09.7851467 +07:00,7,0ED3057B-8FB9-4E3D-A6C1-FFA53D51EF36,SEQUENCE_TABLE_SIGAP,1,Staging,SSIS,2026-09-01 02:00:00.000,2026-09-01 04:32:46.000,1,Succeeded,1104945,"/ISSERVER ""\""\SSISDB\Sequence_Table\Sequence_Table\Seq_Staging_SIGAP.dtsx\"""" /SERVER ""\"".\"""" /Par ""\""$ServerOption::LOGGING_LEVEL(Int16)\"""";1 /Par ""\""$ServerOption::SYNCHRONIZED(Boolean)\"""";True /CALLERINFO SQLAGENT /REPORTING E",TIME_OVERLAP_ONLY
1240335,Project_Fact,ESTATE_MILL_COST_PROJECT,INSERT_REPORT_LEVEL_ESTATE_MILL.dtsx,2026-09-01 09:00:00.4386180 +07:00,2026-09-01 09:00:02.5647306 +07:00,7,82F69113-E455-4B30-994C-502EE084690C,DWH_ZVT_MSEGPF,1,ZVT_MSEGPF,SSIS,2026-09-01 02:00:00.000,2026-09-01 02:00:52.000,1,Succeeded,1104899,"/ISSERVER ""\""\SSISDB\MR\SSISMR\DWH_ZVT_MSEGPF.dtsx\"""" /SERVER ""\"".\"""" /Par ""\""$ServerOption::LOGGING_LEVEL(Int16)\"""";1 /Par ""\""$ServerOption::SYNCHRONIZED(Boolean)\"""";True /CALLERINFO SQLAGENT /REPORTING E",TIME_OVERLAP_ONLY
1240335,Project_Fact,ESTATE_MILL_COST_PROJECT,INSERT_REPORT_LEVEL_ESTATE_MILL.dtsx,2026-09-01 09:00:00.4386180 +07:00,2026-09-01 09:00:02.5647306 +07:00,7,0ED3057B-8FB9-4E3D-A6C1-FFA53D51EF36,SEQUENCE_TABLE_SIGAP,1,Staging,SSIS,2026-09-01 02:00:00.000,2026-09-01 04:32:46.000,1,Succeeded,1104945,"/ISSERVER ""\""\SSISDB\Sequence_Table\Sequence_Table\Seq_Staging_SIGAP.dtsx\"""" /SERVER ""\"".\"""" /Par ""\""$ServerOption::LOGGING_LEVEL(Int16)\"""";1 /Par ""\""$ServerOption::SYNCHRONIZED(Boolean)\"""";True /CALLERINFO SQLAGENT /REPORTING E",TIME_OVERLAP_ONLY
1240335,Project_Fact,ESTATE_MILL_COST_PROJECT,INSERT_REPORT_LEVEL_ESTATE_MILL.dtsx,2026-09-01 09:00:00.4386180 +07:00,2026-09-01 09:00:02.5647306 +07:00,7,C69E67EE-69D9-42B6-94B6-97E86185A8E4,syspolicy_purge_history,3,Erase Phantom System Health Records.,PowerShell,2026-09-01 02:00:00.000,2026-09-01 02:00:03.000,1,Succeeded,1104897,if ('$(ESCAPE_SQUOTE(INST))' -eq 'MSSQLSERVER') {$a = '\DEFAULT'} ELSE {$a = ''}; (Get-Item SQLSERVER:\SQLPolicy\$(ESCAPE_NONE(SRVR))$a).EraseSystemHealthPhantomRecords(),TIME_OVERLAP_ONLY
1240334,Sequence_Table,Sequence_Table,Seq_Staging_NON_SAP.dtsx,2026-09-01 09:00:00.4886153 +07:00,2026-09-01 09:05:00.4167920 +07:00,7,0ED3057B-8FB9-4E3D-A6C1-FFA53D51EF36,SEQUENCE_TABLE_SIGAP,1,Staging,SSIS,2026-09-01 02:00:00.000,2026-09-01 04:32:46.000,1,Succeeded,1104945,"/ISSERVER ""\""\SSISDB\Sequence_Table\Sequence_Table\Seq_Staging_SIGAP.dtsx\"""" /SERVER ""\"".\"""" /Par ""\""$ServerOption::LOGGING_LEVEL(Int16)\"""";1 /Par ""\""$ServerOption::SYNCHRONIZED(Boolean)\"""";True /CALLERINFO SQLAGENT /REPORTING E",TIME_OVERLAP_ONLY
1240336,Sequence_Table,Sequence_Table,Seq_Staging_SAP_SALDO_TREASURY.dtsx,2026-09-01 09:00:00.5196151 +07:00,2026-09-01 09:01:54.8821647 +07:00,7,0ED3057B-8FB9-4E3D-A6C1-FFA53D51EF36,SEQUENCE_TABLE_SIGAP,1,Staging,SSIS,2026-09-01 02:00:00.000,2026-09-01 04:32:46.000,1,Succeeded,1104945,"/ISSERVER ""\""\SSISDB\Sequence_Table\Sequence_Table\Seq_Staging_SIGAP.dtsx\"""" /SERVER ""\"".\"""" /Par ""\""$ServerOption::LOGGING_LEVEL(Int16)\"""";1 /Par ""\""$ServerOption::SYNCHRONIZED(Boolean)\"""";True /CALLERINFO SQLAGENT /REPORTING E",TIME_OVERLAP_ONLY
1240337,Project_Fact,ESTATE_MILL_COST_PROJECT,FACT_ESTATE_MILL_COST.dtsx,2026-09-01 09:00:02.9777591 +07:00,2026-09-01 09:00:27.9821937 +07:00,7,82F69113-E455-4B30-994C-502EE084690C,DWH_ZVT_MSEGPF,1,ZVT_MSEGPF,SSIS,2026-09-01 02:00:00.000,2026-09-01 02:00:52.000,1,Succeeded,1104899,"/ISSERVER ""\""\SSISDB\MR\SSISMR\DWH_ZVT_MSEGPF.dtsx\"""" /SERVER ""\"".\"""" /Par ""\""$ServerOption::LOGGING_LEVEL(Int16)\"""";1 /Par ""\""$ServerOption::SYNCHRONIZED(Boolean)\"""";True /CALLERINFO SQLAGENT /REPORTING E",TIME_OVERLAP_ONLY
1240337,Project_Fact,ESTATE_MILL_COST_PROJECT,FACT_ESTATE_MILL_COST.dtsx,2026-09-01 09:00:02.9777591 +07:00,2026-09-01 09:00:27.9821937 +07:00,7,0ED3057B-8FB9-4E3D-A6C1-FFA53D51EF36,SEQUENCE_TABLE_SIGAP,1,Staging,SSIS,2026-09-01 02:00:00.000,2026-09-01 04:32:46.000,1,Succeeded,1104945,"/ISSERVER ""\""\SSISDB\Sequence_Table\Sequence_Table\Seq_Staging_SIGAP.dtsx\"""" /SERVER ""\"".\"""" /Par ""\""$ServerOption::LOGGING_LEVEL(Int16)\"""";1 /Par ""\""$ServerOption::SYNCHRONIZED(Boolean)\"""";True /CALLERINFO SQLAGENT /REPORTING E",TIME_OVERLAP_ONLY
1240338,Project_Fact,MONITORING_TICKET_WB,STAGING.dtsx,2026-09-01 09:00:14.0733910 +07:00,2026-09-01 09:02:49.8773121 +07:00,7,0ED3057B-8FB9-4E3D-A6C1-FFA53D51EF36,SEQUENCE_TABLE_SIGAP,1,Staging,SSIS,2026-09-01 02:00:00.000,2026-09-01 04:32:46.000,1,Succeeded,1104945,"/ISSERVER ""\""\SSISDB\Sequence_Table\Sequence_Table\Seq_Staging_SIGAP.dtsx\"""" /SERVER ""\"".\"""" /Par ""\""$ServerOption::LOGGING_LEVEL(Int16)\"""";1 /Par ""\""$ServerOption::SYNCHRONIZED(Boolean)\"""";True /CALLERINFO SQLAGENT /REPORTING E",STRONG_NAME_OR_COMMAND_MATCH
1240339,Sequence_Table,Sequence_Table,Seq_Staging_WB.dtsx,2026-09-01 09:01:00.6840618 +07:00,2026-09-01 09:02:06.0558040 +07:00,4,82F69113-E455-4B30-994C-502EE084690C,DWH_ZVT_MSEGPF,2,ZVT_MSEGPF_EHP8,SSIS,2026-09-01 02:00:52.000,2026-09-01 02:04:14.000,1,Succeeded,1104900,"/ISSERVER ""\""\SSISDB\Sequence_Table\Sequence_Table\Seq_Staging_SAP_EHP8_ZVT_MSEGPF.dtsx\"""" /SERVER ""\"".\"""" /Par ""\""$ServerOption::LOGGING_LEVEL(Int16)\"""";1 /Par ""\""$ServerOption::SYNCHRONIZED(Boolean)\"""";True /CALLERINFO SQLAGENT /REPORTING E",TIME_OVERLAP_ONLY
1240339,Sequence_Table,Sequence_Table,Seq_Staging_WB.dtsx,2026-09-01 09:01:00.6840618 +07:00,2026-09-01 09:02:06.0558040 +07:00,4,0ED3057B-8FB9-4E3D-A6C1-FFA53D51EF36,SEQUENCE_TABLE_SIGAP,1,Staging,SSIS,2026-09-01 02:00:00.000,2026-09-01 04:32:46.000,1,Succeeded,1104945,"/ISSERVER ""\""\SSISDB\Sequence_Table\Sequence_Table\Seq_Staging_SIGAP.dtsx\"""" /SERVER ""\"".\"""" /Par ""\""$ServerOption::LOGGING_LEVEL(Int16)\"""";1 /Par ""\""$ServerOption::SYNCHRONIZED(Boolean)\"""";True /CALLERINFO SQLAGENT /REPORTING E",TIME_OVERLAP_ONLY
1240340,Sequence_Table,Sequence_Table,Seq_Staging_SAP_EHP8_SALDO_TREASURY.dtsx,2026-09-01 09:01:59.1724084 +07:00,2026-09-01 09:02:12.1791585 +07:00,7,82F69113-E455-4B30-994C-502EE084690C,DWH_ZVT_MSEGPF,2,ZVT_MSEGPF_EHP8,SSIS,2026-09-01 02:00:52.000,2026-09-01 02:04:14.000,1,Succeeded,1104900,"/ISSERVER ""\""\SSISDB\Sequence_Table\Sequence_Table\Seq_Staging_SAP_EHP8_ZVT_MSEGPF.dtsx\"""" /SERVER ""\"".\"""" /Par ""\""$ServerOption::LOGGING_LEVEL(Int16)\"""";1 /Par ""\""$ServerOption::SYNCHRONIZED(Boolean)\"""";True /CALLERINFO SQLAGENT /REPORTING E",TIME_OVERLAP_ONLY
1240340,Sequence_Table,Sequence_Table,Seq_Staging_SAP_EHP8_SALDO_TREASURY.dtsx,2026-09-01 09:01:59.1724084 +07:00,2026-09-01 09:02:12.1791585 +07:00,7,0ED3057B-8FB9-4E3D-A6C1-FFA53D51EF36,SEQUENCE_TABLE_SIGAP,1,Staging,SSIS,2026-09-01 02:00:00.000,2026-09-01 04:32:46.000,1,Succeeded,1104945,"/ISSERVER ""\""\SSISDB\Sequence_Table\Sequence_Table\Seq_Staging_SIGAP.dtsx\"""" /SERVER ""\"".\"""" /Par ""\""$ServerOption::LOGGING_LEVEL(Int16)\"""";1 /Par ""\""$ServerOption::SYNCHRONIZED(Boolean)\"""";True /CALLERINFO SQLAGENT /REPORTING E",TIME_OVERLAP_ONLY
1240341,Project_Fact,MONITORING_TICKET_WB,FACT.dtsx,2026-09-01 09:02:52.1024422 +07:00,2026-09-01 09:03:11.5805568 +07:00,7,82F69113-E455-4B30-994C-502EE084690C,DWH_ZVT_MSEGPF,2,ZVT_MSEGPF_EHP8,SSIS,2026-09-01 02:00:52.000,2026-09-01 02:04:14.000,1,Succeeded,1104900,"/ISSERVER ""\""\SSISDB\Sequence_Table\Sequence_Table\Seq_Staging_SAP_EHP8_ZVT_MSEGPF.dtsx\"""" /SERVER ""\"".\"""" /Par ""\""$ServerOption::LOGGING_LEVEL(Int16)\"""";1 /Par ""\""$ServerOption::SYNCHRONIZED(Boolean)\"""";True /CALLERINFO SQLAGENT /REPORTING E",TIME_OVERLAP_ONLY
1240341,Project_Fact,MONITORING_TICKET_WB,FACT.dtsx,2026-09-01 09:02:52.1024422 +07:00,2026-09-01 09:03:11.5805568 +07:00,7,0ED3057B-8FB9-4E3D-A6C1-FFA53D51EF36,SEQUENCE_TABLE_SIGAP,1,Staging,SSIS,2026-09-01 02:00:00.000,2026-09-01 04:32:46.000,1,Succeeded,1104945,"/ISSERVER ""\""\SSISDB\Sequence_Table\Sequence_Table\Seq_Staging_SIGAP.dtsx\"""" /SERVER ""\"".\"""" /Par ""\""$ServerOption::LOGGING_LEVEL(Int16)\"""";1 /Par ""\""$ServerOption::SYNCHRONIZED(Boolean)\"""";True /CALLERINFO SQLAGENT /REPORTING E",TIME_OVERLAP_ONLY
1240342,Project_Fact,AWL,Staging.dtsx,2026-09-01 09:05:00.5697976 +07:00,2026-09-01 09:07:55.2928094 +07:00,7,1225ADC7-FF0D-402D-BAEA-A97F7FC50CB1,AWL,1,Staging,SSIS,2026-09-01 02:05:00.000,2026-09-01 02:12:52.000,1,Succeeded,1104902,"/ISSERVER ""\""\SSISDB\Project_Fact\AWL\Staging.dtsx\"""" /SERVER ""\"".\"""" /X86 /Par ""\""$ServerOption::LOGGING_LEVEL(Int16)\"""";1 /Par ""\""$ServerOption::SYNCHRONIZED(Boolean)\"""";True /CALLERINFO SQLAGENT /REPORTING E",STRONG_NAME_OR_COMMAND_MATCH
1240342,Project_Fact,AWL,Staging.dtsx,2026-09-01 09:05:00.5697976 +07:00,2026-09-01 09:07:55.2928094 +07:00,7,0ED3057B-8FB9-4E3D-A6C1-FFA53D51EF36,SEQUENCE_TABLE_SIGAP,1,Staging,SSIS,2026-09-01 02:00:00.000,2026-09-01 04:32:46.000,1,Succeeded,1104945,"/ISSERVER ""\""\SSISDB\Sequence_Table\Sequence_Table\Seq_Staging_SIGAP.dtsx\"""" /SERVER ""\"".\"""" /Par ""\""$ServerOption::LOGGING_LEVEL(Int16)\"""";1 /Par ""\""$ServerOption::SYNCHRONIZED(Boolean)\"""";True /CALLERINFO SQLAGENT /REPORTING E",STRONG_NAME_OR_COMMAND_MATCH
1240343,Project_Fact,AWL,Fact.dtsx,2026-09-01 09:07:56.2788619 +07:00,2026-09-01 09:08:00.8941276 +07:00,7,1225ADC7-FF0D-402D-BAEA-A97F7FC50CB1,AWL,1,Staging,SSIS,2026-09-01 02:05:00.000,2026-09-01 02:12:52.000,1,Succeeded,1104902,"/ISSERVER ""\""\SSISDB\Project_Fact\AWL\Staging.dtsx\"""" /SERVER ""\"".\"""" /X86 /Par ""\""$ServerOption::LOGGING_LEVEL(Int16)\"""";1 /Par ""\""$ServerOption::SYNCHRONIZED(Boolean)\"""";True /CALLERINFO SQLAGENT /REPORTING E",TIME_OVERLAP_ONLY
1240343,Project_Fact,AWL,Fact.dtsx,2026-09-01 09:07:56.2788619 +07:00,2026-09-01 09:08:00.8941276 +07:00,7,0ED3057B-8FB9-4E3D-A6C1-FFA53D51EF36,SEQUENCE_TABLE_SIGAP,1,Staging,SSIS,2026-09-01 02:00:00.000,2026-09-01 04:32:46.000,1,Succeeded,1104945,"/ISSERVER ""\""\SSISDB\Sequence_Table\Sequence_Table\Seq_Staging_SIGAP.dtsx\"""" /SERVER ""\"".\"""" /Par ""\""$ServerOption::LOGGING_LEVEL(Int16)\"""";1 /Par ""\""$ServerOption::SYNCHRONIZED(Boolean)\"""";True /CALLERINFO SQLAGENT /REPORTING E",TIME_OVERLAP_ONLY
1240344,Project_Fact,AWL,AWL_Warning.dtsx,2026-09-01 09:08:02.7862364 +07:00,2026-09-01 09:08:04.6523453 +07:00,7,1225ADC7-FF0D-402D-BAEA-A97F7FC50CB1,AWL,1,Staging,SSIS,2026-09-01 02:05:00.000,2026-09-01 02:12:52.000,1,Succeeded,1104902,"/ISSERVER ""\""\SSISDB\Project_Fact\AWL\Staging.dtsx\"""" /SERVER ""\"".\"""" /X86 /Par ""\""$ServerOption::LOGGING_LEVEL(Int16)\"""";1 /Par ""\""$ServerOption::SYNCHRONIZED(Boolean)\"""";True /CALLERINFO SQLAGENT /REPORTING E",TIME_OVERLAP_ONLY
1240344,Project_Fact,AWL,AWL_Warning.dtsx,2026-09-01 09:08:02.7862364 +07:00,2026-09-01 09:08:04.6523453 +07:00,7,0ED3057B-8FB9-4E3D-A6C1-FFA53D51EF36,SEQUENCE_TABLE_SIGAP,1,Staging,SSIS,2026-09-01 02:00:00.000,2026-09-01 04:32:46.000,1,Succeeded,1104945,"/ISSERVER ""\""\SSISDB\Sequence_Table\Sequence_Table\Seq_Staging_SIGAP.dtsx\"""" /SERVER ""\"".\"""" /Par ""\""$ServerOption::LOGGING_LEVEL(Int16)\"""";1 /Par ""\""$ServerOption::SYNCHRONIZED(Boolean)\"""";True /CALLERINFO SQLAGENT /REPORTING E",TIME_OVERLAP_ONLY
1240345,Project_Fact,SALDO_TREASURY,MAPPING_SALDO.dtsx,2026-09-01 09:10:00.3039645 +07:00,2026-09-01 09:10:02.1380706 +07:00,7,1225ADC7-FF0D-402D-BAEA-A97F7FC50CB1,AWL,1,Staging,SSIS,2026-09-01 02:05:00.000,2026-09-01 02:12:52.000,1,Succeeded,1104902,"/ISSERVER ""\""\SSISDB\Project_Fact\AWL\Staging.dtsx\"""" /SERVER ""\"".\"""" /X86 /Par ""\""$ServerOption::LOGGING_LEVEL(Int16)\"""";1 /Par ""\""$ServerOption::SYNCHRONIZED(Boolean)\"""";True /CALLERINFO SQLAGENT /REPORTING E",TIME_OVERLAP_ONLY
1240345,Project_Fact,SALDO_TREASURY,MAPPING_SALDO.dtsx,2026-09-01 09:10:00.3039645 +07:00,2026-09-01 09:10:02.1380706 +07:00,7,0ED3057B-8FB9-4E3D-A6C1-FFA53D51EF36,SEQUENCE_TABLE_SIGAP,1,Staging,SSIS,2026-09-01 02:00:00.000,2026-09-01 04:32:46.000,1,Succeeded,1104945,"/ISSERVER ""\""\SSISDB\Sequence_Table\Sequence_Table\Seq_Staging_SIGAP.dtsx\"""" /SERVER ""\"".\"""" /Par ""\""$ServerOption::LOGGING_LEVEL(Int16)\"""";1 /Par ""\""$ServerOption::SYNCHRONIZED(Boolean)\"""";True /CALLERINFO SQLAGENT /REPORTING E",TIME_OVERLAP_ONLY
1240346,Project_Fact,SALDO_TREASURY,FACT_SALDO_AKHIR_BULAN.dtsx,2026-09-01 09:10:06.2923072 +07:00,2026-09-01 09:11:48.7611756 +07:00,7,1225ADC7-FF0D-402D-BAEA-A97F7FC50CB1,AWL,1,Staging,SSIS,2026-09-01 02:05:00.000,2026-09-01 02:12:52.000,1,Succeeded,1104902,"/ISSERVER ""\""\SSISDB\Project_Fact\AWL\Staging.dtsx\"""" /SERVER ""\"".\"""" /X86 /Par ""\""$ServerOption::LOGGING_LEVEL(Int16)\"""";1 /Par ""\""$ServerOption::SYNCHRONIZED(Boolean)\"""";True /CALLERINFO SQLAGENT /REPORTING E",TIME_OVERLAP_ONLY
1240346,Project_Fact,SALDO_TREASURY,FACT_SALDO_AKHIR_BULAN.dtsx,2026-09-01 09:10:06.2923072 +07:00,2026-09-01 09:11:48.7611756 +07:00,7,0ED3057B-8FB9-4E3D-A6C1-FFA53D51EF36,SEQUENCE_TABLE_SIGAP,1,Staging,SSIS,2026-09-01 02:00:00.000,2026-09-01 04:32:46.000,1,Succeeded,1104945,"/ISSERVER ""\""\SSISDB\Sequence_Table\Sequence_Table\Seq_Staging_SIGAP.dtsx\"""" /SERVER ""\"".\"""" /Par ""\""$ServerOption::LOGGING_LEVEL(Int16)\"""";1 /Par ""\""$ServerOption::SYNCHRONIZED(Boolean)\"""";True /CALLERINFO SQLAGENT /REPORTING E",TIME_OVERLAP_ONLY
1240347,Project_Fact,SALDO_TREASURY,FACT_SALDO_HARIAN.dtsx,2026-09-01 09:11:51.3923307 +07:00,2026-09-01 09:13:37.6254188 +07:00,7,0ED3057B-8FB9-4E3D-A6C1-FFA53D51EF36,SEQUENCE_TABLE_SIGAP,1,Staging,SSIS,2026-09-01 02:00:00.000,2026-09-01 04:32:46.000,1,Succeeded,1104945,"/ISSERVER ""\""\SSISDB\Sequence_Table\Sequence_Table\Seq_Staging_SIGAP.dtsx\"""" /SERVER ""\"".\"""" /Par ""\""$ServerOption::LOGGING_LEVEL(Int16)\"""";1 /Par ""\""$ServerOption::SYNCHRONIZED(Boolean)\"""";True /CALLERINFO SQLAGENT /REPORTING E",TIME_OVERLAP_ONLY
1240348,Project_Fact,Inter Company Loan,FACT_INLOAN.dtsx,2026-09-01 09:20:00.3573279 +07:00,2026-09-01 09:20:58.4706543 +07:00,7,0ED3057B-8FB9-4E3D-A6C1-FFA53D51EF36,SEQUENCE_TABLE_SIGAP,1,Staging,SSIS,2026-09-01 02:00:00.000,2026-09-01 04:32:46.000,1,Succeeded,1104945,"/ISSERVER ""\""\SSISDB\Sequence_Table\Sequence_Table\Seq_Staging_SIGAP.dtsx\"""" /SERVER ""\"".\"""" /Par ""\""$ServerOption::LOGGING_LEVEL(Int16)\"""";1 /Par ""\""$ServerOption::SYNCHRONIZED(Boolean)\"""";True /CALLERINFO SQLAGENT /REPORTING E",TIME_OVERLAP_ONLY
1240349,Project_Fact,Lap Prod TBS CPO PK,Laporan Produksi TBS CPO PK.dtsx,2026-09-01 09:30:00.5457095 +07:00,2026-09-01 09:52:42.7457067 +07:00,7,0ED3057B-8FB9-4E3D-A6C1-FFA53D51EF36,SEQUENCE_TABLE_SIGAP,1,Staging,SSIS,2026-09-01 02:00:00.000,2026-09-01 04:32:46.000,1,Succeeded,1104945,"/ISSERVER ""\""\SSISDB\Sequence_Table\Sequence_Table\Seq_Staging_SIGAP.dtsx\"""" /SERVER ""\"".\"""" /Par ""\""$ServerOption::LOGGING_LEVEL(Int16)\"""";1 /Par ""\""$ServerOption::SYNCHRONIZED(Boolean)\"""";True /CALLERINFO SQLAGENT /REPORTING E",TIME_OVERLAP_ONLY
1240350,Project_Fact,COST_ELEMENT_PROJECT,FACT_COST_ELEMENT_RATE.dtsx,2026-09-01 09:40:01.0200843 +07:00,2026-09-01 09:41:30.1721898 +07:00,7,0ED3057B-8FB9-4E3D-A6C1-FFA53D51EF36,SEQUENCE_TABLE_SIGAP,1,Staging,SSIS,2026-09-01 02:00:00.000,2026-09-01 04:32:46.000,1,Succeeded,1104945,"/ISSERVER ""\""\SSISDB\Sequence_Table\Sequence_Table\Seq_Staging_SIGAP.dtsx\"""" /SERVER ""\"".\"""" /Par ""\""$ServerOption::LOGGING_LEVEL(Int16)\"""";1 /Par ""\""$ServerOption::SYNCHRONIZED(Boolean)\"""";True /CALLERINFO SQLAGENT /REPORTING E",TIME_OVERLAP_ONLY
1240351,Project_Fact,COST_ELEMENT_PROJECT,FACT_COST_ELEMENT.dtsx,2026-09-01 09:41:33.1493877 +07:00,2026-09-01 10:00:25.2251936 +07:00,7,0ED3057B-8FB9-4E3D-A6C1-FFA53D51EF36,SEQUENCE_TABLE_SIGAP,1,Staging,SSIS,2026-09-01 02:00:00.000,2026-09-01 04:32:46.000,1,Succeeded,1104945,"/ISSERVER ""\""\SSISDB\Sequence_Table\Sequence_Table\Seq_Staging_SIGAP.dtsx\"""" /SERVER ""\"".\"""" /Par ""\""$ServerOption::LOGGING_LEVEL(Int16)\"""";1 /Par ""\""$ServerOption::SYNCHRONIZED(Boolean)\"""";True /CALLERINFO SQLAGENT /REPORTING E",TIME_OVERLAP_ONLY
1240352,Project_Fact,AWL,Staging.dtsx,2026-09-01 10:05:00.7469800 +07:00,2026-09-01 10:12:17.5869888 +07:00,7,0ED3057B-8FB9-4E3D-A6C1-FFA53D51EF36,SEQUENCE_TABLE_SIGAP,1,Staging,SSIS,2026-09-01 02:00:00.000,2026-09-01 04:32:46.000,1,Succeeded,1104945,"/ISSERVER ""\""\SSISDB\Sequence_Table\Sequence_Table\Seq_Staging_SIGAP.dtsx\"""" /SERVER ""\"".\"""" /Par ""\""$ServerOption::LOGGING_LEVEL(Int16)\"""";1 /Par ""\""$ServerOption::SYNCHRONIZED(Boolean)\"""";True /CALLERINFO SQLAGENT /REPORTING E",STRONG_NAME_OR_COMMAND_MATCH
1240353,Project_Fact,AWL,Fact.dtsx,2026-09-01 10:12:18.7880754 +07:00,2026-09-01 10:12:22.4852696 +07:00,7,0ED3057B-8FB9-4E3D-A6C1-FFA53D51EF36,SEQUENCE_TABLE_SIGAP,1,Staging,SSIS,2026-09-01 02:00:00.000,2026-09-01 04:32:46.000,1,Succeeded,1104945,"/ISSERVER ""\""\SSISDB\Sequence_Table\Sequence_Table\Seq_Staging_SIGAP.dtsx\"""" /SERVER ""\"".\"""" /Par ""\""$ServerOption::LOGGING_LEVEL(Int16)\"""";1 /Par ""\""$ServerOption::SYNCHRONIZED(Boolean)\"""";True /CALLERINFO SQLAGENT /REPORTING E",TIME_OVERLAP_ONLY
1240354,Project_Fact,AWL,AWL_Warning.dtsx,2026-09-01 10:12:25.2844324 +07:00,2026-09-01 10:12:26.6935090 +07:00,7,0ED3057B-8FB9-4E3D-A6C1-FFA53D51EF36,SEQUENCE_TABLE_SIGAP,1,Staging,SSIS,2026-09-01 02:00:00.000,2026-09-01 04:32:46.000,1,Succeeded,1104945,"/ISSERVER ""\""\SSISDB\Sequence_Table\Sequence_Table\Seq_Staging_SIGAP.dtsx\"""" /SERVER ""\"".\"""" /Par ""\""$ServerOption::LOGGING_LEVEL(Int16)\"""";1 /Par ""\""$ServerOption::SYNCHRONIZED(Boolean)\"""";True /CALLERINFO SQLAGENT /REPORTING E",TIME_OVERLAP_ONLY
1240355,Project_Fact,PEMAKAIAN_PUPUK_PROJECT,MAPPING_BAHAN_PUPUK.dtsx,2026-09-01 10:58:37.2491671 +07:00,2026-09-01 10:58:38.7962626 +07:00,7,1DC093A3-2313-446F-89F5-F2436FD0E813,INVESTOR RELATION,5,Production Summary dan Areal Statement,SSIS,2026-09-01 03:20:16.000,2026-09-01 04:40:17.000,1,Succeeded,1104947,"/ISSERVER ""\""\SSISDB\Project_Fact\INVESTOR_RELATIONS_PROJECT\PS_AS.dtsx\"""" /SERVER ""\"".\"""" /X86 /Par ""\""$ServerOption::LOGGING_LEVEL(Int16)\"""";1 /Par ""\""$ServerOption::SYNCHRONIZED(Boolean)\"""";True /CALLERINFO SQLAGENT /REPORTING E",TIME_OVERLAP_ONLY
1240355,Project_Fact,PEMAKAIAN_PUPUK_PROJECT,MAPPING_BAHAN_PUPUK.dtsx,2026-09-01 10:58:37.2491671 +07:00,2026-09-01 10:58:38.7962626 +07:00,7,840F2F31-8C8B-41A6-804B-11FEC3E6C541,MILL_COST_and_MILL_ENGINEERING,2,Dimensi,SSIS,2026-09-01 03:47:24.000,2026-09-01 04:08:50.000,1,Succeeded,1104934,"/ISSERVER ""\""\SSISDB\Project_Fact\MILL_COST_PROJECT\DIM_FOR_FACT_MILL_COST.dtsx\"""" /SERVER ""\"".\"""" /Par ""\""$ServerOption::LOGGING_LEVEL(Int16)\"""";1 /Par ""\""$ServerOption::SYNCHRONIZED(Boolean)\"""";True /CALLERINFO SQLAGENT /REPORTING E",TIME_OVERLAP_ONLY
1240355,Project_Fact,PEMAKAIAN_PUPUK_PROJECT,MAPPING_BAHAN_PUPUK.dtsx,2026-09-01 10:58:37.2491671 +07:00,2026-09-01 10:58:38.7962626 +07:00,7,0ED3057B-8FB9-4E3D-A6C1-FFA53D51EF36,SEQUENCE_TABLE_SIGAP,1,Staging,SSIS,2026-09-01 02:00:00.000,2026-09-01 04:32:46.000,1,Succeeded,1104945,"/ISSERVER ""\""\SSISDB\Sequence_Table\Sequence_Table\Seq_Staging_SIGAP.dtsx\"""" /SERVER ""\"".\"""" /Par ""\""$ServerOption::LOGGING_LEVEL(Int16)\"""";1 /Par ""\""$ServerOption::SYNCHRONIZED(Boolean)\"""";True /CALLERINFO SQLAGENT /REPORTING E",TIME_OVERLAP_ONLY
1240356,Project_Fact,AWL,Staging.dtsx,2026-09-01 11:05:01.0571484 +07:00,2026-09-01 11:09:49.8806929 +07:00,7,1DC093A3-2313-446F-89F5-F2436FD0E813,INVESTOR RELATION,5,Production Summary dan Areal Statement,SSIS,2026-09-01 03:20:16.000,2026-09-01 04:40:17.000,1,Succeeded,1104947,"/ISSERVER ""\""\SSISDB\Project_Fact\INVESTOR_RELATIONS_PROJECT\PS_AS.dtsx\"""" /SERVER ""\"".\"""" /X86 /Par ""\""$ServerOption::LOGGING_LEVEL(Int16)\"""";1 /Par ""\""$ServerOption::SYNCHRONIZED(Boolean)\"""";True /CALLERINFO SQLAGENT /REPORTING E",TIME_OVERLAP_ONLY
1240356,Project_Fact,AWL,Staging.dtsx,2026-09-01 11:05:01.0571484 +07:00,2026-09-01 11:09:49.8806929 +07:00,7,1225ADC7-FF0D-402D-BAEA-A97F7FC50CB1,AWL,1,Staging,SSIS,2026-09-01 04:05:00.000,2026-09-01 04:09:55.000,1,Succeeded,1104935,"/ISSERVER ""\""\SSISDB\Project_Fact\AWL\Staging.dtsx\"""" /SERVER ""\"".\"""" /X86 /Par ""\""$ServerOption::LOGGING_LEVEL(Int16)\"""";1 /Par ""\""$ServerOption::SYNCHRONIZED(Boolean)\"""";True /CALLERINFO SQLAGENT /REPORTING E",STRONG_NAME_OR_COMMAND_MATCH
1240356,Project_Fact,AWL,Staging.dtsx,2026-09-01 11:05:01.0571484 +07:00,2026-09-01 11:09:49.8806929 +07:00,7,0ED3057B-8FB9-4E3D-A6C1-FFA53D51EF36,SEQUENCE_TABLE_SIGAP,1,Staging,SSIS,2026-09-01 02:00:00.000,2026-09-01 04:32:46.000,1,Succeeded,1104945,"/ISSERVER ""\""\SSISDB\Sequence_Table\Sequence_Table\Seq_Staging_SIGAP.dtsx\"""" /SERVER ""\"".\"""" /Par ""\""$ServerOption::LOGGING_LEVEL(Int16)\"""";1 /Par ""\""$ServerOption::SYNCHRONIZED(Boolean)\"""";True /CALLERINFO SQLAGENT /REPORTING E",STRONG_NAME_OR_COMMAND_MATCH
1240357,Project_Fact,AWL,Fact.dtsx,2026-09-01 11:09:54.1109306 +07:00,2026-09-01 11:09:57.8741544 +07:00,7,1DC093A3-2313-446F-89F5-F2436FD0E813,INVESTOR RELATION,5,Production Summary dan Areal Statement,SSIS,2026-09-01 03:20:16.000,2026-09-01 04:40:17.000,1,Succeeded,1104947,"/ISSERVER ""\""\SSISDB\Project_Fact\INVESTOR_RELATIONS_PROJECT\PS_AS.dtsx\"""" /SERVER ""\"".\"""" /X86 /Par ""\""$ServerOption::LOGGING_LEVEL(Int16)\"""";1 /Par ""\""$ServerOption::SYNCHRONIZED(Boolean)\"""";True /CALLERINFO SQLAGENT /REPORTING E",TIME_OVERLAP_ONLY
1240357,Project_Fact,AWL,Fact.dtsx,2026-09-01 11:09:54.1109306 +07:00,2026-09-01 11:09:57.8741544 +07:00,7,840F2F31-8C8B-41A6-804B-11FEC3E6C541,MILL_COST_and_MILL_ENGINEERING,3,Fact Mill Cost,SSIS,2026-09-01 04:08:50.000,2026-09-01 04:10:56.000,1,Succeeded,1104936,"/ISSERVER ""\""\SSISDB\Project_Fact\MILL_COST_PROJECT\FACT_MILL_COST.dtsx\"""" /SERVER ""\"".\"""" /Par ""\""$ServerOption::LOGGING_LEVEL(Int16)\"""";1 /Par ""\""$ServerOption::SYNCHRONIZED(Boolean)\"""";True /CALLERINFO SQLAGENT /REPORTING E",TIME_OVERLAP_ONLY
1240357,Project_Fact,AWL,Fact.dtsx,2026-09-01 11:09:54.1109306 +07:00,2026-09-01 11:09:57.8741544 +07:00,7,0ED3057B-8FB9-4E3D-A6C1-FFA53D51EF36,SEQUENCE_TABLE_SIGAP,1,Staging,SSIS,2026-09-01 02:00:00.000,2026-09-01 04:32:46.000,1,Succeeded,1104945,"/ISSERVER ""\""\SSISDB\Sequence_Table\Sequence_Table\Seq_Staging_SIGAP.dtsx\"""" /SERVER ""\"".\"""" /Par ""\""$ServerOption::LOGGING_LEVEL(Int16)\"""";1 /Par ""\""$ServerOption::SYNCHRONIZED(Boolean)\"""";True /CALLERINFO SQLAGENT /REPORTING E",TIME_OVERLAP_ONLY
1240358,Project_Fact,AWL,AWL_Warning.dtsx,2026-09-01 11:10:02.0914020 +07:00,2026-09-01 11:10:03.8154894 +07:00,7,1225ADC7-FF0D-402D-BAEA-A97F7FC50CB1,AWL,2,Fact,SSIS,2026-09-01 04:09:55.000,2026-09-01 04:11:02.000,1,Succeeded,1104937,"/ISSERVER ""\""\SSISDB\Project_Fact\AWL\Fact.dtsx\"""" /SERVER ""\"".\"""" /Par ""\""$ServerOption::LOGGING_LEVEL(Int16)\"""";1 /Par ""\""$ServerOption::SYNCHRONIZED(Boolean)\"""";True /CALLERINFO SQLAGENT /REPORTING E",TIME_OVERLAP_ONLY
1240358,Project_Fact,AWL,AWL_Warning.dtsx,2026-09-01 11:10:02.0914020 +07:00,2026-09-01 11:10:03.8154894 +07:00,7,1DC093A3-2313-446F-89F5-F2436FD0E813,INVESTOR RELATION,5,Production Summary dan Areal Statement,SSIS,2026-09-01 03:20:16.000,2026-09-01 04:40:17.000,1,Succeeded,1104947,"/ISSERVER ""\""\SSISDB\Project_Fact\INVESTOR_RELATIONS_PROJECT\PS_AS.dtsx\"""" /SERVER ""\"".\"""" /X86 /Par ""\""$ServerOption::LOGGING_LEVEL(Int16)\"""";1 /Par ""\""$ServerOption::SYNCHRONIZED(Boolean)\"""";True /CALLERINFO SQLAGENT /REPORTING E",TIME_OVERLAP_ONLY
1240358,Project_Fact,AWL,AWL_Warning.dtsx,2026-09-01 11:10:02.0914020 +07:00,2026-09-01 11:10:03.8154894 +07:00,7,840F2F31-8C8B-41A6-804B-11FEC3E6C541,MILL_COST_and_MILL_ENGINEERING,3,Fact Mill Cost,SSIS,2026-09-01 04:08:50.000,2026-09-01 04:10:56.000,1,Succeeded,1104936,"/ISSERVER ""\""\SSISDB\Project_Fact\MILL_COST_PROJECT\FACT_MILL_COST.dtsx\"""" /SERVER ""\"".\"""" /Par ""\""$ServerOption::LOGGING_LEVEL(Int16)\"""";1 /Par ""\""$ServerOption::SYNCHRONIZED(Boolean)\"""";True /CALLERINFO SQLAGENT /REPORTING E",TIME_OVERLAP_ONLY
1240358,Project_Fact,AWL,AWL_Warning.dtsx,2026-09-01 11:10:02.0914020 +07:00,2026-09-01 11:10:03.8154894 +07:00,7,0ED3057B-8FB9-4E3D-A6C1-FFA53D51EF36,SEQUENCE_TABLE_SIGAP,1,Staging,SSIS,2026-09-01 02:00:00.000,2026-09-01 04:32:46.000,1,Succeeded,1104945,"/ISSERVER ""\""\SSISDB\Sequence_Table\Sequence_Table\Seq_Staging_SIGAP.dtsx\"""" /SERVER ""\"".\"""" /Par ""\""$ServerOption::LOGGING_LEVEL(Int16)\"""";1 /Par ""\""$ServerOption::SYNCHRONIZED(Boolean)\"""";True /CALLERINFO SQLAGENT /REPORTING E",TIME_OVERLAP_ONLY
1240358,Project_Fact,AWL,AWL_Warning.dtsx,2026-09-01 11:10:02.0914020 +07:00,2026-09-01 11:10:03.8154894 +07:00,7,007BBACD-F35B-49EC-BE1D-0347660DDD1A,SMK3 Sustainability,1,Fact SMK3 Sustainability,SSIS,2026-09-01 04:10:00.000,2026-09-01 04:11:37.000,1,Succeeded,1104940,"/ISSERVER ""\""\SSISDB\Project_Fact\SUSTAINABILITY_SMK3\FACT_SUSTAIN_SMK3.dtsx\"""" /SERVER ""\"".\"""" /Par ""\""$ServerOption::LOGGING_LEVEL(Int16)\"""";1 /Par ""\""$ServerOption::SYNCHRONIZED(Boolean)\"""";True /CALLERINFO SQLAGENT /REPORTING E",TIME_OVERLAP_ONLY
1240361,Sequence_Table,Sequence_Table,Seq_Staging_SAP_SALDO_TREASURY.dtsx,2026-09-01 12:00:01.0071291 +07:00,2026-09-01 12:01:22.9128172 +07:00,7,B43BB631-9155-44CA-BF21-BEAAA5471B45,DWH_MR,1,Process,TSQL,2026-09-01 05:00:01.000,2026-09-01 05:24:53.000,1,Succeeded,1104977," EXECUTE  [dbo].RefreshReportDetailFact 2026   ,1 GO   EXECUTE  [dbo].[RefreshConsole]  2026 ,1 GO",TIME_OVERLAP_ONLY
1240362,Sequence_Table,Sequence_Table,Seq_Staging_SPARTA_4T.dtsx,2026-09-01 12:00:01.0331565 +07:00,2026-09-01 12:15:58.7519716 +07:00,7,B43BB631-9155-44CA-BF21-BEAAA5471B45,DWH_MR,1,Process,TSQL,2026-09-01 05:00:01.000,2026-09-01 05:24:53.000,1,Succeeded,1104977," EXECUTE  [dbo].RefreshReportDetailFact 2026   ,1 GO   EXECUTE  [dbo].[RefreshConsole]  2026 ,1 GO",TIME_OVERLAP_ONLY
1240363,Sequence_Table,Sequence_Table,Seq_Staging_SAP_EHP8_SALDO_TREASURY.dtsx,2026-09-01 12:01:25.4729584 +07:00,2026-09-01 12:01:35.9575610 +07:00,7,B43BB631-9155-44CA-BF21-BEAAA5471B45,DWH_MR,1,Process,TSQL,2026-09-01 05:00:01.000,2026-09-01 05:24:53.000,1,Succeeded,1104977," EXECUTE  [dbo].RefreshReportDetailFact 2026   ,1 GO   EXECUTE  [dbo].[RefreshConsole]  2026 ,1 GO",TIME_OVERLAP_ONLY
1240363,Sequence_Table,Sequence_Table,Seq_Staging_SAP_EHP8_SALDO_TREASURY.dtsx,2026-09-01 12:01:25.4729584 +07:00,2026-09-01 12:01:35.9575610 +07:00,7,6D7C9921-843B-4919-B8A6-D42A047543FA,LAPORAN KEUANGAN KEBUN (LKK),3,Mapping,SSIS,2026-09-01 05:00:08.000,2026-09-01 05:11:16.000,1,Succeeded,1104974,"/ISSERVER ""\""\SSISDB\Project_Fact\DWH_LKK_PROJECT_NEW\INSERT_MAPPING_BIAYA_TANAMAN.dtsx\"""" /SERVER ""\"".\"""" /X86 /Par ""\""$ServerOption::LOGGING_LEVEL(Int16)\"""";1 /Par ""\""$ServerOption::SYNCHRONIZED(Boolean)\"""";True /CALLERINFO SQLAGENT /REPORTING E",TIME_OVERLAP_ONLY
1240363,Sequence_Table,Sequence_Table,Seq_Staging_SAP_EHP8_SALDO_TREASURY.dtsx,2026-09-01 12:01:25.4729584 +07:00,2026-09-01 12:01:35.9575610 +07:00,7,9558A386-42A0-4D60-935C-CE2295DFC697,Payment Treasury,6,Fact Performance,SSIS,2026-09-01 05:01:06.000,2026-09-01 05:01:38.000,1,Succeeded,1104964,"/ISSERVER ""\""\SSISDB\Project_Fact\PAYMENT TREASURY\FACT_PERFORMANCE_PAYMENT.dtsx\"""" /SERVER ""\"".\"""" /X86 /Par ""\""$ServerOption::LOGGING_LEVEL(Int16)\"""";1 /Par ""\""$ServerOption::SYNCHRONIZED(Boolean)\"""";True /CALLERINFO SQLAGENT /REPORTING E",TIME_OVERLAP_ONLY
1240364,Sequence_Table,Sequence_Table,Seq_Staging_SPARTA.dtsx,2026-09-01 12:05:00.9283064 +07:00,2026-09-01 12:21:39.5954886 +07:00,7,B43BB631-9155-44CA-BF21-BEAAA5471B45,DWH_MR,1,Process,TSQL,2026-09-01 05:00:01.000,2026-09-01 05:24:53.000,1,Succeeded,1104977," EXECUTE  [dbo].RefreshReportDetailFact 2026   ,1 GO   EXECUTE  [dbo].[RefreshConsole]  2026 ,1 GO",TIME_OVERLAP_ONLY
1240365,Project_Fact,AWL,Staging.dtsx,2026-09-01 12:05:00.9413038 +07:00,2026-09-01 12:14:03.4623672 +07:00,7,B43BB631-9155-44CA-BF21-BEAAA5471B45,DWH_MR,1,Process,TSQL,2026-09-01 05:00:01.000,2026-09-01 05:24:53.000,1,Succeeded,1104977," EXECUTE  [dbo].RefreshReportDetailFact 2026   ,1 GO   EXECUTE  [dbo].[RefreshConsole]  2026 ,1 GO",TIME_OVERLAP_ONLY
1240366,Project_Fact,SALDO_TREASURY,MAPPING_SALDO.dtsx,2026-09-01 12:07:01.0611864 +07:00,2026-09-01 12:07:05.8024579 +07:00,7,1225ADC7-FF0D-402D-BAEA-A97F7FC50CB1,AWL,1,Staging,SSIS,2026-09-01 05:05:00.000,2026-09-01 05:07:47.000,1,Succeeded,1104967,"/ISSERVER ""\""\SSISDB\Project_Fact\AWL\Staging.dtsx\"""" /SERVER ""\"".\"""" /X86 /Par ""\""$ServerOption::LOGGING_LEVEL(Int16)\"""";1 /Par ""\""$ServerOption::SYNCHRONIZED(Boolean)\"""";True /CALLERINFO SQLAGENT /REPORTING E",TIME_OVERLAP_ONLY
1240366,Project_Fact,SALDO_TREASURY,MAPPING_SALDO.dtsx,2026-09-01 12:07:01.0611864 +07:00,2026-09-01 12:07:05.8024579 +07:00,7,B43BB631-9155-44CA-BF21-BEAAA5471B45,DWH_MR,1,Process,TSQL,2026-09-01 05:00:01.000,2026-09-01 05:24:53.000,1,Succeeded,1104977," EXECUTE  [dbo].RefreshReportDetailFact 2026   ,1 GO   EXECUTE  [dbo].[RefreshConsole]  2026 ,1 GO",TIME_OVERLAP_ONLY
1240366,Project_Fact,SALDO_TREASURY,MAPPING_SALDO.dtsx,2026-09-01 12:07:01.0611864 +07:00,2026-09-01 12:07:05.8024579 +07:00,7,6D7C9921-843B-4919-B8A6-D42A047543FA,LAPORAN KEUANGAN KEBUN (LKK),3,Mapping,SSIS,2026-09-01 05:00:08.000,2026-09-01 05:11:16.000,1,Succeeded,1104974,"/ISSERVER ""\""\SSISDB\Project_Fact\DWH_LKK_PROJECT_NEW\INSERT_MAPPING_BIAYA_TANAMAN.dtsx\"""" /SERVER ""\"".\"""" /X86 /Par ""\""$ServerOption::LOGGING_LEVEL(Int16)\"""";1 /Par ""\""$ServerOption::SYNCHRONIZED(Boolean)\"""";True /CALLERINFO SQLAGENT /REPORTING E",TIME_OVERLAP_ONLY
1240367,Project_Fact,SALDO_TREASURY,FACT_SALDO_AKHIR_BULAN.dtsx,2026-09-01 12:07:06.6775232 +07:00,2026-09-01 12:09:34.8619862 +07:00,7,B43BB631-9155-44CA-BF21-BEAAA5471B45,DWH_MR,1,Process,TSQL,2026-09-01 05:00:01.000,2026-09-01 05:24:53.000,1,Succeeded,1104977," EXECUTE  [dbo].RefreshReportDetailFact 2026   ,1 GO   EXECUTE  [dbo].[RefreshConsole]  2026 ,1 GO",TIME_OVERLAP_ONLY
1240367,Project_Fact,SALDO_TREASURY,FACT_SALDO_AKHIR_BULAN.dtsx,2026-09-01 12:07:06.6775232 +07:00,2026-09-01 12:09:34.8619862 +07:00,7,6D7C9921-843B-4919-B8A6-D42A047543FA,LAPORAN KEUANGAN KEBUN (LKK),3,Mapping,SSIS,2026-09-01 05:00:08.000,2026-09-01 05:11:16.000,1,Succeeded,1104974,"/ISSERVER ""\""\SSISDB\Project_Fact\DWH_LKK_PROJECT_NEW\INSERT_MAPPING_BIAYA_TANAMAN.dtsx\"""" /SERVER ""\"".\"""" /X86 /Par ""\""$ServerOption::LOGGING_LEVEL(Int16)\"""";1 /Par ""\""$ServerOption::SYNCHRONIZED(Boolean)\"""";True /CALLERINFO SQLAGENT /REPORTING E",TIME_OVERLAP_ONLY
1240368,Project_Fact,SALDO_TREASURY,FACT_SALDO_HARIAN.dtsx,2026-09-01 12:09:39.7992777 +07:00,2026-09-01 12:12:18.2583447 +07:00,7,B43BB631-9155-44CA-BF21-BEAAA5471B45,DWH_MR,1,Process,TSQL,2026-09-01 05:00:01.000,2026-09-01 05:24:53.000,1,Succeeded,1104977," EXECUTE  [dbo].RefreshReportDetailFact 2026   ,1 GO   EXECUTE  [dbo].[RefreshConsole]  2026 ,1 GO",TIME_OVERLAP_ONLY
1240369,Project_Fact,AWL,Fact.dtsx,2026-09-01 12:14:07.5806138 +07:00,2026-09-01 12:14:18.3012179 +07:00,7,B43BB631-9155-44CA-BF21-BEAAA5471B45,DWH_MR,1,Process,TSQL,2026-09-01 05:00:01.000,2026-09-01 05:24:53.000,1,Succeeded,1104977," EXECUTE  [dbo].RefreshReportDetailFact 2026   ,1 GO   EXECUTE  [dbo].[RefreshConsole]  2026 ,1 GO",TIME_OVERLAP_ONLY
1240369,Project_Fact,AWL,Fact.dtsx,2026-09-01 12:14:07.5806138 +07:00,2026-09-01 12:14:18.3012179 +07:00,7,6D7C9921-843B-4919-B8A6-D42A047543FA,LAPORAN KEUANGAN KEBUN (LKK),4,Fact,SSIS,2026-09-01 05:11:16.000,2026-09-01 06:33:51.000,1,Succeeded,1105061,"/ISSERVER ""\""\SSISDB\Project_Fact\DWH_LKK_PROJECT_NEW\FACT_LKK.dtsx\"""" /SERVER ""\"".\"""" /Par ""\""$ServerOption::LOGGING_LEVEL(Int16)\"""";1 /Par ""\""$ServerOption::SYNCHRONIZED(Boolean)\"""";True /CALLERINFO SQLAGENT /REPORTING E",STRONG_NAME_OR_COMMAND_MATCH
1240370,Project_Fact,AWL,AWL_Warning.dtsx,2026-09-01 12:14:22.1564361 +07:00,2026-09-01 12:14:23.7165280 +07:00,7,B43BB631-9155-44CA-BF21-BEAAA5471B45,DWH_MR,1,Process,TSQL,2026-09-01 05:00:01.000,2026-09-01 05:24:53.000,1,Succeeded,1104977," EXECUTE  [dbo].RefreshReportDetailFact 2026   ,1 GO   EXECUTE  [dbo].[RefreshConsole]  2026 ,1 GO",TIME_OVERLAP_ONLY
1240370,Project_Fact,AWL,AWL_Warning.dtsx,2026-09-01 12:14:22.1564361 +07:00,2026-09-01 12:14:23.7165280 +07:00,7,6D7C9921-843B-4919-B8A6-D42A047543FA,LAPORAN KEUANGAN KEBUN (LKK),4,Fact,SSIS,2026-09-01 05:11:16.000,2026-09-01 06:33:51.000,1,Succeeded,1105061,"/ISSERVER ""\""\SSISDB\Project_Fact\DWH_LKK_PROJECT_NEW\FACT_LKK.dtsx\"""" /SERVER ""\"".\"""" /Par ""\""$ServerOption::LOGGING_LEVEL(Int16)\"""";1 /Par ""\""$ServerOption::SYNCHRONIZED(Boolean)\"""";True /CALLERINFO SQLAGENT /REPORTING E",TIME_OVERLAP_ONLY
1240371,Project_Fact,DWH_SMALLER_FACT,CHECK_QUERY_DATA.dtsx,2026-09-01 12:21:41.3465904 +07:00,2026-09-01 12:23:17.4170907 +07:00,7,B43BB631-9155-44CA-BF21-BEAAA5471B45,DWH_MR,1,Process,TSQL,2026-09-01 05:00:01.000,2026-09-01 05:24:53.000,1,Succeeded,1104977," EXECUTE  [dbo].RefreshReportDetailFact 2026   ,1 GO   EXECUTE  [dbo].[RefreshConsole]  2026 ,1 GO",TIME_OVERLAP_ONLY
1240371,Project_Fact,DWH_SMALLER_FACT,CHECK_QUERY_DATA.dtsx,2026-09-01 12:21:41.3465904 +07:00,2026-09-01 12:23:17.4170907 +07:00,7,6D7C9921-843B-4919-B8A6-D42A047543FA,LAPORAN KEUANGAN KEBUN (LKK),4,Fact,SSIS,2026-09-01 05:11:16.000,2026-09-01 06:33:51.000,1,Succeeded,1105061,"/ISSERVER ""\""\SSISDB\Project_Fact\DWH_LKK_PROJECT_NEW\FACT_LKK.dtsx\"""" /SERVER ""\"".\"""" /Par ""\""$ServerOption::LOGGING_LEVEL(Int16)\"""";1 /Par ""\""$ServerOption::SYNCHRONIZED(Boolean)\"""";True /CALLERINFO SQLAGENT /REPORTING E",TIME_OVERLAP_ONLY
1240371,Project_Fact,DWH_SMALLER_FACT,CHECK_QUERY_DATA.dtsx,2026-09-01 12:21:41.3465904 +07:00,2026-09-01 12:23:17.4170907 +07:00,7,EEA5F726-2034-485C-829F-FA985754496F,SQA - BHS,1,Fact,SSIS,2026-09-01 05:20:00.000,2026-09-01 05:24:51.000,1,Succeeded,1104975,"/ISSERVER ""\""\SSISDB\Project_Fact\PERFORMANCE_QUALITY_BHS\Fact.dtsx\"""" /SERVER ""\"".\"""" /Par ""\""$ServerOption::LOGGING_LEVEL(Int16)\"""";1 /Par ""\""$ServerOption::SYNCHRONIZED(Boolean)\"""";True /CALLERINFO SQLAGENT /REPORTING E",TIME_OVERLAP_ONLY
1240372,Project_Fact,MACHINE_LEARNING,FACT_ML_YP.dtsx,2026-09-01 12:23:15.3059703 +07:00,2026-09-01 12:23:34.0000457 +07:00,7,B43BB631-9155-44CA-BF21-BEAAA5471B45,DWH_MR,1,Process,TSQL,2026-09-01 05:00:01.000,2026-09-01 05:24:53.000,1,Succeeded,1104977," EXECUTE  [dbo].RefreshReportDetailFact 2026   ,1 GO   EXECUTE  [dbo].[RefreshConsole]  2026 ,1 GO",TIME_OVERLAP_ONLY
1240372,Project_Fact,MACHINE_LEARNING,FACT_ML_YP.dtsx,2026-09-01 12:23:15.3059703 +07:00,2026-09-01 12:23:34.0000457 +07:00,7,6D7C9921-843B-4919-B8A6-D42A047543FA,LAPORAN KEUANGAN KEBUN (LKK),4,Fact,SSIS,2026-09-01 05:11:16.000,2026-09-01 06:33:51.000,1,Succeeded,1105061,"/ISSERVER ""\""\SSISDB\Project_Fact\DWH_LKK_PROJECT_NEW\FACT_LKK.dtsx\"""" /SERVER ""\"".\"""" /Par ""\""$ServerOption::LOGGING_LEVEL(Int16)\"""";1 /Par ""\""$ServerOption::SYNCHRONIZED(Boolean)\"""";True /CALLERINFO SQLAGENT /REPORTING E",TIME_OVERLAP_ONLY
1240372,Project_Fact,MACHINE_LEARNING,FACT_ML_YP.dtsx,2026-09-01 12:23:15.3059703 +07:00,2026-09-01 12:23:34.0000457 +07:00,7,EEA5F726-2034-485C-829F-FA985754496F,SQA - BHS,1,Fact,SSIS,2026-09-01 05:20:00.000,2026-09-01 05:24:51.000,1,Succeeded,1104975,"/ISSERVER ""\""\SSISDB\Project_Fact\PERFORMANCE_QUALITY_BHS\Fact.dtsx\"""" /SERVER ""\"".\"""" /Par ""\""$ServerOption::LOGGING_LEVEL(Int16)\"""";1 /Par ""\""$ServerOption::SYNCHRONIZED(Boolean)\"""";True /CALLERINFO SQLAGENT /REPORTING E",TIME_OVERLAP_ONLY
1240373,Project_Fact,DWH_GRADING_TBS,Staging.dtsx,2026-09-01 12:23:15.5739992 +07:00,2026-09-01 12:25:06.4393313 +07:00,7,6D7C9921-843B-4919-B8A6-D42A047543FA,LAPORAN KEUANGAN KEBUN (LKK),4,Fact,SSIS,2026-09-01 05:11:16.000,2026-09-01 06:33:51.000,1,Succeeded,1105061,"/ISSERVER ""\""\SSISDB\Project_Fact\DWH_LKK_PROJECT_NEW\FACT_LKK.dtsx\"""" /SERVER ""\"".\"""" /Par ""\""$ServerOption::LOGGING_LEVEL(Int16)\"""";1 /Par ""\""$ServerOption::SYNCHRONIZED(Boolean)\"""";True /CALLERINFO SQLAGENT /REPORTING E",TIME_OVERLAP_ONLY
1240374,Project_Fact,DWH_SMALLER_FACT,CHECK_QUERY_DATA.dtsx,2026-09-01 12:23:15.5959929 +07:00,2026-09-01 12:23:18.1831364 +07:00,7,B43BB631-9155-44CA-BF21-BEAAA5471B45,DWH_MR,1,Process,TSQL,2026-09-01 05:00:01.000,2026-09-01 05:24:53.000,1,Succeeded,1104977," EXECUTE  [dbo].RefreshReportDetailFact 2026   ,1 GO   EXECUTE  [dbo].[RefreshConsole]  2026 ,1 GO",TIME_OVERLAP_ONLY
1240374,Project_Fact,DWH_SMALLER_FACT,CHECK_QUERY_DATA.dtsx,2026-09-01 12:23:15.5959929 +07:00,2026-09-01 12:23:18.1831364 +07:00,7,6D7C9921-843B-4919-B8A6-D42A047543FA,LAPORAN KEUANGAN KEBUN (LKK),4,Fact,SSIS,2026-09-01 05:11:16.000,2026-09-01 06:33:51.000,1,Succeeded,1105061,"/ISSERVER ""\""\SSISDB\Project_Fact\DWH_LKK_PROJECT_NEW\FACT_LKK.dtsx\"""" /SERVER ""\"".\"""" /Par ""\""$ServerOption::LOGGING_LEVEL(Int16)\"""";1 /Par ""\""$ServerOption::SYNCHRONIZED(Boolean)\"""";True /CALLERINFO SQLAGENT /REPORTING E",TIME_OVERLAP_ONLY
1240374,Project_Fact,DWH_SMALLER_FACT,CHECK_QUERY_DATA.dtsx,2026-09-01 12:23:15.5959929 +07:00,2026-09-01 12:23:18.1831364 +07:00,7,EEA5F726-2034-485C-829F-FA985754496F,SQA - BHS,1,Fact,SSIS,2026-09-01 05:20:00.000,2026-09-01 05:24:51.000,1,Succeeded,1104975,"/ISSERVER ""\""\SSISDB\Project_Fact\PERFORMANCE_QUALITY_BHS\Fact.dtsx\"""" /SERVER ""\"".\"""" /Par ""\""$ServerOption::LOGGING_LEVEL(Int16)\"""";1 /Par ""\""$ServerOption::SYNCHRONIZED(Boolean)\"""";True /CALLERINFO SQLAGENT /REPORTING E",TIME_OVERLAP_ONLY
1240375,Project_Fact,premi dan lembur monitoring,DWH_STG to DWH_DM.dtsx,2026-09-01 12:23:16.5240451 +07:00,2026-09-01 12:55:22.2253204 +07:00,7,6D7C9921-843B-4919-B8A6-D42A047543FA,LAPORAN KEUANGAN KEBUN (LKK),4,Fact,SSIS,2026-09-01 05:11:16.000,2026-09-01 06:33:51.000,1,Succeeded,1105061,"/ISSERVER ""\""\SSISDB\Project_Fact\DWH_LKK_PROJECT_NEW\FACT_LKK.dtsx\"""" /SERVER ""\"".\"""" /Par ""\""$ServerOption::LOGGING_LEVEL(Int16)\"""";1 /Par ""\""$ServerOption::SYNCHRONIZED(Boolean)\"""";True /CALLERINFO SQLAGENT /REPORTING E",TIME_OVERLAP_ONLY
1240376,Project_Fact,DWH_SMALLER_FACT,CHECK_QUERY_DATA.dtsx,2026-09-01 12:23:16.8170577 +07:00,2026-09-01 12:23:19.8322288 +07:00,7,B43BB631-9155-44CA-BF21-BEAAA5471B45,DWH_MR,1,Process,TSQL,2026-09-01 05:00:01.000,2026-09-01 05:24:53.000,1,Succeeded,1104977," EXECUTE  [dbo].RefreshReportDetailFact 2026   ,1 GO   EXECUTE  [dbo].[RefreshConsole]  2026 ,1 GO",TIME_OVERLAP_ONLY
1240376,Project_Fact,DWH_SMALLER_FACT,CHECK_QUERY_DATA.dtsx,2026-09-01 12:23:16.8170577 +07:00,2026-09-01 12:23:19.8322288 +07:00,7,6D7C9921-843B-4919-B8A6-D42A047543FA,LAPORAN KEUANGAN KEBUN (LKK),4,Fact,SSIS,2026-09-01 05:11:16.000,2026-09-01 06:33:51.000,1,Succeeded,1105061,"/ISSERVER ""\""\SSISDB\Project_Fact\DWH_LKK_PROJECT_NEW\FACT_LKK.dtsx\"""" /SERVER ""\"".\"""" /Par ""\""$ServerOption::LOGGING_LEVEL(Int16)\"""";1 /Par ""\""$ServerOption::SYNCHRONIZED(Boolean)\"""";True /CALLERINFO SQLAGENT /REPORTING E",TIME_OVERLAP_ONLY
1240376,Project_Fact,DWH_SMALLER_FACT,CHECK_QUERY_DATA.dtsx,2026-09-01 12:23:16.8170577 +07:00,2026-09-01 12:23:19.8322288 +07:00,7,EEA5F726-2034-485C-829F-FA985754496F,SQA - BHS,1,Fact,SSIS,2026-09-01 05:20:00.000,2026-09-01 05:24:51.000,1,Succeeded,1104975,"/ISSERVER ""\""\SSISDB\Project_Fact\PERFORMANCE_QUALITY_BHS\Fact.dtsx\"""" /SERVER ""\"".\"""" /Par ""\""$ServerOption::LOGGING_LEVEL(Int16)\"""";1 /Par ""\""$ServerOption::SYNCHRONIZED(Boolean)\"""";True /CALLERINFO SQLAGENT /REPORTING E",TIME_OVERLAP_ONLY
1240377,Project_Fact,SPARTA_PROJECT,FACT_SPARTA_PAYROLL.dtsx,2026-09-01 12:23:19.8602269 +07:00,2026-09-01 12:38:00.2676463 +07:00,7,6D7C9921-843B-4919-B8A6-D42A047543FA,LAPORAN KEUANGAN KEBUN (LKK),4,Fact,SSIS,2026-09-01 05:11:16.000,2026-09-01 06:33:51.000,1,Succeeded,1105061,"/ISSERVER ""\""\SSISDB\Project_Fact\DWH_LKK_PROJECT_NEW\FACT_LKK.dtsx\"""" /SERVER ""\"".\"""" /Par ""\""$ServerOption::LOGGING_LEVEL(Int16)\"""";1 /Par ""\""$ServerOption::SYNCHRONIZED(Boolean)\"""";True /CALLERINFO SQLAGENT /REPORTING E",TIME_OVERLAP_ONLY
1240378,Project_Fact,SPARTA_PROJECT,DIMENSI_SPARTA.dtsx,2026-09-01 12:23:20.5562746 +07:00,2026-09-01 12:23:56.8953629 +07:00,7,B43BB631-9155-44CA-BF21-BEAAA5471B45,DWH_MR,1,Process,TSQL,2026-09-01 05:00:01.000,2026-09-01 05:24:53.000,1,Succeeded,1104977," EXECUTE  [dbo].RefreshReportDetailFact 2026   ,1 GO   EXECUTE  [dbo].[RefreshConsole]  2026 ,1 GO",TIME_OVERLAP_ONLY
1240378,Project_Fact,SPARTA_PROJECT,DIMENSI_SPARTA.dtsx,2026-09-01 12:23:20.5562746 +07:00,2026-09-01 12:23:56.8953629 +07:00,7,6D7C9921-843B-4919-B8A6-D42A047543FA,LAPORAN KEUANGAN KEBUN (LKK),4,Fact,SSIS,2026-09-01 05:11:16.000,2026-09-01 06:33:51.000,1,Succeeded,1105061,"/ISSERVER ""\""\SSISDB\Project_Fact\DWH_LKK_PROJECT_NEW\FACT_LKK.dtsx\"""" /SERVER ""\"".\"""" /Par ""\""$ServerOption::LOGGING_LEVEL(Int16)\"""";1 /Par ""\""$ServerOption::SYNCHRONIZED(Boolean)\"""";True /CALLERINFO SQLAGENT /REPORTING E",TIME_OVERLAP_ONLY
1240378,Project_Fact,SPARTA_PROJECT,DIMENSI_SPARTA.dtsx,2026-09-01 12:23:20.5562746 +07:00,2026-09-01 12:23:56.8953629 +07:00,7,EEA5F726-2034-485C-829F-FA985754496F,SQA - BHS,1,Fact,SSIS,2026-09-01 05:20:00.000,2026-09-01 05:24:51.000,1,Succeeded,1104975,"/ISSERVER ""\""\SSISDB\Project_Fact\PERFORMANCE_QUALITY_BHS\Fact.dtsx\"""" /SERVER ""\"".\"""" /Par ""\""$ServerOption::LOGGING_LEVEL(Int16)\"""";1 /Par ""\""$ServerOption::SYNCHRONIZED(Boolean)\"""";True /CALLERINFO SQLAGENT /REPORTING E",TIME_OVERLAP_ONLY
1240379,Project_Fact,DAILY_DASHBOARD_PROJECT,STG_OPERATIONAL_HOLIDAY.dtsx,2026-09-01 12:23:21.8683433 +07:00,2026-09-01 12:23:24.1114739 +07:00,7,B43BB631-9155-44CA-BF21-BEAAA5471B45,DWH_MR,1,Process,TSQL,2026-09-01 05:00:01.000,2026-09-01 05:24:53.000,1,Succeeded,1104977," EXECUTE  [dbo].RefreshReportDetailFact 2026   ,1 GO   EXECUTE  [dbo].[RefreshConsole]  2026 ,1 GO",TIME_OVERLAP_ONLY
1240379,Project_Fact,DAILY_DASHBOARD_PROJECT,STG_OPERATIONAL_HOLIDAY.dtsx,2026-09-01 12:23:21.8683433 +07:00,2026-09-01 12:23:24.1114739 +07:00,7,6D7C9921-843B-4919-B8A6-D42A047543FA,LAPORAN KEUANGAN KEBUN (LKK),4,Fact,SSIS,2026-09-01 05:11:16.000,2026-09-01 06:33:51.000,1,Succeeded,1105061,"/ISSERVER ""\""\SSISDB\Project_Fact\DWH_LKK_PROJECT_NEW\FACT_LKK.dtsx\"""" /SERVER ""\"".\"""" /Par ""\""$ServerOption::LOGGING_LEVEL(Int16)\"""";1 /Par ""\""$ServerOption::SYNCHRONIZED(Boolean)\"""";True /CALLERINFO SQLAGENT /REPORTING E",TIME_OVERLAP_ONLY
1240379,Project_Fact,DAILY_DASHBOARD_PROJECT,STG_OPERATIONAL_HOLIDAY.dtsx,2026-09-01 12:23:21.8683433 +07:00,2026-09-01 12:23:24.1114739 +07:00,7,EEA5F726-2034-485C-829F-FA985754496F,SQA - BHS,1,Fact,SSIS,2026-09-01 05:20:00.000,2026-09-01 05:24:51.000,1,Succeeded,1104975,"/ISSERVER ""\""\SSISDB\Project_Fact\PERFORMANCE_QUALITY_BHS\Fact.dtsx\"""" /SERVER ""\"".\"""" /Par ""\""$ServerOption::LOGGING_LEVEL(Int16)\"""";1 /Par ""\""$ServerOption::SYNCHRONIZED(Boolean)\"""";True /CALLERINFO SQLAGENT /REPORTING E",TIME_OVERLAP_ONLY
1240380,Project_Fact,DAILY_DASHBOARD_PROJECT,STG_DAILY_DASHBOARD.dtsx,2026-09-01 12:23:26.5536237 +07:00,2026-09-01 12:23:30.1018173 +07:00,7,B43BB631-9155-44CA-BF21-BEAAA5471B45,DWH_MR,1,Process,TSQL,2026-09-01 05:00:01.000,2026-09-01 05:24:53.000,1,Succeeded,1104977," EXECUTE  [dbo].RefreshReportDetailFact 2026   ,1 GO   EXECUTE  [dbo].[RefreshConsole]  2026 ,1 GO",TIME_OVERLAP_ONLY
1240380,Project_Fact,DAILY_DASHBOARD_PROJECT,STG_DAILY_DASHBOARD.dtsx,2026-09-01 12:23:26.5536237 +07:00,2026-09-01 12:23:30.1018173 +07:00,7,6D7C9921-843B-4919-B8A6-D42A047543FA,LAPORAN KEUANGAN KEBUN (LKK),4,Fact,SSIS,2026-09-01 05:11:16.000,2026-09-01 06:33:51.000,1,Succeeded,1105061,"/ISSERVER ""\""\SSISDB\Project_Fact\DWH_LKK_PROJECT_NEW\FACT_LKK.dtsx\"""" /SERVER ""\"".\"""" /Par ""\""$ServerOption::LOGGING_LEVEL(Int16)\"""";1 /Par ""\""$ServerOption::SYNCHRONIZED(Boolean)\"""";True /CALLERINFO SQLAGENT /REPORTING E",TIME_OVERLAP_ONLY
1240380,Project_Fact,DAILY_DASHBOARD_PROJECT,STG_DAILY_DASHBOARD.dtsx,2026-09-01 12:23:26.5536237 +07:00,2026-09-01 12:23:30.1018173 +07:00,7,EEA5F726-2034-485C-829F-FA985754496F,SQA - BHS,1,Fact,SSIS,2026-09-01 05:20:00.000,2026-09-01 05:24:51.000,1,Succeeded,1104975,"/ISSERVER ""\""\SSISDB\Project_Fact\PERFORMANCE_QUALITY_BHS\Fact.dtsx\"""" /SERVER ""\"".\"""" /Par ""\""$ServerOption::LOGGING_LEVEL(Int16)\"""";1 /Par ""\""$ServerOption::SYNCHRONIZED(Boolean)\"""";True /CALLERINFO SQLAGENT /REPORTING E",TIME_OVERLAP_ONLY
1240381,Project_Fact,DAILY_DASHBOARD_PROJECT,FACT_DD_TBS.dtsx,2026-09-01 12:23:32.8609789 +07:00,2026-09-01 12:41:22.9082521 +07:00,7,6D7C9921-843B-4919-B8A6-D42A047543FA,LAPORAN KEUANGAN KEBUN (LKK),4,Fact,SSIS,2026-09-01 05:11:16.000,2026-09-01 06:33:51.000,1,Succeeded,1105061,"/ISSERVER ""\""\SSISDB\Project_Fact\DWH_LKK_PROJECT_NEW\FACT_LKK.dtsx\"""" /SERVER ""\"".\"""" /Par ""\""$ServerOption::LOGGING_LEVEL(Int16)\"""";1 /Par ""\""$ServerOption::SYNCHRONIZED(Boolean)\"""";True /CALLERINFO SQLAGENT /REPORTING E",TIME_OVERLAP_ONLY
1240382,Project_Fact,MACHINE_LEARNING,FACT_AP_TBS_.dtsx,2026-09-01 12:23:37.0292121 +07:00,2026-09-01 12:28:55.8434720 +07:00,7,6D7C9921-843B-4919-B8A6-D42A047543FA,LAPORAN KEUANGAN KEBUN (LKK),4,Fact,SSIS,2026-09-01 05:11:16.000,2026-09-01 06:33:51.000,1,Succeeded,1105061,"/ISSERVER ""\""\SSISDB\Project_Fact\DWH_LKK_PROJECT_NEW\FACT_LKK.dtsx\"""" /SERVER ""\"".\"""" /Par ""\""$ServerOption::LOGGING_LEVEL(Int16)\"""";1 /Par ""\""$ServerOption::SYNCHRONIZED(Boolean)\"""";True /CALLERINFO SQLAGENT /REPORTING E",TIME_OVERLAP_ONLY
1240383,Project_Fact,SPARTA_PROJECT,FACT_SPARTA_LHA_NEW.dtsx,2026-09-01 12:24:01.3026088 +07:00,2026-09-01 13:05:46.6330763 +07:00,7,6D7C9921-843B-4919-B8A6-D42A047543FA,LAPORAN KEUANGAN KEBUN (LKK),4,Fact,SSIS,2026-09-01 05:11:16.000,2026-09-01 06:33:51.000,1,Succeeded,1105061,"/ISSERVER ""\""\SSISDB\Project_Fact\DWH_LKK_PROJECT_NEW\FACT_LKK.dtsx\"""" /SERVER ""\"".\"""" /Par ""\""$ServerOption::LOGGING_LEVEL(Int16)\"""";1 /Par ""\""$ServerOption::SYNCHRONIZED(Boolean)\"""";True /CALLERINFO SQLAGENT /REPORTING E",TIME_OVERLAP_ONLY
1240384,Project_Fact,DWH_GRADING_TBS,Fact.dtsx,2026-09-01 12:25:09.0514847 +07:00,2026-09-01 13:27:37.1051241 +07:00,7,6D7C9921-843B-4919-B8A6-D42A047543FA,LAPORAN KEUANGAN KEBUN (LKK),4,Fact,SSIS,2026-09-01 05:11:16.000,2026-09-01 06:33:51.000,1,Succeeded,1105061,"/ISSERVER ""\""\SSISDB\Project_Fact\DWH_LKK_PROJECT_NEW\FACT_LKK.dtsx\"""" /SERVER ""\"".\"""" /Par ""\""$ServerOption::LOGGING_LEVEL(Int16)\"""";1 /Par ""\""$ServerOption::SYNCHRONIZED(Boolean)\"""";True /CALLERINFO SQLAGENT /REPORTING E",STRONG_NAME_OR_COMMAND_MATCH
1240385,Project_Fact,DWH_SMALLER_FACT,STAGING_STOCK_AREA_ECC0.dtsx,2026-09-01 12:30:00.8161914 +07:00,2026-09-01 12:36:45.0623397 +07:00,7,6D7C9921-843B-4919-B8A6-D42A047543FA,LAPORAN KEUANGAN KEBUN (LKK),4,Fact,SSIS,2026-09-01 05:11:16.000,2026-09-01 06:33:51.000,1,Succeeded,1105061,"/ISSERVER ""\""\SSISDB\Project_Fact\DWH_LKK_PROJECT_NEW\FACT_LKK.dtsx\"""" /SERVER ""\"".\"""" /Par ""\""$ServerOption::LOGGING_LEVEL(Int16)\"""";1 /Par ""\""$ServerOption::SYNCHRONIZED(Boolean)\"""";True /CALLERINFO SQLAGENT /REPORTING E",TIME_OVERLAP_ONLY
1240386,Project_Fact,DWH_SMALLER_FACT,STAGING_STOCK_AREA_EHP8.dtsx,2026-09-01 12:36:49.8716139 +07:00,2026-09-01 12:37:41.3305623 +07:00,7,6D7C9921-843B-4919-B8A6-D42A047543FA,LAPORAN KEUANGAN KEBUN (LKK),4,Fact,SSIS,2026-09-01 05:11:16.000,2026-09-01 06:33:51.000,1,Succeeded,1105061,"/ISSERVER ""\""\SSISDB\Project_Fact\DWH_LKK_PROJECT_NEW\FACT_LKK.dtsx\"""" /SERVER ""\"".\"""" /Par ""\""$ServerOption::LOGGING_LEVEL(Int16)\"""";1 /Par ""\""$ServerOption::SYNCHRONIZED(Boolean)\"""";True /CALLERINFO SQLAGENT /REPORTING E",TIME_OVERLAP_ONLY
1240387,Project_Fact,DWH_SMALLER_FACT,FACT_STOCK_AREA.dtsx,2026-09-01 12:37:44.6247512 +07:00,2026-09-01 12:44:48.9020466 +07:00,7,6D7C9921-843B-4919-B8A6-D42A047543FA,LAPORAN KEUANGAN KEBUN (LKK),4,Fact,SSIS,2026-09-01 05:11:16.000,2026-09-01 06:33:51.000,1,Succeeded,1105061,"/ISSERVER ""\""\SSISDB\Project_Fact\DWH_LKK_PROJECT_NEW\FACT_LKK.dtsx\"""" /SERVER ""\"".\"""" /Par ""\""$ServerOption::LOGGING_LEVEL(Int16)\"""";1 /Par ""\""$ServerOption::SYNCHRONIZED(Boolean)\"""";True /CALLERINFO SQLAGENT /REPORTING E",TIME_OVERLAP_ONLY
1240388,Project_Fact,JOURNAL_SPARTA,FACT_JOURNAL_PAYROLL.dtsx,2026-09-01 12:38:04.0778648 +07:00,2026-09-01 12:59:37.0359108 +07:00,7,6D7C9921-843B-4919-B8A6-D42A047543FA,LAPORAN KEUANGAN KEBUN (LKK),4,Fact,SSIS,2026-09-01 05:11:16.000,2026-09-01 06:33:51.000,1,Succeeded,1105061,"/ISSERVER ""\""\SSISDB\Project_Fact\DWH_LKK_PROJECT_NEW\FACT_LKK.dtsx\"""" /SERVER ""\"".\"""" /Par ""\""$ServerOption::LOGGING_LEVEL(Int16)\"""";1 /Par ""\""$ServerOption::SYNCHRONIZED(Boolean)\"""";True /CALLERINFO SQLAGENT /REPORTING E",TIME_OVERLAP_ONLY
1240389,Project_Fact,DAILY_DASHBOARD_PROJECT,FACT_DD_SUMMARY.dtsx,2026-09-01 12:41:25.8874210 +07:00,2026-09-01 12:42:29.7850807 +07:00,7,6D7C9921-843B-4919-B8A6-D42A047543FA,LAPORAN KEUANGAN KEBUN (LKK),4,Fact,SSIS,2026-09-01 05:11:16.000,2026-09-01 06:33:51.000,1,Succeeded,1105061,"/ISSERVER ""\""\SSISDB\Project_Fact\DWH_LKK_PROJECT_NEW\FACT_LKK.dtsx\"""" /SERVER ""\"".\"""" /Par ""\""$ServerOption::LOGGING_LEVEL(Int16)\"""";1 /Par ""\""$ServerOption::SYNCHRONIZED(Boolean)\"""";True /CALLERINFO SQLAGENT /REPORTING E",TIME_OVERLAP_ONLY
1240389,Project_Fact,DAILY_DASHBOARD_PROJECT,FACT_DD_SUMMARY.dtsx,2026-09-01 12:41:25.8874210 +07:00,2026-09-01 12:42:29.7850807 +07:00,7,B1D01AEE-D0E7-4950-BF67-A01B4A28A742,RELOKASI BUDGET OPEX,2,Seq Fact,SSIS,2026-09-01 05:40:07.000,2026-09-01 05:43:51.000,1,Succeeded,1104987,"/ISSERVER ""\""\SSISDB\Project_Fact\RELOKASI_BUDGET_PROJECT\FACT_RELOCATION_BUDGET.dtsx\"""" /SERVER ""\"".\"""" /Par ""\""$ServerOption::LOGGING_LEVEL(Int16)\"""";1 /Par ""\""$ServerOption::SYNCHRONIZED(Boolean)\"""";True /CALLERINFO SQLAGENT /REPORTING E",TIME_OVERLAP_ONLY
1240390,Project_Fact,DASHBOARD_STOCK,FACT_STOCK_MANAGEMENT.dtsx,2026-09-01 12:44:49.9591083 +07:00,2026-09-01 12:50:49.3696900 +07:00,7,6D7C9921-843B-4919-B8A6-D42A047543FA,LAPORAN KEUANGAN KEBUN (LKK),4,Fact,SSIS,2026-09-01 05:11:16.000,2026-09-01 06:33:51.000,1,Succeeded,1105061,"/ISSERVER ""\""\SSISDB\Project_Fact\DWH_LKK_PROJECT_NEW\FACT_LKK.dtsx\"""" /SERVER ""\"".\"""" /Par ""\""$ServerOption::LOGGING_LEVEL(Int16)\"""";1 /Par ""\""$ServerOption::SYNCHRONIZED(Boolean)\"""";True /CALLERINFO SQLAGENT /REPORTING E",TIME_OVERLAP_ONLY
1240391,Project_Fact,SPARTA_PROJECT,FACT_SPARTA_MONITORING_INPUT.dtsx,2026-09-01 12:59:41.6591715 +07:00,2026-09-01 13:00:43.9637434 +07:00,7,6D7C9921-843B-4919-B8A6-D42A047543FA,LAPORAN KEUANGAN KEBUN (LKK),4,Fact,SSIS,2026-09-01 05:11:16.000,2026-09-01 06:33:51.000,1,Succeeded,1105061,"/ISSERVER ""\""\SSISDB\Project_Fact\DWH_LKK_PROJECT_NEW\FACT_LKK.dtsx\"""" /SERVER ""\"".\"""" /Par ""\""$ServerOption::LOGGING_LEVEL(Int16)\"""";1 /Par ""\""$ServerOption::SYNCHRONIZED(Boolean)\"""";True /CALLERINFO SQLAGENT /REPORTING E",TIME_OVERLAP_ONLY
1240392,Project_Fact,DWH_SMALLER_FACT,CHECK_QUERY_DATA.dtsx,2026-09-01 13:00:01.0492925 +07:00,2026-09-01 13:00:09.3997755 +07:00,7,3126CD92-2F7B-4CED-90CA-A14AF64BD97A,AWS,1,Fact AWS,SSIS,2026-09-01 06:00:00.000,2026-09-01 06:03:37.000,1,Succeeded,1104999,"/ISSERVER ""\""\SSISDB\Project_Fact\AWS\FACT_AWS.dtsx\"""" /SERVER ""\"".\"""" /X86 /Par ""\""$ServerOption::LOGGING_LEVEL(Int16)\"""";1 /Par ""\""$ServerOption::SYNCHRONIZED(Boolean)\"""";True /CALLERINFO SQLAGENT /REPORTING E",TIME_OVERLAP_ONLY
1240392,Project_Fact,DWH_SMALLER_FACT,CHECK_QUERY_DATA.dtsx,2026-09-01 13:00:01.0492925 +07:00,2026-09-01 13:00:09.3997755 +07:00,7,6D7C9921-843B-4919-B8A6-D42A047543FA,LAPORAN KEUANGAN KEBUN (LKK),4,Fact,SSIS,2026-09-01 05:11:16.000,2026-09-01 06:33:51.000,1,Succeeded,1105061,"/ISSERVER ""\""\SSISDB\Project_Fact\DWH_LKK_PROJECT_NEW\FACT_LKK.dtsx\"""" /SERVER ""\"".\"""" /Par ""\""$ServerOption::LOGGING_LEVEL(Int16)\"""";1 /Par ""\""$ServerOption::SYNCHRONIZED(Boolean)\"""";True /CALLERINFO SQLAGENT /REPORTING E",TIME_OVERLAP_ONLY
1240392,Project_Fact,DWH_SMALLER_FACT,CHECK_QUERY_DATA.dtsx,2026-09-01 13:00:01.0492925 +07:00,2026-09-01 13:00:09.3997755 +07:00,7,4405D861-AE6C-4CD7-8E9B-33591EE6C9F8,SEQUENCE_TABLE_SPARTA_4T,1,SEQ_STAGING_SPARTA_4T,SSIS,2026-09-01 06:00:00.000,2026-09-01 06:14:40.000,1,Succeeded,1105023,"/ISSERVER ""\""\SSISDB\Sequence_Table\Sequence_Table\Seq_Staging_SPARTA_4T.dtsx\"""" /SERVER ""\"".\"""" /Par ""\""$ServerOption::LOGGING_LEVEL(Int16)\"""";1 /Par ""\""$ServerOption::SYNCHRONIZED(Boolean)\"""";True /CALLERINFO SQLAGENT /REPORTING E",TIME_OVERLAP_ONLY
1240393,Controllable Profit,ControllableProfit,Excel to STG.dtsx,2026-09-01 13:00:12.4659405 +07:00,2026-09-01 13:00:21.8014725 +07:00,7,3126CD92-2F7B-4CED-90CA-A14AF64BD97A,AWS,1,Fact AWS,SSIS,2026-09-01 06:00:00.000,2026-09-01 06:03:37.000,1,Succeeded,1104999,"/ISSERVER ""\""\SSISDB\Project_Fact\AWS\FACT_AWS.dtsx\"""" /SERVER ""\"".\"""" /X86 /Par ""\""$ServerOption::LOGGING_LEVEL(Int16)\"""";1 /Par ""\""$ServerOption::SYNCHRONIZED(Boolean)\"""";True /CALLERINFO SQLAGENT /REPORTING E",TIME_OVERLAP_ONLY
1240393,Controllable Profit,ControllableProfit,Excel to STG.dtsx,2026-09-01 13:00:12.4659405 +07:00,2026-09-01 13:00:21.8014725 +07:00,7,C6A9E91D-9B24-4AD8-B2C3-7126C3C75F9B,DWH_Bearer_Plant,2,DWH_FACT_BP_COEP,SSIS,2026-09-01 06:00:05.000,2026-09-01 06:02:51.000,1,Succeeded,1104998,"/ISSERVER ""\""\SSISDB\Project_Fact\Bearer_Plant\DWH_FACT_BP_COEP.dtsx\"""" /SERVER ""\"".\"""" /Par ""\""$ServerOption::LOGGING_LEVEL(Int16)\"""";1 /Par ""\""$ServerOption::SYNCHRONIZED(Boolean)\"""";True /CALLERINFO SQLAGENT /REPORTING E",TIME_OVERLAP_ONLY
1240393,Controllable Profit,ControllableProfit,Excel to STG.dtsx,2026-09-01 13:00:12.4659405 +07:00,2026-09-01 13:00:21.8014725 +07:00,7,6D7C9921-843B-4919-B8A6-D42A047543FA,LAPORAN KEUANGAN KEBUN (LKK),4,Fact,SSIS,2026-09-01 05:11:16.000,2026-09-01 06:33:51.000,1,Succeeded,1105061,"/ISSERVER ""\""\SSISDB\Project_Fact\DWH_LKK_PROJECT_NEW\FACT_LKK.dtsx\"""" /SERVER ""\"".\"""" /Par ""\""$ServerOption::LOGGING_LEVEL(Int16)\"""";1 /Par ""\""$ServerOption::SYNCHRONIZED(Boolean)\"""";True /CALLERINFO SQLAGENT /REPORTING E",TIME_OVERLAP_ONLY
1240393,Controllable Profit,ControllableProfit,Excel to STG.dtsx,2026-09-01 13:00:12.4659405 +07:00,2026-09-01 13:00:21.8014725 +07:00,7,2B774A9F-6DDA-413A-B1EC-74DD480BFA04,REALISASI BUDGET HO,2,Manual Upload,SSIS,2026-09-01 06:00:08.000,2026-09-01 06:00:23.000,1,Succeeded,1104996,"/ISSERVER ""\""\SSISDB\Project_Fact\REALISASI VS ANGGARAN HO PROJECT\UPLOAD_PTAB_RELOKASI_COP.dtsx\"""" /SERVER ""\"".\"""" /X86 /Par ""\""$ServerOption::LOGGING_LEVEL(Int16)\"""";1 /Par ""\""$ServerOption::SYNCHRONIZED(Boolean)\"""";True /CALLERINFO SQLAGENT /REPORTING E",TIME_OVERLAP_ONLY
1240393,Controllable Profit,ControllableProfit,Excel to STG.dtsx,2026-09-01 13:00:12.4659405 +07:00,2026-09-01 13:00:21.8014725 +07:00,7,4405D861-AE6C-4CD7-8E9B-33591EE6C9F8,SEQUENCE_TABLE_SPARTA_4T,1,SEQ_STAGING_SPARTA_4T,SSIS,2026-09-01 06:00:00.000,2026-09-01 06:14:40.000,1,Succeeded,1105023,"/ISSERVER ""\""\SSISDB\Sequence_Table\Sequence_Table\Seq_Staging_SPARTA_4T.dtsx\"""" /SERVER ""\"".\"""" /Par ""\""$ServerOption::LOGGING_LEVEL(Int16)\"""";1 /Par ""\""$ServerOption::SYNCHRONIZED(Boolean)\"""";True /CALLERINFO SQLAGENT /REPORTING E",TIME_OVERLAP_ONLY
1240395,Project_Fact,Risk Mitigasi Payroll,STG to DWH.dtsx,2026-09-01 13:00:46.9699155 +07:00,2026-09-01 13:05:01.0774697 +07:00,7,6D7C9921-843B-4919-B8A6-D42A047543FA,LAPORAN KEUANGAN KEBUN (LKK),4,Fact,SSIS,2026-09-01 05:11:16.000,2026-09-01 06:33:51.000,1,Succeeded,1105061,"/ISSERVER ""\""\SSISDB\Project_Fact\DWH_LKK_PROJECT_NEW\FACT_LKK.dtsx\"""" /SERVER ""\"".\"""" /Par ""\""$ServerOption::LOGGING_LEVEL(Int16)\"""";1 /Par ""\""$ServerOption::SYNCHRONIZED(Boolean)\"""";True /CALLERINFO SQLAGENT /REPORTING E",TIME_OVERLAP_ONLY
1240395,Project_Fact,Risk Mitigasi Payroll,STG to DWH.dtsx,2026-09-01 13:00:46.9699155 +07:00,2026-09-01 13:05:01.0774697 +07:00,7,4405D861-AE6C-4CD7-8E9B-33591EE6C9F8,SEQUENCE_TABLE_SPARTA_4T,1,SEQ_STAGING_SPARTA_4T,SSIS,2026-09-01 06:00:00.000,2026-09-01 06:14:40.000,1,Succeeded,1105023,"/ISSERVER ""\""\SSISDB\Sequence_Table\Sequence_Table\Seq_Staging_SPARTA_4T.dtsx\"""" /SERVER ""\"".\"""" /Par ""\""$ServerOption::LOGGING_LEVEL(Int16)\"""";1 /Par ""\""$ServerOption::SYNCHRONIZED(Boolean)\"""";True /CALLERINFO SQLAGENT /REPORTING E",TIME_OVERLAP_ONLY
1240396,Project_Fact,AWL,Staging.dtsx,2026-09-01 13:05:01.1934740 +07:00,2026-09-01 13:08:57.6870159 +07:00,7,6D7C9921-843B-4919-B8A6-D42A047543FA,LAPORAN KEUANGAN KEBUN (LKK),4,Fact,SSIS,2026-09-01 05:11:16.000,2026-09-01 06:33:51.000,1,Succeeded,1105061,"/ISSERVER ""\""\SSISDB\Project_Fact\DWH_LKK_PROJECT_NEW\FACT_LKK.dtsx\"""" /SERVER ""\"".\"""" /Par ""\""$ServerOption::LOGGING_LEVEL(Int16)\"""";1 /Par ""\""$ServerOption::SYNCHRONIZED(Boolean)\"""";True /CALLERINFO SQLAGENT /REPORTING E",TIME_OVERLAP_ONLY
1240396,Project_Fact,AWL,Staging.dtsx,2026-09-01 13:05:01.1934740 +07:00,2026-09-01 13:08:57.6870159 +07:00,7,2B774A9F-6DDA-413A-B1EC-74DD480BFA04,REALISASI BUDGET HO,4,Fact,SSIS,2026-09-01 06:00:55.000,2026-09-01 06:17:57.000,1,Succeeded,1105029,"/ISSERVER ""\""\SSISDB\Project_Fact\REALISASI VS ANGGARAN HO PROJECT\FACT_REALISASI_VS_ANGGARAN_HO.dtsx\"""" /SERVER ""\"".\"""" /Par ""\""$ServerOption::LOGGING_LEVEL(Int16)\"""";1 /Par ""\""$ServerOption::SYNCHRONIZED(Boolean)\"""";True /CALLERINFO SQLAGENT /REPORTING E",TIME_OVERLAP_ONLY
1240396,Project_Fact,AWL,Staging.dtsx,2026-09-01 13:05:01.1934740 +07:00,2026-09-01 13:08:57.6870159 +07:00,7,4405D861-AE6C-4CD7-8E9B-33591EE6C9F8,SEQUENCE_TABLE_SPARTA_4T,1,SEQ_STAGING_SPARTA_4T,SSIS,2026-09-01 06:00:00.000,2026-09-01 06:14:40.000,1,Succeeded,1105023,"/ISSERVER ""\""\SSISDB\Sequence_Table\Sequence_Table\Seq_Staging_SPARTA_4T.dtsx\"""" /SERVER ""\"".\"""" /Par ""\""$ServerOption::LOGGING_LEVEL(Int16)\"""";1 /Par ""\""$ServerOption::SYNCHRONIZED(Boolean)\"""";True /CALLERINFO SQLAGENT /REPORTING E",TIME_OVERLAP_ONLY
1240396,Project_Fact,AWL,Staging.dtsx,2026-09-01 13:05:01.1934740 +07:00,2026-09-01 13:08:57.6870159 +07:00,7,1225ADC7-FF0D-402D-BAEA-A97F7FC50CB1,AWL,1,Staging,SSIS,2026-09-01 06:05:01.000,2026-09-01 06:09:59.000,1,Succeeded,1105014,"/ISSERVER ""\""\SSISDB\Project_Fact\AWL\Staging.dtsx\"""" /SERVER ""\"".\"""" /X86 /Par ""\""$ServerOption::LOGGING_LEVEL(Int16)\"""";1 /Par ""\""$ServerOption::SYNCHRONIZED(Boolean)\"""";True /CALLERINFO SQLAGENT /REPORTING E",STRONG_NAME_OR_COMMAND_MATCH
1240397,Project_Fact,SPARTA_PROJECT,FACT_SPARTA_FISIK_PREMI.dtsx,2026-09-01 13:07:15.9241927 +07:00,2026-09-01 13:28:46.1370748 +07:00,7,6D7C9921-843B-4919-B8A6-D42A047543FA,LAPORAN KEUANGAN KEBUN (LKK),4,Fact,SSIS,2026-09-01 05:11:16.000,2026-09-01 06:33:51.000,1,Succeeded,1105061,"/ISSERVER ""\""\SSISDB\Project_Fact\DWH_LKK_PROJECT_NEW\FACT_LKK.dtsx\"""" /SERVER ""\"".\"""" /Par ""\""$ServerOption::LOGGING_LEVEL(Int16)\"""";1 /Par ""\""$ServerOption::SYNCHRONIZED(Boolean)\"""";True /CALLERINFO SQLAGENT /REPORTING E",TIME_OVERLAP_ONLY
1240398,Project_Fact,AWL,Fact.dtsx,2026-09-01 13:09:02.2122725 +07:00,2026-09-01 13:10:20.3587531 +07:00,7,C6A9E91D-9B24-4AD8-B2C3-7126C3C75F9B,DWH_Bearer_Plant,11,DWH_FACT_BEARER_PLANT_CONSOL,SSIS,2026-09-01 06:07:23.000,2026-09-01 06:14:10.000,1,Succeeded,1105022,"/ISSERVER ""\""\SSISDB\Project_Fact\Bearer_Plant_Consol\DWH_FACT_BEARER_PLANT_CONSOL.dtsx\"""" /SERVER ""\"".\"""" /Par ""\""$ServerOption::LOGGING_LEVEL(Int16)\"""";1 /Par ""\""$ServerOption::SYNCHRONIZED(Boolean)\"""";True /CALLERINFO SQLAGENT /REPORTING E",TIME_OVERLAP_ONLY
1240398,Project_Fact,AWL,Fact.dtsx,2026-09-01 13:09:02.2122725 +07:00,2026-09-01 13:10:20.3587531 +07:00,7,4405D861-AE6C-4CD7-8E9B-33591EE6C9F8,SEQUENCE_TABLE_SPARTA_4T,1,SEQ_STAGING_SPARTA_4T,SSIS,2026-09-01 06:00:00.000,2026-09-01 06:14:40.000,1,Succeeded,1105023,"/ISSERVER ""\""\SSISDB\Sequence_Table\Sequence_Table\Seq_Staging_SPARTA_4T.dtsx\"""" /SERVER ""\"".\"""" /Par ""\""$ServerOption::LOGGING_LEVEL(Int16)\"""";1 /Par ""\""$ServerOption::SYNCHRONIZED(Boolean)\"""";True /CALLERINFO SQLAGENT /REPORTING E",TIME_OVERLAP_ONLY
1240398,Project_Fact,AWL,Fact.dtsx,2026-09-01 13:09:02.2122725 +07:00,2026-09-01 13:10:20.3587531 +07:00,7,4069B0BD-67C1-418A-8247-0DF7C76090D6,Tax - Monthly,2,SP Sparta,TSQL,2026-09-01 06:05:23.000,2026-09-01 06:12:29.000,1,Succeeded,1105020,"EXEC DWH_DM.dbo.SP_Tax_Sparta ",TIME_OVERLAP_ONLY
1240398,Project_Fact,AWL,Fact.dtsx,2026-09-01 13:09:02.2122725 +07:00,2026-09-01 13:10:20.3587531 +07:00,7,6D7C9921-843B-4919-B8A6-D42A047543FA,LAPORAN KEUANGAN KEBUN (LKK),4,Fact,SSIS,2026-09-01 05:11:16.000,2026-09-01 06:33:51.000,1,Succeeded,1105061,"/ISSERVER ""\""\SSISDB\Project_Fact\DWH_LKK_PROJECT_NEW\FACT_LKK.dtsx\"""" /SERVER ""\"".\"""" /Par ""\""$ServerOption::LOGGING_LEVEL(Int16)\"""";1 /Par ""\""$ServerOption::SYNCHRONIZED(Boolean)\"""";True /CALLERINFO SQLAGENT /REPORTING E",STRONG_NAME_OR_COMMAND_MATCH
1240398,Project_Fact,AWL,Fact.dtsx,2026-09-01 13:09:02.2122725 +07:00,2026-09-01 13:10:20.3587531 +07:00,7,2B774A9F-6DDA-413A-B1EC-74DD480BFA04,REALISASI BUDGET HO,4,Fact,SSIS,2026-09-01 06:00:55.000,2026-09-01 06:17:57.000,1,Succeeded,1105029,"/ISSERVER ""\""\SSISDB\Project_Fact\REALISASI VS ANGGARAN HO PROJECT\FACT_REALISASI_VS_ANGGARAN_HO.dtsx\"""" /SERVER ""\"".\"""" /Par ""\""$ServerOption::LOGGING_LEVEL(Int16)\"""";1 /Par ""\""$ServerOption::SYNCHRONIZED(Boolean)\"""";True /CALLERINFO SQLAGENT /REPORTING E",STRONG_NAME_OR_COMMAND_MATCH
1240399,Project_Fact,AWL,AWL_Warning.dtsx,2026-09-01 13:10:23.5479299 +07:00,2026-09-01 13:10:48.7803784 +07:00,7,ED4F2DBA-86AB-477E-A347-2195C3E432DF,Account Reservable,1,Daily AR,SSIS,2026-09-01 06:10:00.000,2026-09-01 06:10:57.000,1,Succeeded,1105018,"/ISSERVER ""\""\SSISDB\Project_Fact\Account_Reservable\FACT_AR.dtsx\"""" /SERVER ""\"".\"""" /Par ""\""$ServerOption::LOGGING_LEVEL(Int16)\"""";1 /Par ""\""$ServerOption::SYNCHRONIZED(Boolean)\"""";True /CALLERINFO SQLAGENT /REPORTING E",TIME_OVERLAP_ONLY
1240399,Project_Fact,AWL,AWL_Warning.dtsx,2026-09-01 13:10:23.5479299 +07:00,2026-09-01 13:10:48.7803784 +07:00,7,C6A9E91D-9B24-4AD8-B2C3-7126C3C75F9B,DWH_Bearer_Plant,11,DWH_FACT_BEARER_PLANT_CONSOL,SSIS,2026-09-01 06:07:23.000,2026-09-01 06:14:10.000,1,Succeeded,1105022,"/ISSERVER ""\""\SSISDB\Project_Fact\Bearer_Plant_Consol\DWH_FACT_BEARER_PLANT_CONSOL.dtsx\"""" /SERVER ""\"".\"""" /Par ""\""$ServerOption::LOGGING_LEVEL(Int16)\"""";1 /Par ""\""$ServerOption::SYNCHRONIZED(Boolean)\"""";True /CALLERINFO SQLAGENT /REPORTING E",TIME_OVERLAP_ONLY
1240399,Project_Fact,AWL,AWL_Warning.dtsx,2026-09-01 13:10:23.5479299 +07:00,2026-09-01 13:10:48.7803784 +07:00,7,6D7C9921-843B-4919-B8A6-D42A047543FA,LAPORAN KEUANGAN KEBUN (LKK),4,Fact,SSIS,2026-09-01 05:11:16.000,2026-09-01 06:33:51.000,1,Succeeded,1105061,"/ISSERVER ""\""\SSISDB\Project_Fact\DWH_LKK_PROJECT_NEW\FACT_LKK.dtsx\"""" /SERVER ""\"".\"""" /Par ""\""$ServerOption::LOGGING_LEVEL(Int16)\"""";1 /Par ""\""$ServerOption::SYNCHRONIZED(Boolean)\"""";True /CALLERINFO SQLAGENT /REPORTING E",TIME_OVERLAP_ONLY
1240399,Project_Fact,AWL,AWL_Warning.dtsx,2026-09-01 13:10:23.5479299 +07:00,2026-09-01 13:10:48.7803784 +07:00,7,2B774A9F-6DDA-413A-B1EC-74DD480BFA04,REALISASI BUDGET HO,4,Fact,SSIS,2026-09-01 06:00:55.000,2026-09-01 06:17:57.000,1,Succeeded,1105029,"/ISSERVER ""\""\SSISDB\Project_Fact\REALISASI VS ANGGARAN HO PROJECT\FACT_REALISASI_VS_ANGGARAN_HO.dtsx\"""" /SERVER ""\"".\"""" /Par ""\""$ServerOption::LOGGING_LEVEL(Int16)\"""";1 /Par ""\""$ServerOption::SYNCHRONIZED(Boolean)\"""";True /CALLERINFO SQLAGENT /REPORTING E",TIME_OVERLAP_ONLY
1240399,Project_Fact,AWL,AWL_Warning.dtsx,2026-09-01 13:10:23.5479299 +07:00,2026-09-01 13:10:48.7803784 +07:00,7,4405D861-AE6C-4CD7-8E9B-33591EE6C9F8,SEQUENCE_TABLE_SPARTA_4T,1,SEQ_STAGING_SPARTA_4T,SSIS,2026-09-01 06:00:00.000,2026-09-01 06:14:40.000,1,Succeeded,1105023,"/ISSERVER ""\""\SSISDB\Sequence_Table\Sequence_Table\Seq_Staging_SPARTA_4T.dtsx\"""" /SERVER ""\"".\"""" /Par ""\""$ServerOption::LOGGING_LEVEL(Int16)\"""";1 /Par ""\""$ServerOption::SYNCHRONIZED(Boolean)\"""";True /CALLERINFO SQLAGENT /REPORTING E",TIME_OVERLAP_ONLY
1240399,Project_Fact,AWL,AWL_Warning.dtsx,2026-09-01 13:10:23.5479299 +07:00,2026-09-01 13:10:48.7803784 +07:00,7,4069B0BD-67C1-418A-8247-0DF7C76090D6,Tax - Monthly,2,SP Sparta,TSQL,2026-09-01 06:05:23.000,2026-09-01 06:12:29.000,1,Succeeded,1105020,"EXEC DWH_DM.dbo.SP_Tax_Sparta ",TIME_OVERLAP_ONLY
1240400,Project_Fact,DWH_LHM,Fact Rekap.dtsx,2026-09-01 13:28:48.5502152 +07:00,2026-09-01 13:43:29.6696776 +07:00,7,62088AC8-D634-4732-B90F-19CFBDE2CD4E,AI Grading,2,Fact,SSIS,2026-09-01 06:23:20.000,2026-09-01 07:33:25.000,1,Succeeded,1105127,"/ISSERVER ""\""\SSISDB\Project_Fact\DWH_GRADING_TBS\Fact.dtsx\"""" /SERVER ""\"".\"""" /Par ""\""$ServerOption::LOGGING_LEVEL(Int16)\"""";1 /Par ""\""$ServerOption::SYNCHRONIZED(Boolean)\"""";True /CALLERINFO SQLAGENT /REPORTING E",TIME_OVERLAP_ONLY
1240400,Project_Fact,DWH_LHM,Fact Rekap.dtsx,2026-09-01 13:28:48.5502152 +07:00,2026-09-01 13:43:29.6696776 +07:00,7,34DE8AEE-46BD-45E9-B0B2-D068006FBBF5,Premi dan Lembur,1,DWH_STG to DWH_DM,SSIS,2026-09-01 06:22:34.000,2026-09-01 06:54:09.000,1,Succeeded,1105068,"/ISSERVER ""\""\SSISDB\Project_Fact\premi dan lembur monitoring\DWH_STG to DWH_DM.dtsx\"""" /SERVER ""\""BGASVR-DWH-DEV\"""" /Par ""\""$ServerOption::LOGGING_LEVEL(Int16)\"""";1 /Par ""\""$ServerOption::SYNCHRONIZED(Boolean)\"""";True /CALLERINFO SQLAGENT /REPORTING E",TIME_OVERLAP_ONLY
1240400,Project_Fact,DWH_LHM,Fact Rekap.dtsx,2026-09-01 13:28:48.5502152 +07:00,2026-09-01 13:43:29.6696776 +07:00,7,5ECE39E8-D47A-4559-A8E7-5766D4B949E0,SPARTA FACT 4T,4,Fact Sparta LHA,SSIS,2026-09-01 06:23:54.000,2026-09-01 07:04:58.000,1,Succeeded,1105086,"/ISSERVER ""\""\SSISDB\Project_Fact\SPARTA_PROJECT\FACT_SPARTA_LHA_NEW.dtsx\"""" /SERVER ""\"".\"""" /Par ""\""$ServerOption::LOGGING_LEVEL(Int16)\"""";1 /Par ""\""$ServerOption::SYNCHRONIZED(Boolean)\"""";True /CALLERINFO SQLAGENT /REPORTING E",TIME_OVERLAP_ONLY
1240401,Project_Fact,AWL,Staging.dtsx,2026-09-01 14:05:01.6086581 +07:00,2026-09-01 14:10:57.5250486 +07:00,7,62088AC8-D634-4732-B90F-19CFBDE2CD4E,AI Grading,2,Fact,SSIS,2026-09-01 06:23:20.000,2026-09-01 07:33:25.000,1,Succeeded,1105127,"/ISSERVER ""\""\SSISDB\Project_Fact\DWH_GRADING_TBS\Fact.dtsx\"""" /SERVER ""\"".\"""" /Par ""\""$ServerOption::LOGGING_LEVEL(Int16)\"""";1 /Par ""\""$ServerOption::SYNCHRONIZED(Boolean)\"""";True /CALLERINFO SQLAGENT /REPORTING E",TIME_OVERLAP_ONLY
1240401,Project_Fact,AWL,Staging.dtsx,2026-09-01 14:05:01.6086581 +07:00,2026-09-01 14:10:57.5250486 +07:00,7,4E5F148B-7B82-46C4-AE3A-1EB4CE8F408E,Internal Audit,1,Internal Audit,SSIS,2026-09-01 06:45:00.000,2026-09-01 07:21:39.000,1,Succeeded,1105108,"/ISSERVER ""\""\SSISDB\Project_Fact\INTERNAL_AUDIT\FACT_INTERNAL_AUDIT.dtsx\"""" /SERVER ""\"".\"""" /Par ""\""$ServerOption::LOGGING_LEVEL(Int16)\"""";1 /Par ""\""$ServerOption::SYNCHRONIZED(Boolean)\"""";True /CALLERINFO SQLAGENT /REPORTING E",TIME_OVERLAP_ONLY
1240401,Project_Fact,AWL,Staging.dtsx,2026-09-01 14:05:01.6086581 +07:00,2026-09-01 14:10:57.5250486 +07:00,7,6D7C9921-843B-4919-B8A6-D42A047543FA,LAPORAN KEUANGAN KEBUN (LKK),8,Fact LKK Phase 2,SSIS,2026-09-01 07:01:49.000,2026-09-01 07:39:54.000,1,Succeeded,1105132,"/ISSERVER ""\""\SSISDB\LKK Phase 2\LKK Phase 2\STG to DWH.dtsx\"""" /SERVER ""\"".\"""" /Par ""\""$ServerOption::LOGGING_LEVEL(Int16)\"""";1 /Par ""\""$ServerOption::SYNCHRONIZED(Boolean)\"""";True /CALLERINFO SQLAGENT /REPORTING E",TIME_OVERLAP_ONLY
1240401,Project_Fact,AWL,Staging.dtsx,2026-09-01 14:05:01.6086581 +07:00,2026-09-01 14:10:57.5250486 +07:00,7,3E69F060-FAEE-453B-AA27-1C4CBC5DE307,MONITORING_CAPEX,3,Monitoring Capex,SSIS,2026-09-01 07:00:25.000,2026-09-01 07:16:06.000,1,Succeeded,1105104,"/ISSERVER ""\""\SSISDB\Project_Fact\DWH_SMALLER_FACT\FACT_MONITORING_CAPEX.dtsx\"""" /SERVER ""\"".\"""" /X86 /Par ""\""$ServerOption::LOGGING_LEVEL(Int16)\"""";1 /Par ""\""$ServerOption::SYNCHRONIZED(Boolean)\"""";True /CALLERINFO SQLAGENT /REPORTING E",TIME_OVERLAP_ONLY
1240401,Project_Fact,AWL,Staging.dtsx,2026-09-01 14:05:01.6086581 +07:00,2026-09-01 14:10:57.5250486 +07:00,7,3B70A71E-2D5D-4F36-8BD6-58659AC0CCC6,Ranking Payroll,3,Ranking Payroll,SSIS,2026-09-01 06:50:14.000,2026-09-01 07:29:34.000,1,Succeeded,1105119,"/ISSERVER ""\""\SSISDB\Project_Fact\RANKING_PAYROLL\FACT_RANKING_PAYROLL.dtsx\"""" /SERVER ""\""BGASVR-DWH-DEV\"""" /Par ""\""$ServerOption::LOGGING_LEVEL(Int16)\"""";1 /Par ""\""$ServerOption::SYNCHRONIZED(Boolean)\"""";True /CALLERINFO SQLAGENT /REPORTING E",TIME_OVERLAP_ONLY
1240401,Project_Fact,AWL,Staging.dtsx,2026-09-01 14:05:01.6086581 +07:00,2026-09-01 14:10:57.5250486 +07:00,7,0874DB0C-DB80-4053-8D10-B4E94CD80860,Tax - Annually,3,Annually Split,SSIS,2026-09-01 06:47:34.000,2026-09-01 07:24:46.000,1,Succeeded,1105112,"/ISSERVER ""\""\SSISDB\Project_Fact\PPH21_DJP\FACT_PPH_ANNUAL_SPLIT.dtsx\"""" /SERVER ""\"".\"""" /Par ""\""$ServerOption::LOGGING_LEVEL(Int16)\"""";1 /Par ""\""$ServerOption::SYNCHRONIZED(Boolean)\"""";True /CALLERINFO SQLAGENT /REPORTING E",TIME_OVERLAP_ONLY
1240402,Project_Fact,AWL,Fact.dtsx,2026-09-01 14:11:00.5072135 +07:00,2026-09-01 14:11:15.5110694 +07:00,7,B86C2C36-C257-4B1E-A542-3F8CFE33E27A,Alokasi Absensi HK,3,Alokasi & Absensi,SSIS,2026-09-01 07:10:13.000,2026-09-01 07:26:53.000,1,Succeeded,1105114,"/ISSERVER ""\""\SSISDB\Project_Fact\ALOKASI_DAN_ABSENSI_HK\FACT_ALOKASI_DAN_ABSENSI_HK.dtsx\"""" /SERVER ""\"".\"""" /Par ""\""$ServerOption::LOGGING_LEVEL(Int16)\"""";1 /Par ""\""$ServerOption::SYNCHRONIZED(Boolean)\"""";True /CALLERINFO SQLAGENT /REPORTING E",TIME_OVERLAP_ONLY
1240402,Project_Fact,AWL,Fact.dtsx,2026-09-01 14:11:00.5072135 +07:00,2026-09-01 14:11:15.5110694 +07:00,7,4E5F148B-7B82-46C4-AE3A-1EB4CE8F408E,Internal Audit,1,Internal Audit,SSIS,2026-09-01 06:45:00.000,2026-09-01 07:21:39.000,1,Succeeded,1105108,"/ISSERVER ""\""\SSISDB\Project_Fact\INTERNAL_AUDIT\FACT_INTERNAL_AUDIT.dtsx\"""" /SERVER ""\"".\"""" /Par ""\""$ServerOption::LOGGING_LEVEL(Int16)\"""";1 /Par ""\""$ServerOption::SYNCHRONIZED(Boolean)\"""";True /CALLERINFO SQLAGENT /REPORTING E",TIME_OVERLAP_ONLY
1240402,Project_Fact,AWL,Fact.dtsx,2026-09-01 14:11:00.5072135 +07:00,2026-09-01 14:11:15.5110694 +07:00,7,6D7C9921-843B-4919-B8A6-D42A047543FA,LAPORAN KEUANGAN KEBUN (LKK),8,Fact LKK Phase 2,SSIS,2026-09-01 07:01:49.000,2026-09-01 07:39:54.000,1,Succeeded,1105132,"/ISSERVER ""\""\SSISDB\LKK Phase 2\LKK Phase 2\STG to DWH.dtsx\"""" /SERVER ""\"".\"""" /Par ""\""$ServerOption::LOGGING_LEVEL(Int16)\"""";1 /Par ""\""$ServerOption::SYNCHRONIZED(Boolean)\"""";True /CALLERINFO SQLAGENT /REPORTING E",TIME_OVERLAP_ONLY
1240402,Project_Fact,AWL,Fact.dtsx,2026-09-01 14:11:00.5072135 +07:00,2026-09-01 14:11:15.5110694 +07:00,7,3E69F060-FAEE-453B-AA27-1C4CBC5DE307,MONITORING_CAPEX,3,Monitoring Capex,SSIS,2026-09-01 07:00:25.000,2026-09-01 07:16:06.000,1,Succeeded,1105104,"/ISSERVER ""\""\SSISDB\Project_Fact\DWH_SMALLER_FACT\FACT_MONITORING_CAPEX.dtsx\"""" /SERVER ""\"".\"""" /X86 /Par ""\""$ServerOption::LOGGING_LEVEL(Int16)\"""";1 /Par ""\""$ServerOption::SYNCHRONIZED(Boolean)\"""";True /CALLERINFO SQLAGENT /REPORTING E",TIME_OVERLAP_ONLY
1240402,Project_Fact,AWL,Fact.dtsx,2026-09-01 14:11:00.5072135 +07:00,2026-09-01 14:11:15.5110694 +07:00,7,3B70A71E-2D5D-4F36-8BD6-58659AC0CCC6,Ranking Payroll,3,Ranking Payroll,SSIS,2026-09-01 06:50:14.000,2026-09-01 07:29:34.000,1,Succeeded,1105119,"/ISSERVER ""\""\SSISDB\Project_Fact\RANKING_PAYROLL\FACT_RANKING_PAYROLL.dtsx\"""" /SERVER ""\""BGASVR-DWH-DEV\"""" /Par ""\""$ServerOption::LOGGING_LEVEL(Int16)\"""";1 /Par ""\""$ServerOption::SYNCHRONIZED(Boolean)\"""";True /CALLERINFO SQLAGENT /REPORTING E",TIME_OVERLAP_ONLY
1240402,Project_Fact,AWL,Fact.dtsx,2026-09-01 14:11:00.5072135 +07:00,2026-09-01 14:11:15.5110694 +07:00,7,5ECE39E8-D47A-4559-A8E7-5766D4B949E0,SPARTA FACT 4T,7,Fact Sparta Fisik Premi,SSIS,2026-09-01 07:06:27.000,2026-09-01 07:23:50.000,1,Succeeded,1105111,"/ISSERVER ""\""\SSISDB\Project_Fact\SPARTA_PROJECT\FACT_SPARTA_FISIK_PREMI.dtsx\"""" /SERVER ""\"".\"""" /Par ""\""$ServerOption::LOGGING_LEVEL(Int16)\"""";1 /Par ""\""$ServerOption::SYNCHRONIZED(Boolean)\"""";True /CALLERINFO SQLAGENT /REPORTING E",TIME_OVERLAP_ONLY
1240402,Project_Fact,AWL,Fact.dtsx,2026-09-01 14:11:00.5072135 +07:00,2026-09-01 14:11:15.5110694 +07:00,7,0874DB0C-DB80-4053-8D10-B4E94CD80860,Tax - Annually,3,Annually Split,SSIS,2026-09-01 06:47:34.000,2026-09-01 07:24:46.000,1,Succeeded,1105112,"/ISSERVER ""\""\SSISDB\Project_Fact\PPH21_DJP\FACT_PPH_ANNUAL_SPLIT.dtsx\"""" /SERVER ""\"".\"""" /Par ""\""$ServerOption::LOGGING_LEVEL(Int16)\"""";1 /Par ""\""$ServerOption::SYNCHRONIZED(Boolean)\"""";True /CALLERINFO SQLAGENT /REPORTING E",TIME_OVERLAP_ONLY
1240402,Project_Fact,AWL,Fact.dtsx,2026-09-01 14:11:00.5072135 +07:00,2026-09-01 14:11:15.5110694 +07:00,7,62088AC8-D634-4732-B90F-19CFBDE2CD4E,AI Grading,2,Fact,SSIS,2026-09-01 06:23:20.000,2026-09-01 07:33:25.000,1,Succeeded,1105127,"/ISSERVER ""\""\SSISDB\Project_Fact\DWH_GRADING_TBS\Fact.dtsx\"""" /SERVER ""\"".\"""" /Par ""\""$ServerOption::LOGGING_LEVEL(Int16)\"""";1 /Par ""\""$ServerOption::SYNCHRONIZED(Boolean)\"""";True /CALLERINFO SQLAGENT /REPORTING E",STRONG_NAME_OR_COMMAND_MATCH
1240402,Project_Fact,AWL,Fact.dtsx,2026-09-01 14:11:00.5072135 +07:00,2026-09-01 14:11:15.5110694 +07:00,7,D29D873C-2465-4633-BD36-1E591BC81461,COST_PER_HECTAR,1,Fact,SSIS,2026-09-01 07:10:04.000,2026-09-01 07:11:42.000,1,Succeeded,1105102,"/ISSERVER ""\""\SSISDB\Project_Fact\DWH_COST_PER_HECTAR\Fact.dtsx\"""" /SERVER ""\"".\"""" /Par ""\""$ServerOption::LOGGING_LEVEL(Int16)\"""";1 /Par ""\""$ServerOption::SYNCHRONIZED(Boolean)\"""";True /CALLERINFO SQLAGENT /REPORTING E",STRONG_NAME_OR_COMMAND_MATCH
1240403,Project_Fact,AWL,AWL_Warning.dtsx,2026-09-01 14:11:19.6063131 +07:00,2026-09-01 14:11:25.0436509 +07:00,7,62088AC8-D634-4732-B90F-19CFBDE2CD4E,AI Grading,2,Fact,SSIS,2026-09-01 06:23:20.000,2026-09-01 07:33:25.000,1,Succeeded,1105127,"/ISSERVER ""\""\SSISDB\Project_Fact\DWH_GRADING_TBS\Fact.dtsx\"""" /SERVER ""\"".\"""" /Par ""\""$ServerOption::LOGGING_LEVEL(Int16)\"""";1 /Par ""\""$ServerOption::SYNCHRONIZED(Boolean)\"""";True /CALLERINFO SQLAGENT /REPORTING E",TIME_OVERLAP_ONLY
1240403,Project_Fact,AWL,AWL_Warning.dtsx,2026-09-01 14:11:19.6063131 +07:00,2026-09-01 14:11:25.0436509 +07:00,7,B86C2C36-C257-4B1E-A542-3F8CFE33E27A,Alokasi Absensi HK,3,Alokasi & Absensi,SSIS,2026-09-01 07:10:13.000,2026-09-01 07:26:53.000,1,Succeeded,1105114,"/ISSERVER ""\""\SSISDB\Project_Fact\ALOKASI_DAN_ABSENSI_HK\FACT_ALOKASI_DAN_ABSENSI_HK.dtsx\"""" /SERVER ""\"".\"""" /Par ""\""$ServerOption::LOGGING_LEVEL(Int16)\"""";1 /Par ""\""$ServerOption::SYNCHRONIZED(Boolean)\"""";True /CALLERINFO SQLAGENT /REPORTING E",TIME_OVERLAP_ONLY
1240403,Project_Fact,AWL,AWL_Warning.dtsx,2026-09-01 14:11:19.6063131 +07:00,2026-09-01 14:11:25.0436509 +07:00,7,D29D873C-2465-4633-BD36-1E591BC81461,COST_PER_HECTAR,1,Fact,SSIS,2026-09-01 07:10:04.000,2026-09-01 07:11:42.000,1,Succeeded,1105102,"/ISSERVER ""\""\SSISDB\Project_Fact\DWH_COST_PER_HECTAR\Fact.dtsx\"""" /SERVER ""\"".\"""" /Par ""\""$ServerOption::LOGGING_LEVEL(Int16)\"""";1 /Par ""\""$ServerOption::SYNCHRONIZED(Boolean)\"""";True /CALLERINFO SQLAGENT /REPORTING E",TIME_OVERLAP_ONLY
1240403,Project_Fact,AWL,AWL_Warning.dtsx,2026-09-01 14:11:19.6063131 +07:00,2026-09-01 14:11:25.0436509 +07:00,7,4E5F148B-7B82-46C4-AE3A-1EB4CE8F408E,Internal Audit,1,Internal Audit,SSIS,2026-09-01 06:45:00.000,2026-09-01 07:21:39.000,1,Succeeded,1105108,"/ISSERVER ""\""\SSISDB\Project_Fact\INTERNAL_AUDIT\FACT_INTERNAL_AUDIT.dtsx\"""" /SERVER ""\"".\"""" /Par ""\""$ServerOption::LOGGING_LEVEL(Int16)\"""";1 /Par ""\""$ServerOption::SYNCHRONIZED(Boolean)\"""";True /CALLERINFO SQLAGENT /REPORTING E",TIME_OVERLAP_ONLY
1240403,Project_Fact,AWL,AWL_Warning.dtsx,2026-09-01 14:11:19.6063131 +07:00,2026-09-01 14:11:25.0436509 +07:00,7,6D7C9921-843B-4919-B8A6-D42A047543FA,LAPORAN KEUANGAN KEBUN (LKK),8,Fact LKK Phase 2,SSIS,2026-09-01 07:01:49.000,2026-09-01 07:39:54.000,1,Succeeded,1105132,"/ISSERVER ""\""\SSISDB\LKK Phase 2\LKK Phase 2\STG to DWH.dtsx\"""" /SERVER ""\"".\"""" /Par ""\""$ServerOption::LOGGING_LEVEL(Int16)\"""";1 /Par ""\""$ServerOption::SYNCHRONIZED(Boolean)\"""";True /CALLERINFO SQLAGENT /REPORTING E",TIME_OVERLAP_ONLY
1240403,Project_Fact,AWL,AWL_Warning.dtsx,2026-09-01 14:11:19.6063131 +07:00,2026-09-01 14:11:25.0436509 +07:00,7,3E69F060-FAEE-453B-AA27-1C4CBC5DE307,MONITORING_CAPEX,3,Monitoring Capex,SSIS,2026-09-01 07:00:25.000,2026-09-01 07:16:06.000,1,Succeeded,1105104,"/ISSERVER ""\""\SSISDB\Project_Fact\DWH_SMALLER_FACT\FACT_MONITORING_CAPEX.dtsx\"""" /SERVER ""\"".\"""" /X86 /Par ""\""$ServerOption::LOGGING_LEVEL(Int16)\"""";1 /Par ""\""$ServerOption::SYNCHRONIZED(Boolean)\"""";True /CALLERINFO SQLAGENT /REPORTING E",TIME_OVERLAP_ONLY
1240403,Project_Fact,AWL,AWL_Warning.dtsx,2026-09-01 14:11:19.6063131 +07:00,2026-09-01 14:11:25.0436509 +07:00,7,3B70A71E-2D5D-4F36-8BD6-58659AC0CCC6,Ranking Payroll,3,Ranking Payroll,SSIS,2026-09-01 06:50:14.000,2026-09-01 07:29:34.000,1,Succeeded,1105119,"/ISSERVER ""\""\SSISDB\Project_Fact\RANKING_PAYROLL\FACT_RANKING_PAYROLL.dtsx\"""" /SERVER ""\""BGASVR-DWH-DEV\"""" /Par ""\""$ServerOption::LOGGING_LEVEL(Int16)\"""";1 /Par ""\""$ServerOption::SYNCHRONIZED(Boolean)\"""";True /CALLERINFO SQLAGENT /REPORTING E",TIME_OVERLAP_ONLY
1240403,Project_Fact,AWL,AWL_Warning.dtsx,2026-09-01 14:11:19.6063131 +07:00,2026-09-01 14:11:25.0436509 +07:00,7,5ECE39E8-D47A-4559-A8E7-5766D4B949E0,SPARTA FACT 4T,7,Fact Sparta Fisik Premi,SSIS,2026-09-01 07:06:27.000,2026-09-01 07:23:50.000,1,Succeeded,1105111,"/ISSERVER ""\""\SSISDB\Project_Fact\SPARTA_PROJECT\FACT_SPARTA_FISIK_PREMI.dtsx\"""" /SERVER ""\"".\"""" /Par ""\""$ServerOption::LOGGING_LEVEL(Int16)\"""";1 /Par ""\""$ServerOption::SYNCHRONIZED(Boolean)\"""";True /CALLERINFO SQLAGENT /REPORTING E",TIME_OVERLAP_ONLY
1240403,Project_Fact,AWL,AWL_Warning.dtsx,2026-09-01 14:11:19.6063131 +07:00,2026-09-01 14:11:25.0436509 +07:00,7,0874DB0C-DB80-4053-8D10-B4E94CD80860,Tax - Annually,3,Annually Split,SSIS,2026-09-01 06:47:34.000,2026-09-01 07:24:46.000,1,Succeeded,1105112,"/ISSERVER ""\""\SSISDB\Project_Fact\PPH21_DJP\FACT_PPH_ANNUAL_SPLIT.dtsx\"""" /SERVER ""\"".\"""" /Par ""\""$ServerOption::LOGGING_LEVEL(Int16)\"""";1 /Par ""\""$ServerOption::SYNCHRONIZED(Boolean)\"""";True /CALLERINFO SQLAGENT /REPORTING E",TIME_OVERLAP_ONLY
1240404,Sequence_Table,Sequence_Table,Seq_Staging_SAP_SALDO_TREASURY.dtsx,2026-09-01 14:55:14.5389578 +07:00,2026-09-01 14:55:46.4787868 +07:00,7,6D7C9921-843B-4919-B8A6-D42A047543FA,LAPORAN KEUANGAN KEBUN (LKK),9,Proses SSAS LKK Phase 2,ANALYSISQUERY,2026-09-01 07:39:54.000,2026-09-01 07:56:38.000,1,Succeeded,1105139,"{   ""refresh"": {     ""type"": ""full"",     ""objects"": [       {         ""database"": ""LkkPhase2""       }     ]   } }",TIME_OVERLAP_ONLY
1240405,Sequence_Table,Sequence_Table,Seq_Staging_SAP_EHP8_SALDO_TREASURY.dtsx,2026-09-01 14:55:50.5670193 +07:00,2026-09-01 14:55:56.7133734 +07:00,7,6D7C9921-843B-4919-B8A6-D42A047543FA,LAPORAN KEUANGAN KEBUN (LKK),9,Proses SSAS LKK Phase 2,ANALYSISQUERY,2026-09-01 07:39:54.000,2026-09-01 07:56:38.000,1,Succeeded,1105139,"{   ""refresh"": {     ""type"": ""full"",     ""objects"": [       {         ""database"": ""LkkPhase2""       }     ]   } }",TIME_OVERLAP_ONLY
1240406,Project_Fact,SALDO_TREASURY,MAPPING_SALDO.dtsx,2026-09-01 14:57:45.6736127 +07:00,2026-09-01 14:57:47.8847381 +07:00,7,6D7C9921-843B-4919-B8A6-D42A047543FA,LAPORAN KEUANGAN KEBUN (LKK),10,Fact Plasma Gapoktan,SSIS,2026-09-01 07:56:38.000,2026-09-01 08:32:08.000,1,Succeeded,1105166,"/ISSERVER ""\""\SSISDB\Project_Fact\DWH_PLASMA_GAPOKTAN\Fact.dtsx\"""" /SERVER ""\"".\"""" /Par ""\""$ServerOption::LOGGING_LEVEL(Int16)\"""";1 /Par ""\""$ServerOption::SYNCHRONIZED(Boolean)\"""";True /CALLERINFO SQLAGENT /REPORTING E",TIME_OVERLAP_ONLY
1240407,Project_Fact,SALDO_TREASURY,FACT_SALDO_AKHIR_BULAN.dtsx,2026-09-01 14:57:50.6408961 +07:00,2026-09-01 14:59:24.4622742 +07:00,7,6D7C9921-843B-4919-B8A6-D42A047543FA,LAPORAN KEUANGAN KEBUN (LKK),10,Fact Plasma Gapoktan,SSIS,2026-09-01 07:56:38.000,2026-09-01 08:32:08.000,1,Succeeded,1105166,"/ISSERVER ""\""\SSISDB\Project_Fact\DWH_PLASMA_GAPOKTAN\Fact.dtsx\"""" /SERVER ""\"".\"""" /Par ""\""$ServerOption::LOGGING_LEVEL(Int16)\"""";1 /Par ""\""$ServerOption::SYNCHRONIZED(Boolean)\"""";True /CALLERINFO SQLAGENT /REPORTING E",TIME_OVERLAP_ONLY
1240408,Project_Fact,SALDO_TREASURY,FACT_SALDO_HARIAN.dtsx,2026-09-01 14:59:25.1383108 +07:00,2026-09-01 15:01:16.7106979 +07:00,7,6D7C9921-843B-4919-B8A6-D42A047543FA,LAPORAN KEUANGAN KEBUN (LKK),10,Fact Plasma Gapoktan,SSIS,2026-09-01 07:56:38.000,2026-09-01 08:32:08.000,1,Succeeded,1105166,"/ISSERVER ""\""\SSISDB\Project_Fact\DWH_PLASMA_GAPOKTAN\Fact.dtsx\"""" /SERVER ""\"".\"""" /Par ""\""$ServerOption::LOGGING_LEVEL(Int16)\"""";1 /Par ""\""$ServerOption::SYNCHRONIZED(Boolean)\"""";True /CALLERINFO SQLAGENT /REPORTING E",TIME_OVERLAP_ONLY
1240409,Project_Fact,DAILY_DASHBOARD_PROJECT,STG_TBS_EXTERNAL.dtsx,2026-09-01 15:00:00.5933427 +07:00,2026-09-01 15:00:29.8290123 +07:00,7,6D7C9921-843B-4919-B8A6-D42A047543FA,LAPORAN KEUANGAN KEBUN (LKK),10,Fact Plasma Gapoktan,SSIS,2026-09-01 07:56:38.000,2026-09-01 08:32:08.000,1,Succeeded,1105166,"/ISSERVER ""\""\SSISDB\Project_Fact\DWH_PLASMA_GAPOKTAN\Fact.dtsx\"""" /SERVER ""\"".\"""" /Par ""\""$ServerOption::LOGGING_LEVEL(Int16)\"""";1 /Par ""\""$ServerOption::SYNCHRONIZED(Boolean)\"""";True /CALLERINFO SQLAGENT /REPORTING E",TIME_OVERLAP_ONLY
1240409,Project_Fact,DAILY_DASHBOARD_PROJECT,STG_TBS_EXTERNAL.dtsx,2026-09-01 15:00:00.5933427 +07:00,2026-09-01 15:00:29.8290123 +07:00,7,09FAE57B-5538-41B1-91A9-65019FD26DE1,SEQUENCE_TABLE_SAP,1,SEQ_STAGING,SSIS,2026-09-01 08:00:00.000,2026-09-01 08:12:45.000,1,Succeeded,1105144,"/ISSERVER ""\""\SSISDB\Sequence_Table\Sequence_Table\Seq_Staging_SAP.dtsx\"""" /SERVER ""\"".\"""" /Par ""\""$ServerOption::LOGGING_LEVEL(Int16)\"""";1 /Par ""\""$ServerOption::SYNCHRONIZED(Boolean)\"""";True /CALLERINFO SQLAGENT /REPORTING E",TIME_OVERLAP_ONLY
1240410,Project_Fact,DAILY_DASHBOARD_PROJECT,FACT_DD_TBS.dtsx,2026-09-01 15:00:32.6501750 +07:00,2026-09-01 15:11:46.5147648 +07:00,7,6D7C9921-843B-4919-B8A6-D42A047543FA,LAPORAN KEUANGAN KEBUN (LKK),10,Fact Plasma Gapoktan,SSIS,2026-09-01 07:56:38.000,2026-09-01 08:32:08.000,1,Succeeded,1105166,"/ISSERVER ""\""\SSISDB\Project_Fact\DWH_PLASMA_GAPOKTAN\Fact.dtsx\"""" /SERVER ""\"".\"""" /Par ""\""$ServerOption::LOGGING_LEVEL(Int16)\"""";1 /Par ""\""$ServerOption::SYNCHRONIZED(Boolean)\"""";True /CALLERINFO SQLAGENT /REPORTING E",TIME_OVERLAP_ONLY
1240410,Project_Fact,DAILY_DASHBOARD_PROJECT,FACT_DD_TBS.dtsx,2026-09-01 15:00:32.6501750 +07:00,2026-09-01 15:11:46.5147648 +07:00,7,7E176732-5CEB-4162-AAE4-F5A2966DFCBB,Segregation,2,Segregation,SSIS,2026-09-01 08:00:19.000,2026-09-01 08:24:16.000,1,Succeeded,1105151,"/ISSERVER ""\""\SSISDB\Project_Fact\Segregation\Segregation.dtsx\"""" /SERVER ""\""BGASVR-DWH-DEV\"""" /Par ""\""$ServerOption::LOGGING_LEVEL(Int16)\"""";1 /Par ""\""$ServerOption::SYNCHRONIZED(Boolean)\"""";True /CALLERINFO SQLAGENT /REPORTING E",TIME_OVERLAP_ONLY
1240410,Project_Fact,DAILY_DASHBOARD_PROJECT,FACT_DD_TBS.dtsx,2026-09-01 15:00:32.6501750 +07:00,2026-09-01 15:11:46.5147648 +07:00,7,09FAE57B-5538-41B1-91A9-65019FD26DE1,SEQUENCE_TABLE_SAP,1,SEQ_STAGING,SSIS,2026-09-01 08:00:00.000,2026-09-01 08:12:45.000,1,Succeeded,1105144,"/ISSERVER ""\""\SSISDB\Sequence_Table\Sequence_Table\Seq_Staging_SAP.dtsx\"""" /SERVER ""\"".\"""" /Par ""\""$ServerOption::LOGGING_LEVEL(Int16)\"""";1 /Par ""\""$ServerOption::SYNCHRONIZED(Boolean)\"""";True /CALLERINFO SQLAGENT /REPORTING E",TIME_OVERLAP_ONLY
1240411,Project_Fact,AWL,Staging.dtsx,2026-09-01 15:05:01.1925638 +07:00,2026-09-01 15:08:26.6933200 +07:00,7,6D7C9921-843B-4919-B8A6-D42A047543FA,LAPORAN KEUANGAN KEBUN (LKK),10,Fact Plasma Gapoktan,SSIS,2026-09-01 07:56:38.000,2026-09-01 08:32:08.000,1,Succeeded,1105166,"/ISSERVER ""\""\SSISDB\Project_Fact\DWH_PLASMA_GAPOKTAN\Fact.dtsx\"""" /SERVER ""\"".\"""" /Par ""\""$ServerOption::LOGGING_LEVEL(Int16)\"""";1 /Par ""\""$ServerOption::SYNCHRONIZED(Boolean)\"""";True /CALLERINFO SQLAGENT /REPORTING E",TIME_OVERLAP_ONLY
1240411,Project_Fact,AWL,Staging.dtsx,2026-09-01 15:05:01.1925638 +07:00,2026-09-01 15:08:26.6933200 +07:00,7,7E176732-5CEB-4162-AAE4-F5A2966DFCBB,Segregation,2,Segregation,SSIS,2026-09-01 08:00:19.000,2026-09-01 08:24:16.000,1,Succeeded,1105151,"/ISSERVER ""\""\SSISDB\Project_Fact\Segregation\Segregation.dtsx\"""" /SERVER ""\""BGASVR-DWH-DEV\"""" /Par ""\""$ServerOption::LOGGING_LEVEL(Int16)\"""";1 /Par ""\""$ServerOption::SYNCHRONIZED(Boolean)\"""";True /CALLERINFO SQLAGENT /REPORTING E",TIME_OVERLAP_ONLY
1240411,Project_Fact,AWL,Staging.dtsx,2026-09-01 15:05:01.1925638 +07:00,2026-09-01 15:08:26.6933200 +07:00,7,09FAE57B-5538-41B1-91A9-65019FD26DE1,SEQUENCE_TABLE_SAP,1,SEQ_STAGING,SSIS,2026-09-01 08:00:00.000,2026-09-01 08:12:45.000,1,Succeeded,1105144,"/ISSERVER ""\""\SSISDB\Sequence_Table\Sequence_Table\Seq_Staging_SAP.dtsx\"""" /SERVER ""\"".\"""" /Par ""\""$ServerOption::LOGGING_LEVEL(Int16)\"""";1 /Par ""\""$ServerOption::SYNCHRONIZED(Boolean)\"""";True /CALLERINFO SQLAGENT /REPORTING E",TIME_OVERLAP_ONLY
1240411,Project_Fact,AWL,Staging.dtsx,2026-09-01 15:05:01.1925638 +07:00,2026-09-01 15:08:26.6933200 +07:00,7,1225ADC7-FF0D-402D-BAEA-A97F7FC50CB1,AWL,1,Staging,SSIS,2026-09-01 08:05:01.000,2026-09-01 08:19:26.000,1,Succeeded,1105147,"/ISSERVER ""\""\SSISDB\Project_Fact\AWL\Staging.dtsx\"""" /SERVER ""\"".\"""" /X86 /Par ""\""$ServerOption::LOGGING_LEVEL(Int16)\"""";1 /Par ""\""$ServerOption::SYNCHRONIZED(Boolean)\"""";True /CALLERINFO SQLAGENT /REPORTING E",STRONG_NAME_OR_COMMAND_MATCH
1240412,Project_Fact,AWL,Fact.dtsx,2026-09-01 15:08:29.2594667 +07:00,2026-09-01 15:08:33.9387358 +07:00,7,1225ADC7-FF0D-402D-BAEA-A97F7FC50CB1,AWL,1,Staging,SSIS,2026-09-01 08:05:01.000,2026-09-01 08:19:26.000,1,Succeeded,1105147,"/ISSERVER ""\""\SSISDB\Project_Fact\AWL\Staging.dtsx\"""" /SERVER ""\"".\"""" /X86 /Par ""\""$ServerOption::LOGGING_LEVEL(Int16)\"""";1 /Par ""\""$ServerOption::SYNCHRONIZED(Boolean)\"""";True /CALLERINFO SQLAGENT /REPORTING E",TIME_OVERLAP_ONLY
1240412,Project_Fact,AWL,Fact.dtsx,2026-09-01 15:08:29.2594667 +07:00,2026-09-01 15:08:33.9387358 +07:00,7,7E176732-5CEB-4162-AAE4-F5A2966DFCBB,Segregation,2,Segregation,SSIS,2026-09-01 08:00:19.000,2026-09-01 08:24:16.000,1,Succeeded,1105151,"/ISSERVER ""\""\SSISDB\Project_Fact\Segregation\Segregation.dtsx\"""" /SERVER ""\""BGASVR-DWH-DEV\"""" /Par ""\""$ServerOption::LOGGING_LEVEL(Int16)\"""";1 /Par ""\""$ServerOption::SYNCHRONIZED(Boolean)\"""";True /CALLERINFO SQLAGENT /REPORTING E",TIME_OVERLAP_ONLY
1240412,Project_Fact,AWL,Fact.dtsx,2026-09-01 15:08:29.2594667 +07:00,2026-09-01 15:08:33.9387358 +07:00,7,09FAE57B-5538-41B1-91A9-65019FD26DE1,SEQUENCE_TABLE_SAP,1,SEQ_STAGING,SSIS,2026-09-01 08:00:00.000,2026-09-01 08:12:45.000,1,Succeeded,1105144,"/ISSERVER ""\""\SSISDB\Sequence_Table\Sequence_Table\Seq_Staging_SAP.dtsx\"""" /SERVER ""\"".\"""" /Par ""\""$ServerOption::LOGGING_LEVEL(Int16)\"""";1 /Par ""\""$ServerOption::SYNCHRONIZED(Boolean)\"""";True /CALLERINFO SQLAGENT /REPORTING E",TIME_OVERLAP_ONLY
1240412,Project_Fact,AWL,Fact.dtsx,2026-09-01 15:08:29.2594667 +07:00,2026-09-01 15:08:33.9387358 +07:00,7,6D7C9921-843B-4919-B8A6-D42A047543FA,LAPORAN KEUANGAN KEBUN (LKK),10,Fact Plasma Gapoktan,SSIS,2026-09-01 07:56:38.000,2026-09-01 08:32:08.000,1,Succeeded,1105166,"/ISSERVER ""\""\SSISDB\Project_Fact\DWH_PLASMA_GAPOKTAN\Fact.dtsx\"""" /SERVER ""\"".\"""" /Par ""\""$ServerOption::LOGGING_LEVEL(Int16)\"""";1 /Par ""\""$ServerOption::SYNCHRONIZED(Boolean)\"""";True /CALLERINFO SQLAGENT /REPORTING E",STRONG_NAME_OR_COMMAND_MATCH
1240413,Project_Fact,AWL,AWL_Warning.dtsx,2026-09-01 15:08:35.2698120 +07:00,2026-09-01 15:08:36.8619067 +07:00,7,1225ADC7-FF0D-402D-BAEA-A97F7FC50CB1,AWL,1,Staging,SSIS,2026-09-01 08:05:01.000,2026-09-01 08:19:26.000,1,Succeeded,1105147,"/ISSERVER ""\""\SSISDB\Project_Fact\AWL\Staging.dtsx\"""" /SERVER ""\"".\"""" /X86 /Par ""\""$ServerOption::LOGGING_LEVEL(Int16)\"""";1 /Par ""\""$ServerOption::SYNCHRONIZED(Boolean)\"""";True /CALLERINFO SQLAGENT /REPORTING E",TIME_OVERLAP_ONLY
1240413,Project_Fact,AWL,AWL_Warning.dtsx,2026-09-01 15:08:35.2698120 +07:00,2026-09-01 15:08:36.8619067 +07:00,7,6D7C9921-843B-4919-B8A6-D42A047543FA,LAPORAN KEUANGAN KEBUN (LKK),10,Fact Plasma Gapoktan,SSIS,2026-09-01 07:56:38.000,2026-09-01 08:32:08.000,1,Succeeded,1105166,"/ISSERVER ""\""\SSISDB\Project_Fact\DWH_PLASMA_GAPOKTAN\Fact.dtsx\"""" /SERVER ""\"".\"""" /Par ""\""$ServerOption::LOGGING_LEVEL(Int16)\"""";1 /Par ""\""$ServerOption::SYNCHRONIZED(Boolean)\"""";True /CALLERINFO SQLAGENT /REPORTING E",TIME_OVERLAP_ONLY
1240413,Project_Fact,AWL,AWL_Warning.dtsx,2026-09-01 15:08:35.2698120 +07:00,2026-09-01 15:08:36.8619067 +07:00,7,7E176732-5CEB-4162-AAE4-F5A2966DFCBB,Segregation,2,Segregation,SSIS,2026-09-01 08:00:19.000,2026-09-01 08:24:16.000,1,Succeeded,1105151,"/ISSERVER ""\""\SSISDB\Project_Fact\Segregation\Segregation.dtsx\"""" /SERVER ""\""BGASVR-DWH-DEV\"""" /Par ""\""$ServerOption::LOGGING_LEVEL(Int16)\"""";1 /Par ""\""$ServerOption::SYNCHRONIZED(Boolean)\"""";True /CALLERINFO SQLAGENT /REPORTING E",TIME_OVERLAP_ONLY
1240413,Project_Fact,AWL,AWL_Warning.dtsx,2026-09-01 15:08:35.2698120 +07:00,2026-09-01 15:08:36.8619067 +07:00,7,09FAE57B-5538-41B1-91A9-65019FD26DE1,SEQUENCE_TABLE_SAP,1,SEQ_STAGING,SSIS,2026-09-01 08:00:00.000,2026-09-01 08:12:45.000,1,Succeeded,1105144,"/ISSERVER ""\""\SSISDB\Sequence_Table\Sequence_Table\Seq_Staging_SAP.dtsx\"""" /SERVER ""\"".\"""" /Par ""\""$ServerOption::LOGGING_LEVEL(Int16)\"""";1 /Par ""\""$ServerOption::SYNCHRONIZED(Boolean)\"""";True /CALLERINFO SQLAGENT /REPORTING E",TIME_OVERLAP_ONLY
1240417,Sequence_Table,Sequence_Table,Seq_BSIS_BSAS.dtsx,2026-09-01 16:30:00.9235994 +07:00,2026-09-01 16:34:31.7991103 +07:00,7,C33585FE-F49C-4606-9195-454B11AEF3CD,Lap Prod TBS CPO PK,1,Lap Prod TBS CPO PK,SSIS,2026-09-01 09:30:00.000,2026-09-01 09:52:46.000,1,Succeeded,1105203,"/ISSERVER ""\""\SSISDB\Project_Fact\Lap Prod TBS CPO PK\Laporan Produksi TBS CPO PK.dtsx\"""" /SERVER ""\""BGASVR-DWH-DEV\"""" /Par ""\""$ServerOption::LOGGING_LEVEL(Int16)\"""";1 /Par ""\""$ServerOption::SYNCHRONIZED(Boolean)\"""";True /CALLERINFO SQLAGENT /REPORTING E",TIME_OVERLAP_ONLY
1240418,Sequence_Table,Sequence_Table,Seq_Staging_SAP_EHP8_BSIS_BSAS.dtsx,2026-09-01 16:34:35.8843752 +07:00,2026-09-01 16:34:47.5120058 +07:00,7,C33585FE-F49C-4606-9195-454B11AEF3CD,Lap Prod TBS CPO PK,1,Lap Prod TBS CPO PK,SSIS,2026-09-01 09:30:00.000,2026-09-01 09:52:46.000,1,Succeeded,1105203,"/ISSERVER ""\""\SSISDB\Project_Fact\Lap Prod TBS CPO PK\Laporan Produksi TBS CPO PK.dtsx\"""" /SERVER ""\""BGASVR-DWH-DEV\"""" /Par ""\""$ServerOption::LOGGING_LEVEL(Int16)\"""";1 /Par ""\""$ServerOption::SYNCHRONIZED(Boolean)\"""";True /CALLERINFO SQLAGENT /REPORTING E",TIME_OVERLAP_ONLY
1240419,Sequence_Table,Sequence_Table,Seq_BSIK_BSAK.dtsx,2026-09-01 16:34:51.6122530 +07:00,2026-09-01 16:35:38.2669176 +07:00,7,C33585FE-F49C-4606-9195-454B11AEF3CD,Lap Prod TBS CPO PK,1,Lap Prod TBS CPO PK,SSIS,2026-09-01 09:30:00.000,2026-09-01 09:52:46.000,1,Succeeded,1105203,"/ISSERVER ""\""\SSISDB\Project_Fact\Lap Prod TBS CPO PK\Laporan Produksi TBS CPO PK.dtsx\"""" /SERVER ""\""BGASVR-DWH-DEV\"""" /Par ""\""$ServerOption::LOGGING_LEVEL(Int16)\"""";1 /Par ""\""$ServerOption::SYNCHRONIZED(Boolean)\"""";True /CALLERINFO SQLAGENT /REPORTING E",TIME_OVERLAP_ONLY
1240420,Sequence_Table,Sequence_Table,Seq_Staging_SAP_EHP8_BSIK_BSAK.dtsx,2026-09-01 16:35:41.8131223 +07:00,2026-09-01 16:35:47.2474312 +07:00,7,C33585FE-F49C-4606-9195-454B11AEF3CD,Lap Prod TBS CPO PK,1,Lap Prod TBS CPO PK,SSIS,2026-09-01 09:30:00.000,2026-09-01 09:52:46.000,1,Succeeded,1105203,"/ISSERVER ""\""\SSISDB\Project_Fact\Lap Prod TBS CPO PK\Laporan Produksi TBS CPO PK.dtsx\"""" /SERVER ""\""BGASVR-DWH-DEV\"""" /Par ""\""$ServerOption::LOGGING_LEVEL(Int16)\"""";1 /Par ""\""$ServerOption::SYNCHRONIZED(Boolean)\"""";True /CALLERINFO SQLAGENT /REPORTING E",TIME_OVERLAP_ONLY
1240421,Sequence_Table,Sequence_Table,Seq_BSID_BSAD.dtsx,2026-09-01 16:35:51.5296904 +07:00,2026-09-01 16:36:34.9151849 +07:00,7,C33585FE-F49C-4606-9195-454B11AEF3CD,Lap Prod TBS CPO PK,1,Lap Prod TBS CPO PK,SSIS,2026-09-01 09:30:00.000,2026-09-01 09:52:46.000,1,Succeeded,1105203,"/ISSERVER ""\""\SSISDB\Project_Fact\Lap Prod TBS CPO PK\Laporan Produksi TBS CPO PK.dtsx\"""" /SERVER ""\""BGASVR-DWH-DEV\"""" /Par ""\""$ServerOption::LOGGING_LEVEL(Int16)\"""";1 /Par ""\""$ServerOption::SYNCHRONIZED(Boolean)\"""";True /CALLERINFO SQLAGENT /REPORTING E",TIME_OVERLAP_ONLY
1240422,Sequence_Table,Sequence_Table,Seq_Staging_SAP_EHP8_BSID_BSAD.dtsx,2026-09-01 16:36:39.2514171 +07:00,2026-09-01 16:36:44.6337184 +07:00,7,C33585FE-F49C-4606-9195-454B11AEF3CD,Lap Prod TBS CPO PK,1,Lap Prod TBS CPO PK,SSIS,2026-09-01 09:30:00.000,2026-09-01 09:52:46.000,1,Succeeded,1105203,"/ISSERVER ""\""\SSISDB\Project_Fact\Lap Prod TBS CPO PK\Laporan Produksi TBS CPO PK.dtsx\"""" /SERVER ""\""BGASVR-DWH-DEV\"""" /Par ""\""$ServerOption::LOGGING_LEVEL(Int16)\"""";1 /Par ""\""$ServerOption::SYNCHRONIZED(Boolean)\"""";True /CALLERINFO SQLAGENT /REPORTING E",TIME_OVERLAP_ONLY
1240423,Sequence_Table,Sequence_Table,Seq_BKPF.dtsx,2026-09-01 16:36:47.4668795 +07:00,2026-09-01 16:40:06.3782701 +07:00,7,C33585FE-F49C-4606-9195-454B11AEF3CD,Lap Prod TBS CPO PK,1,Lap Prod TBS CPO PK,SSIS,2026-09-01 09:30:00.000,2026-09-01 09:52:46.000,1,Succeeded,1105203,"/ISSERVER ""\""\SSISDB\Project_Fact\Lap Prod TBS CPO PK\Laporan Produksi TBS CPO PK.dtsx\"""" /SERVER ""\""BGASVR-DWH-DEV\"""" /Par ""\""$ServerOption::LOGGING_LEVEL(Int16)\"""";1 /Par ""\""$ServerOption::SYNCHRONIZED(Boolean)\"""";True /CALLERINFO SQLAGENT /REPORTING E",TIME_OVERLAP_ONLY
1240424,Sequence_Table,Sequence_Table,Seq_Staging_SAP_EHP8_BKPF.dtsx,2026-09-01 16:40:08.7944373 +07:00,2026-09-01 16:40:56.0151143 +07:00,7,018BE64A-756D-4AEE-AF14-0793E9B1691C,ESTIMATION_COST_ELEMENT,1,Cost Element Weekly Rate,SSIS,2026-09-01 09:40:00.000,2026-09-01 09:41:32.000,1,Succeeded,1105202,"/ISSERVER ""\""\SSISDB\Project_Fact\COST_ELEMENT_PROJECT\FACT_COST_ELEMENT_RATE.dtsx\"""" /SERVER ""\"".\"""" /Par ""\""$ServerOption::LOGGING_LEVEL(Int16)\"""";1 /Par ""\""$ServerOption::SYNCHRONIZED(Boolean)\"""";True /CALLERINFO SQLAGENT /REPORTING E",TIME_OVERLAP_ONLY
1240424,Sequence_Table,Sequence_Table,Seq_Staging_SAP_EHP8_BKPF.dtsx,2026-09-01 16:40:08.7944373 +07:00,2026-09-01 16:40:56.0151143 +07:00,7,C33585FE-F49C-4606-9195-454B11AEF3CD,Lap Prod TBS CPO PK,1,Lap Prod TBS CPO PK,SSIS,2026-09-01 09:30:00.000,2026-09-01 09:52:46.000,1,Succeeded,1105203,"/ISSERVER ""\""\SSISDB\Project_Fact\Lap Prod TBS CPO PK\Laporan Produksi TBS CPO PK.dtsx\"""" /SERVER ""\""BGASVR-DWH-DEV\"""" /Par ""\""$ServerOption::LOGGING_LEVEL(Int16)\"""";1 /Par ""\""$ServerOption::SYNCHRONIZED(Boolean)\"""";True /CALLERINFO SQLAGENT /REPORTING E",TIME_OVERLAP_ONLY
1240425,Project_Fact,DWH_SMALLER_FACT,CHECK_QUERY_DATA.dtsx,2026-09-01 17:00:01.0756863 +07:00,2026-09-01 17:00:04.6978934 +07:00,7,018BE64A-756D-4AEE-AF14-0793E9B1691C,ESTIMATION_COST_ELEMENT,2,Cost Element Weekly,SSIS,2026-09-01 09:41:32.000,2026-09-01 10:00:29.000,1,Succeeded,1105205,"/ISSERVER ""\""\SSISDB\Project_Fact\COST_ELEMENT_PROJECT\FACT_COST_ELEMENT.dtsx\"""" /SERVER ""\"".\"""" /Par ""\""$ServerOption::LOGGING_LEVEL(Int16)\"""";1 /Par ""\""$ServerOption::SYNCHRONIZED(Boolean)\"""";True /CALLERINFO SQLAGENT /REPORTING E",TIME_OVERLAP_ONLY
1240427,Project_Fact,AWL,Staging.dtsx,2026-09-01 17:05:02.4589459 +07:00,2026-09-01 17:07:52.5076845 +07:00,7,1225ADC7-FF0D-402D-BAEA-A97F7FC50CB1,AWL,1,Staging,SSIS,2026-09-01 10:05:00.000,2026-09-01 10:12:18.000,1,Succeeded,1105208,"/ISSERVER ""\""\SSISDB\Project_Fact\AWL\Staging.dtsx\"""" /SERVER ""\"".\"""" /X86 /Par ""\""$ServerOption::LOGGING_LEVEL(Int16)\"""";1 /Par ""\""$ServerOption::SYNCHRONIZED(Boolean)\"""";True /CALLERINFO SQLAGENT /REPORTING E",STRONG_NAME_OR_COMMAND_MATCH
1240428,Project_Fact,AWL,Fact.dtsx,2026-09-01 17:07:53.5147450 +07:00,2026-09-01 17:07:58.2920147 +07:00,7,1225ADC7-FF0D-402D-BAEA-A97F7FC50CB1,AWL,1,Staging,SSIS,2026-09-01 10:05:00.000,2026-09-01 10:12:18.000,1,Succeeded,1105208,"/ISSERVER ""\""\SSISDB\Project_Fact\AWL\Staging.dtsx\"""" /SERVER ""\"".\"""" /X86 /Par ""\""$ServerOption::LOGGING_LEVEL(Int16)\"""";1 /Par ""\""$ServerOption::SYNCHRONIZED(Boolean)\"""";True /CALLERINFO SQLAGENT /REPORTING E",TIME_OVERLAP_ONLY
1240429,Project_Fact,AWL,AWL_Warning.dtsx,2026-09-01 17:07:59.5580859 +07:00,2026-09-01 17:08:01.6182047 +07:00,7,1225ADC7-FF0D-402D-BAEA-A97F7FC50CB1,AWL,1,Staging,SSIS,2026-09-01 10:05:00.000,2026-09-01 10:12:18.000,1,Succeeded,1105208,"/ISSERVER ""\""\SSISDB\Project_Fact\AWL\Staging.dtsx\"""" /SERVER ""\"".\"""" /X86 /Par ""\""$ServerOption::LOGGING_LEVEL(Int16)\"""";1 /Par ""\""$ServerOption::SYNCHRONIZED(Boolean)\"""";True /CALLERINFO SQLAGENT /REPORTING E",TIME_OVERLAP_ONLY
1240431,Project_Fact,AWL,Staging.dtsx,2026-09-01 18:05:01.1080283 +07:00,2026-09-01 18:09:23.1040429 +07:00,7,1225ADC7-FF0D-402D-BAEA-A97F7FC50CB1,AWL,1,Staging,SSIS,2026-09-01 11:05:00.000,2026-09-01 11:09:53.000,1,Succeeded,1105212,"/ISSERVER ""\""\SSISDB\Project_Fact\AWL\Staging.dtsx\"""" /SERVER ""\"".\"""" /X86 /Par ""\""$ServerOption::LOGGING_LEVEL(Int16)\"""";1 /Par ""\""$ServerOption::SYNCHRONIZED(Boolean)\"""";True /CALLERINFO SQLAGENT /REPORTING E",STRONG_NAME_OR_COMMAND_MATCH
1240432,Project_Fact,AWL,Fact.dtsx,2026-09-01 18:09:27.1152846 +07:00,2026-09-01 18:09:29.9104201 +07:00,7,1225ADC7-FF0D-402D-BAEA-A97F7FC50CB1,AWL,1,Staging,SSIS,2026-09-01 11:05:00.000,2026-09-01 11:09:53.000,1,Succeeded,1105212,"/ISSERVER ""\""\SSISDB\Project_Fact\AWL\Staging.dtsx\"""" /SERVER ""\"".\"""" /X86 /Par ""\""$ServerOption::LOGGING_LEVEL(Int16)\"""";1 /Par ""\""$ServerOption::SYNCHRONIZED(Boolean)\"""";True /CALLERINFO SQLAGENT /REPORTING E",TIME_OVERLAP_ONLY
1240433,Project_Fact,AWL,AWL_Warning.dtsx,2026-09-01 18:09:32.6115813 +07:00,2026-09-01 18:09:34.0836625 +07:00,7,1225ADC7-FF0D-402D-BAEA-A97F7FC50CB1,AWL,1,Staging,SSIS,2026-09-01 11:05:00.000,2026-09-01 11:09:53.000,1,Succeeded,1105212,"/ISSERVER ""\""\SSISDB\Project_Fact\AWL\Staging.dtsx\"""" /SERVER ""\"".\"""" /X86 /Par ""\""$ServerOption::LOGGING_LEVEL(Int16)\"""";1 /Par ""\""$ServerOption::SYNCHRONIZED(Boolean)\"""";True /CALLERINFO SQLAGENT /REPORTING E",TIME_OVERLAP_ONLY
1240456,Project_Fact,DWH_LHM,Fact Rekap.dtsx,2026-09-01 19:03:32.0850869 +07:00,2026-09-01 19:09:06.6842505 +07:00,7,4405D861-AE6C-4CD7-8E9B-33591EE6C9F8,SEQUENCE_TABLE_SPARTA_4T,1,SEQ_STAGING_SPARTA_4T,SSIS,2026-09-01 12:00:00.000,2026-09-01 12:16:02.000,1,Succeeded,1105228,"/ISSERVER ""\""\SSISDB\Sequence_Table\Sequence_Table\Seq_Staging_SPARTA_4T.dtsx\"""" /SERVER ""\"".\"""" /Par ""\""$ServerOption::LOGGING_LEVEL(Int16)\"""";1 /Par ""\""$ServerOption::SYNCHRONIZED(Boolean)\"""";True /CALLERINFO SQLAGENT /REPORTING E",TIME_OVERLAP_ONLY
1240457,Project_Fact,AWL,Staging.dtsx,2026-09-01 19:05:23.8934927 +07:00,2026-09-01 19:08:12.5821503 +07:00,7,6DF699D9-EE52-4283-8C24-B72C5A2D84BF,SEQUENCE_TABLE_SPARTA,1,SEQ_STAGING_SPARTA,SSIS,2026-09-01 12:05:00.000,2026-09-01 12:21:40.000,1,Succeeded,1105229,"/ISSERVER ""\""\SSISDB\Sequence_Table\Sequence_Table\Seq_Staging_SPARTA.dtsx\"""" /SERVER ""\"".\"""" /Par ""\""$ServerOption::LOGGING_LEVEL(Int16)\"""";1 /Par ""\""$ServerOption::SYNCHRONIZED(Boolean)\"""";True /CALLERINFO SQLAGENT /REPORTING E",TIME_OVERLAP_ONLY
1240457,Project_Fact,AWL,Staging.dtsx,2026-09-01 19:05:23.8934927 +07:00,2026-09-01 19:08:12.5821503 +07:00,7,4405D861-AE6C-4CD7-8E9B-33591EE6C9F8,SEQUENCE_TABLE_SPARTA_4T,1,SEQ_STAGING_SPARTA_4T,SSIS,2026-09-01 12:00:00.000,2026-09-01 12:16:02.000,1,Succeeded,1105228,"/ISSERVER ""\""\SSISDB\Sequence_Table\Sequence_Table\Seq_Staging_SPARTA_4T.dtsx\"""" /SERVER ""\"".\"""" /Par ""\""$ServerOption::LOGGING_LEVEL(Int16)\"""";1 /Par ""\""$ServerOption::SYNCHRONIZED(Boolean)\"""";True /CALLERINFO SQLAGENT /REPORTING E",TIME_OVERLAP_ONLY
1240457,Project_Fact,AWL,Staging.dtsx,2026-09-01 19:05:23.8934927 +07:00,2026-09-01 19:08:12.5821503 +07:00,7,1225ADC7-FF0D-402D-BAEA-A97F7FC50CB1,AWL,1,Staging,SSIS,2026-09-01 12:05:00.000,2026-09-01 12:14:07.000,1,Succeeded,1105224,"/ISSERVER ""\""\SSISDB\Project_Fact\AWL\Staging.dtsx\"""" /SERVER ""\"".\"""" /X86 /Par ""\""$ServerOption::LOGGING_LEVEL(Int16)\"""";1 /Par ""\""$ServerOption::SYNCHRONIZED(Boolean)\"""";True /CALLERINFO SQLAGENT /REPORTING E",STRONG_NAME_OR_COMMAND_MATCH
1240458,Project_Fact,AWL,Fact.dtsx,2026-09-01 19:08:13.8512358 +07:00,2026-09-01 19:08:18.7365035 +07:00,7,1225ADC7-FF0D-402D-BAEA-A97F7FC50CB1,AWL,1,Staging,SSIS,2026-09-01 12:05:00.000,2026-09-01 12:14:07.000,1,Succeeded,1105224,"/ISSERVER ""\""\SSISDB\Project_Fact\AWL\Staging.dtsx\"""" /SERVER ""\"".\"""" /X86 /Par ""\""$ServerOption::LOGGING_LEVEL(Int16)\"""";1 /Par ""\""$ServerOption::SYNCHRONIZED(Boolean)\"""";True /CALLERINFO SQLAGENT /REPORTING E",TIME_OVERLAP_ONLY
1240458,Project_Fact,AWL,Fact.dtsx,2026-09-01 19:08:13.8512358 +07:00,2026-09-01 19:08:18.7365035 +07:00,7,C9AB424D-4260-4EA1-B78C-687B22E66F17,Saldo Treasury,4,Saldo Monthly,SSIS,2026-09-01 12:07:06.000,2026-09-01 12:09:39.000,1,Succeeded,1105220,"/ISSERVER ""\""\SSISDB\Project_Fact\SALDO_TREASURY\FACT_SALDO_AKHIR_BULAN.dtsx\"""" /SERVER ""\"".\"""" /Par ""\""$ServerOption::LOGGING_LEVEL(Int16)\"""";1 /Par ""\""$ServerOption::SYNCHRONIZED(Boolean)\"""";True /CALLERINFO SQLAGENT /REPORTING E",TIME_OVERLAP_ONLY
1240458,Project_Fact,AWL,Fact.dtsx,2026-09-01 19:08:13.8512358 +07:00,2026-09-01 19:08:18.7365035 +07:00,7,6DF699D9-EE52-4283-8C24-B72C5A2D84BF,SEQUENCE_TABLE_SPARTA,1,SEQ_STAGING_SPARTA,SSIS,2026-09-01 12:05:00.000,2026-09-01 12:21:40.000,1,Succeeded,1105229,"/ISSERVER ""\""\SSISDB\Sequence_Table\Sequence_Table\Seq_Staging_SPARTA.dtsx\"""" /SERVER ""\"".\"""" /Par ""\""$ServerOption::LOGGING_LEVEL(Int16)\"""";1 /Par ""\""$ServerOption::SYNCHRONIZED(Boolean)\"""";True /CALLERINFO SQLAGENT /REPORTING E",TIME_OVERLAP_ONLY
1240458,Project_Fact,AWL,Fact.dtsx,2026-09-01 19:08:13.8512358 +07:00,2026-09-01 19:08:18.7365035 +07:00,7,4405D861-AE6C-4CD7-8E9B-33591EE6C9F8,SEQUENCE_TABLE_SPARTA_4T,1,SEQ_STAGING_SPARTA_4T,SSIS,2026-09-01 12:00:00.000,2026-09-01 12:16:02.000,1,Succeeded,1105228,"/ISSERVER ""\""\SSISDB\Sequence_Table\Sequence_Table\Seq_Staging_SPARTA_4T.dtsx\"""" /SERVER ""\"".\"""" /Par ""\""$ServerOption::LOGGING_LEVEL(Int16)\"""";1 /Par ""\""$ServerOption::SYNCHRONIZED(Boolean)\"""";True /CALLERINFO SQLAGENT /REPORTING E",TIME_OVERLAP_ONLY
1240459,Project_Fact,AWL,AWL_Warning.dtsx,2026-09-01 19:08:19.8175814 +07:00,2026-09-01 19:08:21.2126572 +07:00,7,1225ADC7-FF0D-402D-BAEA-A97F7FC50CB1,AWL,1,Staging,SSIS,2026-09-01 12:05:00.000,2026-09-01 12:14:07.000,1,Succeeded,1105224,"/ISSERVER ""\""\SSISDB\Project_Fact\AWL\Staging.dtsx\"""" /SERVER ""\"".\"""" /X86 /Par ""\""$ServerOption::LOGGING_LEVEL(Int16)\"""";1 /Par ""\""$ServerOption::SYNCHRONIZED(Boolean)\"""";True /CALLERINFO SQLAGENT /REPORTING E",TIME_OVERLAP_ONLY
1240459,Project_Fact,AWL,AWL_Warning.dtsx,2026-09-01 19:08:19.8175814 +07:00,2026-09-01 19:08:21.2126572 +07:00,7,C9AB424D-4260-4EA1-B78C-687B22E66F17,Saldo Treasury,4,Saldo Monthly,SSIS,2026-09-01 12:07:06.000,2026-09-01 12:09:39.000,1,Succeeded,1105220,"/ISSERVER ""\""\SSISDB\Project_Fact\SALDO_TREASURY\FACT_SALDO_AKHIR_BULAN.dtsx\"""" /SERVER ""\"".\"""" /Par ""\""$ServerOption::LOGGING_LEVEL(Int16)\"""";1 /Par ""\""$ServerOption::SYNCHRONIZED(Boolean)\"""";True /CALLERINFO SQLAGENT /REPORTING E",TIME_OVERLAP_ONLY
1240459,Project_Fact,AWL,AWL_Warning.dtsx,2026-09-01 19:08:19.8175814 +07:00,2026-09-01 19:08:21.2126572 +07:00,7,6DF699D9-EE52-4283-8C24-B72C5A2D84BF,SEQUENCE_TABLE_SPARTA,1,SEQ_STAGING_SPARTA,SSIS,2026-09-01 12:05:00.000,2026-09-01 12:21:40.000,1,Succeeded,1105229,"/ISSERVER ""\""\SSISDB\Sequence_Table\Sequence_Table\Seq_Staging_SPARTA.dtsx\"""" /SERVER ""\"".\"""" /Par ""\""$ServerOption::LOGGING_LEVEL(Int16)\"""";1 /Par ""\""$ServerOption::SYNCHRONIZED(Boolean)\"""";True /CALLERINFO SQLAGENT /REPORTING E",TIME_OVERLAP_ONLY
1240459,Project_Fact,AWL,AWL_Warning.dtsx,2026-09-01 19:08:19.8175814 +07:00,2026-09-01 19:08:21.2126572 +07:00,7,4405D861-AE6C-4CD7-8E9B-33591EE6C9F8,SEQUENCE_TABLE_SPARTA_4T,1,SEQ_STAGING_SPARTA_4T,SSIS,2026-09-01 12:00:00.000,2026-09-01 12:16:02.000,1,Succeeded,1105228,"/ISSERVER ""\""\SSISDB\Sequence_Table\Sequence_Table\Seq_Staging_SPARTA_4T.dtsx\"""" /SERVER ""\"".\"""" /Par ""\""$ServerOption::LOGGING_LEVEL(Int16)\"""";1 /Par ""\""$ServerOption::SYNCHRONIZED(Boolean)\"""";True /CALLERINFO SQLAGENT /REPORTING E",TIME_OVERLAP_ONLY
1240460,Project_Fact,Vehicle Registration,FACT_VR.dtsx,2026-09-01 19:20:01.0697260 +07:00,2026-09-01 19:20:06.8030500 +07:00,7,6DF699D9-EE52-4283-8C24-B72C5A2D84BF,SEQUENCE_TABLE_SPARTA,1,SEQ_STAGING_SPARTA,SSIS,2026-09-01 12:05:00.000,2026-09-01 12:21:40.000,1,Succeeded,1105229,"/ISSERVER ""\""\SSISDB\Sequence_Table\Sequence_Table\Seq_Staging_SPARTA.dtsx\"""" /SERVER ""\"".\"""" /Par ""\""$ServerOption::LOGGING_LEVEL(Int16)\"""";1 /Par ""\""$ServerOption::SYNCHRONIZED(Boolean)\"""";True /CALLERINFO SQLAGENT /REPORTING E",TIME_OVERLAP_ONLY
1240460,Project_Fact,Vehicle Registration,FACT_VR.dtsx,2026-09-01 19:20:01.0697260 +07:00,2026-09-01 19:20:06.8030500 +07:00,7,4405D861-AE6C-4CD7-8E9B-33591EE6C9F8,SEQUENCE_TABLE_SPARTA_4T,2,CREATE TABLE FORMAT BPS,TSQL,2026-09-01 12:16:02.000,2026-09-01 12:23:14.000,1,Succeeded,1105233,"--SPB BLOK-- DROP TABLE DWH_STG.stg.SPARTA_SPB_BLOK  SELECT * INTO DWH_STG.stg.SPARTA_SPB_BLOK FROM DWH_STG.dbo.V_SPARTA_SPB_BLOK   --SPB-- DROP TABLE DWH_STG.stg.SPARTA_SPB  SELECT * INTO DWH_STG.stg.SPARTA_SPB FROM DWH_STG.dbo.V_SPARTA_SPB ",TIME_OVERLAP_ONLY
1240461,Project_Fact,MONITORING_TICKET_WB,STAGING SAP8.dtsx,2026-09-01 20:00:00.2051187 +07:00,2026-09-01 20:00:06.1704598 +07:00,7,62088AC8-D634-4732-B90F-19CFBDE2CD4E,AI Grading,2,Fact,SSIS,2026-09-01 12:25:08.000,2026-09-01 13:27:41.000,1,Succeeded,1105278,"/ISSERVER ""\""\SSISDB\Project_Fact\DWH_GRADING_TBS\Fact.dtsx\"""" /SERVER ""\"".\"""" /Par ""\""$ServerOption::LOGGING_LEVEL(Int16)\"""";1 /Par ""\""$ServerOption::SYNCHRONIZED(Boolean)\"""";True /CALLERINFO SQLAGENT /REPORTING E",TIME_OVERLAP_ONLY
1240461,Project_Fact,MONITORING_TICKET_WB,STAGING SAP8.dtsx,2026-09-01 20:00:00.2051187 +07:00,2026-09-01 20:00:06.1704598 +07:00,7,AFFCF0E6-37CA-42D7-8165-CB6EBE2EDB7E,Controllable Profit,2,Check Query Process,SSIS,2026-09-01 13:00:00.000,2026-09-01 13:00:12.000,1,Succeeded,1105265,"/ISSERVER ""\""\SSISDB\Project_Fact\DWH_SMALLER_FACT\CHECK_QUERY_DATA.dtsx\"""" /SERVER ""\"".\"""" /Par ""\""$ServerOption::LOGGING_LEVEL(Int16)\"""";1 /Par ""\""$ServerOption::SYNCHRONIZED(Boolean)\"""";True /CALLERINFO SQLAGENT /REPORTING E",TIME_OVERLAP_ONLY
1240461,Project_Fact,MONITORING_TICKET_WB,STAGING SAP8.dtsx,2026-09-01 20:00:00.2051187 +07:00,2026-09-01 20:00:06.1704598 +07:00,7,34DE8AEE-46BD-45E9-B0B2-D068006FBBF5,Premi dan Lembur,2,SSAS Process,ANALYSISQUERY,2026-09-01 12:55:24.000,2026-09-01 13:04:43.000,1,Succeeded,1105268,"{   ""refresh"": {     ""type"": ""full"",     ""objects"": [       {         ""database"": ""premi dan lembur monitoring""       }     ]   } }",TIME_OVERLAP_ONLY
1240461,Project_Fact,MONITORING_TICKET_WB,STAGING SAP8.dtsx,2026-09-01 20:00:00.2051187 +07:00,2026-09-01 20:00:06.1704598 +07:00,7,DE99768D-2EE9-43B7-999B-94D63699444F,SPARTA FACT,5,Fact Sparta Monitoring Input,SSIS,2026-09-01 12:59:41.000,2026-09-01 13:00:46.000,1,Succeeded,1105267,"/ISSERVER ""\""\SSISDB\Project_Fact\SPARTA_PROJECT\FACT_SPARTA_MONITORING_INPUT.dtsx\"""" /SERVER ""\"".\"""" /Par ""\""$ServerOption::LOGGING_LEVEL(Int16)\"""";1 /Par ""\""$ServerOption::SYNCHRONIZED(Boolean)\"""";True /CALLERINFO SQLAGENT /REPORTING E",TIME_OVERLAP_ONLY
1240461,Project_Fact,MONITORING_TICKET_WB,STAGING SAP8.dtsx,2026-09-01 20:00:00.2051187 +07:00,2026-09-01 20:00:06.1704598 +07:00,7,5ECE39E8-D47A-4559-A8E7-5766D4B949E0,SPARTA FACT 4T,4,Fact Sparta LHA,SSIS,2026-09-01 12:24:01.000,2026-09-01 13:05:48.000,1,Succeeded,1105271,"/ISSERVER ""\""\SSISDB\Project_Fact\SPARTA_PROJECT\FACT_SPARTA_LHA_NEW.dtsx\"""" /SERVER ""\"".\"""" /Par ""\""$ServerOption::LOGGING_LEVEL(Int16)\"""";1 /Par ""\""$ServerOption::SYNCHRONIZED(Boolean)\"""";True /CALLERINFO SQLAGENT /REPORTING E",TIME_OVERLAP_ONLY
1240462,Project_Fact,MONITORING_TICKET_WB,STAGING.dtsx,2026-09-01 20:00:10.2416901 +07:00,2026-09-01 20:01:47.1572385 +07:00,7,62088AC8-D634-4732-B90F-19CFBDE2CD4E,AI Grading,2,Fact,SSIS,2026-09-01 12:25:08.000,2026-09-01 13:27:41.000,1,Succeeded,1105278,"/ISSERVER ""\""\SSISDB\Project_Fact\DWH_GRADING_TBS\Fact.dtsx\"""" /SERVER ""\"".\"""" /Par ""\""$ServerOption::LOGGING_LEVEL(Int16)\"""";1 /Par ""\""$ServerOption::SYNCHRONIZED(Boolean)\"""";True /CALLERINFO SQLAGENT /REPORTING E",TIME_OVERLAP_ONLY
1240462,Project_Fact,MONITORING_TICKET_WB,STAGING.dtsx,2026-09-01 20:00:10.2416901 +07:00,2026-09-01 20:01:47.1572385 +07:00,7,34DE8AEE-46BD-45E9-B0B2-D068006FBBF5,Premi dan Lembur,2,SSAS Process,ANALYSISQUERY,2026-09-01 12:55:24.000,2026-09-01 13:04:43.000,1,Succeeded,1105268,"{   ""refresh"": {     ""type"": ""full"",     ""objects"": [       {         ""database"": ""premi dan lembur monitoring""       }     ]   } }",TIME_OVERLAP_ONLY
1240462,Project_Fact,MONITORING_TICKET_WB,STAGING.dtsx,2026-09-01 20:00:10.2416901 +07:00,2026-09-01 20:01:47.1572385 +07:00,7,5ECE39E8-D47A-4559-A8E7-5766D4B949E0,SPARTA FACT 4T,4,Fact Sparta LHA,SSIS,2026-09-01 12:24:01.000,2026-09-01 13:05:48.000,1,Succeeded,1105271,"/ISSERVER ""\""\SSISDB\Project_Fact\SPARTA_PROJECT\FACT_SPARTA_LHA_NEW.dtsx\"""" /SERVER ""\"".\"""" /Par ""\""$ServerOption::LOGGING_LEVEL(Int16)\"""";1 /Par ""\""$ServerOption::SYNCHRONIZED(Boolean)\"""";True /CALLERINFO SQLAGENT /REPORTING E",TIME_OVERLAP_ONLY
1240463,Sequence_Table,Sequence_Table,Seq_Staging_WB.dtsx,2026-09-01 20:01:00.2125523 +07:00,2026-09-01 20:01:04.3507858 +07:00,7,62088AC8-D634-4732-B90F-19CFBDE2CD4E,AI Grading,2,Fact,SSIS,2026-09-01 12:25:08.000,2026-09-01 13:27:41.000,1,Succeeded,1105278,"/ISSERVER ""\""\SSISDB\Project_Fact\DWH_GRADING_TBS\Fact.dtsx\"""" /SERVER ""\"".\"""" /Par ""\""$ServerOption::LOGGING_LEVEL(Int16)\"""";1 /Par ""\""$ServerOption::SYNCHRONIZED(Boolean)\"""";True /CALLERINFO SQLAGENT /REPORTING E",TIME_OVERLAP_ONLY
1240463,Sequence_Table,Sequence_Table,Seq_Staging_WB.dtsx,2026-09-01 20:01:00.2125523 +07:00,2026-09-01 20:01:04.3507858 +07:00,7,AFFCF0E6-37CA-42D7-8165-CB6EBE2EDB7E,Controllable Profit,4,STG to DWH,SSIS,2026-09-01 13:00:23.000,2026-09-01 14:01:40.000,1,Succeeded,1105289,"/ISSERVER ""\""\SSISDB\Controllable Profit\ControllableProfit\STG to DWH.dtsx\"""" /SERVER ""\""BGASVR-DWH-DEV\"""" /Par ""\""$ServerOption::LOGGING_LEVEL(Int16)\"""";1 /Par ""\""$ServerOption::SYNCHRONIZED(Boolean)\"""";True /CALLERINFO SQLAGENT /REPORTING E",TIME_OVERLAP_ONLY
1240463,Sequence_Table,Sequence_Table,Seq_Staging_WB.dtsx,2026-09-01 20:01:00.2125523 +07:00,2026-09-01 20:01:04.3507858 +07:00,7,34DE8AEE-46BD-45E9-B0B2-D068006FBBF5,Premi dan Lembur,2,SSAS Process,ANALYSISQUERY,2026-09-01 12:55:24.000,2026-09-01 13:04:43.000,1,Succeeded,1105268,"{   ""refresh"": {     ""type"": ""full"",     ""objects"": [       {         ""database"": ""premi dan lembur monitoring""       }     ]   } }",TIME_OVERLAP_ONLY
1240463,Sequence_Table,Sequence_Table,Seq_Staging_WB.dtsx,2026-09-01 20:01:00.2125523 +07:00,2026-09-01 20:01:04.3507858 +07:00,7,DE99768D-2EE9-43B7-999B-94D63699444F,SPARTA FACT,6,Fact Sparta Dashboard Risk Mitigasi,SSIS,2026-09-01 13:00:46.000,2026-09-01 13:05:03.000,1,Succeeded,1105270,"/ISSERVER ""\""\SSISDB\Project_Fact\Risk Mitigasi Payroll\STG to DWH.dtsx\"""" /SERVER ""\"".\"""" /Par ""\""$ServerOption::LOGGING_LEVEL(Int16)\"""";1 /Par ""\""$ServerOption::SYNCHRONIZED(Boolean)\"""";True /CALLERINFO SQLAGENT /REPORTING E",TIME_OVERLAP_ONLY
1240463,Sequence_Table,Sequence_Table,Seq_Staging_WB.dtsx,2026-09-01 20:01:00.2125523 +07:00,2026-09-01 20:01:04.3507858 +07:00,7,5ECE39E8-D47A-4559-A8E7-5766D4B949E0,SPARTA FACT 4T,4,Fact Sparta LHA,SSIS,2026-09-01 12:24:01.000,2026-09-01 13:05:48.000,1,Succeeded,1105271,"/ISSERVER ""\""\SSISDB\Project_Fact\SPARTA_PROJECT\FACT_SPARTA_LHA_NEW.dtsx\"""" /SERVER ""\"".\"""" /Par ""\""$ServerOption::LOGGING_LEVEL(Int16)\"""";1 /Par ""\""$ServerOption::SYNCHRONIZED(Boolean)\"""";True /CALLERINFO SQLAGENT /REPORTING E",TIME_OVERLAP_ONLY
1240464,Project_Fact,MONITORING_TICKET_WB,FACT.dtsx,2026-09-01 20:01:50.9794575 +07:00,2026-09-01 20:02:03.8891969 +07:00,7,AFFCF0E6-37CA-42D7-8165-CB6EBE2EDB7E,Controllable Profit,4,STG to DWH,SSIS,2026-09-01 13:00:23.000,2026-09-01 14:01:40.000,1,Succeeded,1105289,"/ISSERVER ""\""\SSISDB\Controllable Profit\ControllableProfit\STG to DWH.dtsx\"""" /SERVER ""\""BGASVR-DWH-DEV\"""" /Par ""\""$ServerOption::LOGGING_LEVEL(Int16)\"""";1 /Par ""\""$ServerOption::SYNCHRONIZED(Boolean)\"""";True /CALLERINFO SQLAGENT /REPORTING E",TIME_OVERLAP_ONLY
1240464,Project_Fact,MONITORING_TICKET_WB,FACT.dtsx,2026-09-01 20:01:50.9794575 +07:00,2026-09-01 20:02:03.8891969 +07:00,7,34DE8AEE-46BD-45E9-B0B2-D068006FBBF5,Premi dan Lembur,2,SSAS Process,ANALYSISQUERY,2026-09-01 12:55:24.000,2026-09-01 13:04:43.000,1,Succeeded,1105268,"{   ""refresh"": {     ""type"": ""full"",     ""objects"": [       {         ""database"": ""premi dan lembur monitoring""       }     ]   } }",TIME_OVERLAP_ONLY
1240464,Project_Fact,MONITORING_TICKET_WB,FACT.dtsx,2026-09-01 20:01:50.9794575 +07:00,2026-09-01 20:02:03.8891969 +07:00,7,DE99768D-2EE9-43B7-999B-94D63699444F,SPARTA FACT,6,Fact Sparta Dashboard Risk Mitigasi,SSIS,2026-09-01 13:00:46.000,2026-09-01 13:05:03.000,1,Succeeded,1105270,"/ISSERVER ""\""\SSISDB\Project_Fact\Risk Mitigasi Payroll\STG to DWH.dtsx\"""" /SERVER ""\"".\"""" /Par ""\""$ServerOption::LOGGING_LEVEL(Int16)\"""";1 /Par ""\""$ServerOption::SYNCHRONIZED(Boolean)\"""";True /CALLERINFO SQLAGENT /REPORTING E",TIME_OVERLAP_ONLY
1240464,Project_Fact,MONITORING_TICKET_WB,FACT.dtsx,2026-09-01 20:01:50.9794575 +07:00,2026-09-01 20:02:03.8891969 +07:00,7,5ECE39E8-D47A-4559-A8E7-5766D4B949E0,SPARTA FACT 4T,4,Fact Sparta LHA,SSIS,2026-09-01 12:24:01.000,2026-09-01 13:05:48.000,1,Succeeded,1105271,"/ISSERVER ""\""\SSISDB\Project_Fact\SPARTA_PROJECT\FACT_SPARTA_LHA_NEW.dtsx\"""" /SERVER ""\"".\"""" /Par ""\""$ServerOption::LOGGING_LEVEL(Int16)\"""";1 /Par ""\""$ServerOption::SYNCHRONIZED(Boolean)\"""";True /CALLERINFO SQLAGENT /REPORTING E",TIME_OVERLAP_ONLY
1240464,Project_Fact,MONITORING_TICKET_WB,FACT.dtsx,2026-09-01 20:01:50.9794575 +07:00,2026-09-01 20:02:03.8891969 +07:00,7,62088AC8-D634-4732-B90F-19CFBDE2CD4E,AI Grading,2,Fact,SSIS,2026-09-01 12:25:08.000,2026-09-01 13:27:41.000,1,Succeeded,1105278,"/ISSERVER ""\""\SSISDB\Project_Fact\DWH_GRADING_TBS\Fact.dtsx\"""" /SERVER ""\"".\"""" /Par ""\""$ServerOption::LOGGING_LEVEL(Int16)\"""";1 /Par ""\""$ServerOption::SYNCHRONIZED(Boolean)\"""";True /CALLERINFO SQLAGENT /REPORTING E",STRONG_NAME_OR_COMMAND_MATCH
1240465,Project_Fact,AWL,Staging.dtsx,2026-09-01 20:05:00.2192941 +07:00,2026-09-01 20:10:08.8459704 +07:00,7,62088AC8-D634-4732-B90F-19CFBDE2CD4E,AI Grading,2,Fact,SSIS,2026-09-01 12:25:08.000,2026-09-01 13:27:41.000,1,Succeeded,1105278,"/ISSERVER ""\""\SSISDB\Project_Fact\DWH_GRADING_TBS\Fact.dtsx\"""" /SERVER ""\"".\"""" /Par ""\""$ServerOption::LOGGING_LEVEL(Int16)\"""";1 /Par ""\""$ServerOption::SYNCHRONIZED(Boolean)\"""";True /CALLERINFO SQLAGENT /REPORTING E",TIME_OVERLAP_ONLY
1240465,Project_Fact,AWL,Staging.dtsx,2026-09-01 20:05:00.2192941 +07:00,2026-09-01 20:10:08.8459704 +07:00,7,AFFCF0E6-37CA-42D7-8165-CB6EBE2EDB7E,Controllable Profit,4,STG to DWH,SSIS,2026-09-01 13:00:23.000,2026-09-01 14:01:40.000,1,Succeeded,1105289,"/ISSERVER ""\""\SSISDB\Controllable Profit\ControllableProfit\STG to DWH.dtsx\"""" /SERVER ""\""BGASVR-DWH-DEV\"""" /Par ""\""$ServerOption::LOGGING_LEVEL(Int16)\"""";1 /Par ""\""$ServerOption::SYNCHRONIZED(Boolean)\"""";True /CALLERINFO SQLAGENT /REPORTING E",TIME_OVERLAP_ONLY
1240466,Project_Fact,AWL,Fact.dtsx,2026-09-01 20:10:09.7210197 +07:00,2026-09-01 20:10:12.2501637 +07:00,7,AFFCF0E6-37CA-42D7-8165-CB6EBE2EDB7E,Controllable Profit,4,STG to DWH,SSIS,2026-09-01 13:00:23.000,2026-09-01 14:01:40.000,1,Succeeded,1105289,"/ISSERVER ""\""\SSISDB\Controllable Profit\ControllableProfit\STG to DWH.dtsx\"""" /SERVER ""\""BGASVR-DWH-DEV\"""" /Par ""\""$ServerOption::LOGGING_LEVEL(Int16)\"""";1 /Par ""\""$ServerOption::SYNCHRONIZED(Boolean)\"""";True /CALLERINFO SQLAGENT /REPORTING E",TIME_OVERLAP_ONLY
1240466,Project_Fact,AWL,Fact.dtsx,2026-09-01 20:10:09.7210197 +07:00,2026-09-01 20:10:12.2501637 +07:00,7,DE99768D-2EE9-43B7-999B-94D63699444F,SPARTA FACT,7,SSAS Lembur Mill,ANALYSISQUERY,2026-09-01 13:05:03.000,2026-09-01 13:37:28.000,1,Succeeded,1105281,"{   ""refresh"": {     ""type"": ""full"",     ""objects"": [       {         ""database"": ""LemburMill""       }     ]   } }",TIME_OVERLAP_ONLY
1240466,Project_Fact,AWL,Fact.dtsx,2026-09-01 20:10:09.7210197 +07:00,2026-09-01 20:10:12.2501637 +07:00,7,5ECE39E8-D47A-4559-A8E7-5766D4B949E0,SPARTA FACT 4T,7,Fact Sparta Fisik Premi,SSIS,2026-09-01 13:07:15.000,2026-09-01 13:28:48.000,1,Succeeded,1105280,"/ISSERVER ""\""\SSISDB\Project_Fact\SPARTA_PROJECT\FACT_SPARTA_FISIK_PREMI.dtsx\"""" /SERVER ""\"".\"""" /Par ""\""$ServerOption::LOGGING_LEVEL(Int16)\"""";1 /Par ""\""$ServerOption::SYNCHRONIZED(Boolean)\"""";True /CALLERINFO SQLAGENT /REPORTING E",TIME_OVERLAP_ONLY
1240466,Project_Fact,AWL,Fact.dtsx,2026-09-01 20:10:09.7210197 +07:00,2026-09-01 20:10:12.2501637 +07:00,7,62088AC8-D634-4732-B90F-19CFBDE2CD4E,AI Grading,2,Fact,SSIS,2026-09-01 12:25:08.000,2026-09-01 13:27:41.000,1,Succeeded,1105278,"/ISSERVER ""\""\SSISDB\Project_Fact\DWH_GRADING_TBS\Fact.dtsx\"""" /SERVER ""\"".\"""" /Par ""\""$ServerOption::LOGGING_LEVEL(Int16)\"""";1 /Par ""\""$ServerOption::SYNCHRONIZED(Boolean)\"""";True /CALLERINFO SQLAGENT /REPORTING E",STRONG_NAME_OR_COMMAND_MATCH
1240466,Project_Fact,AWL,Fact.dtsx,2026-09-01 20:10:09.7210197 +07:00,2026-09-01 20:10:12.2501637 +07:00,7,1225ADC7-FF0D-402D-BAEA-A97F7FC50CB1,AWL,2,Fact,SSIS,2026-09-01 13:09:01.000,2026-09-01 13:10:22.000,1,Succeeded,1105275,"/ISSERVER ""\""\SSISDB\Project_Fact\AWL\Fact.dtsx\"""" /SERVER ""\"".\"""" /Par ""\""$ServerOption::LOGGING_LEVEL(Int16)\"""";1 /Par ""\""$ServerOption::SYNCHRONIZED(Boolean)\"""";True /CALLERINFO SQLAGENT /REPORTING E",STRONG_NAME_OR_COMMAND_MATCH
1240467,Project_Fact,AWL,AWL_Warning.dtsx,2026-09-01 20:10:13.1972255 +07:00,2026-09-01 20:10:14.6042986 +07:00,7,62088AC8-D634-4732-B90F-19CFBDE2CD4E,AI Grading,2,Fact,SSIS,2026-09-01 12:25:08.000,2026-09-01 13:27:41.000,1,Succeeded,1105278,"/ISSERVER ""\""\SSISDB\Project_Fact\DWH_GRADING_TBS\Fact.dtsx\"""" /SERVER ""\"".\"""" /Par ""\""$ServerOption::LOGGING_LEVEL(Int16)\"""";1 /Par ""\""$ServerOption::SYNCHRONIZED(Boolean)\"""";True /CALLERINFO SQLAGENT /REPORTING E",TIME_OVERLAP_ONLY
1240467,Project_Fact,AWL,AWL_Warning.dtsx,2026-09-01 20:10:13.1972255 +07:00,2026-09-01 20:10:14.6042986 +07:00,7,1225ADC7-FF0D-402D-BAEA-A97F7FC50CB1,AWL,2,Fact,SSIS,2026-09-01 13:09:01.000,2026-09-01 13:10:22.000,1,Succeeded,1105275,"/ISSERVER ""\""\SSISDB\Project_Fact\AWL\Fact.dtsx\"""" /SERVER ""\"".\"""" /Par ""\""$ServerOption::LOGGING_LEVEL(Int16)\"""";1 /Par ""\""$ServerOption::SYNCHRONIZED(Boolean)\"""";True /CALLERINFO SQLAGENT /REPORTING E",TIME_OVERLAP_ONLY
1240467,Project_Fact,AWL,AWL_Warning.dtsx,2026-09-01 20:10:13.1972255 +07:00,2026-09-01 20:10:14.6042986 +07:00,7,AFFCF0E6-37CA-42D7-8165-CB6EBE2EDB7E,Controllable Profit,4,STG to DWH,SSIS,2026-09-01 13:00:23.000,2026-09-01 14:01:40.000,1,Succeeded,1105289,"/ISSERVER ""\""\SSISDB\Controllable Profit\ControllableProfit\STG to DWH.dtsx\"""" /SERVER ""\""BGASVR-DWH-DEV\"""" /Par ""\""$ServerOption::LOGGING_LEVEL(Int16)\"""";1 /Par ""\""$ServerOption::SYNCHRONIZED(Boolean)\"""";True /CALLERINFO SQLAGENT /REPORTING E",TIME_OVERLAP_ONLY
1240467,Project_Fact,AWL,AWL_Warning.dtsx,2026-09-01 20:10:13.1972255 +07:00,2026-09-01 20:10:14.6042986 +07:00,7,DE99768D-2EE9-43B7-999B-94D63699444F,SPARTA FACT,7,SSAS Lembur Mill,ANALYSISQUERY,2026-09-01 13:05:03.000,2026-09-01 13:37:28.000,1,Succeeded,1105281,"{   ""refresh"": {     ""type"": ""full"",     ""objects"": [       {         ""database"": ""LemburMill""       }     ]   } }",TIME_OVERLAP_ONLY
1240467,Project_Fact,AWL,AWL_Warning.dtsx,2026-09-01 20:10:13.1972255 +07:00,2026-09-01 20:10:14.6042986 +07:00,7,5ECE39E8-D47A-4559-A8E7-5766D4B949E0,SPARTA FACT 4T,7,Fact Sparta Fisik Premi,SSIS,2026-09-01 13:07:15.000,2026-09-01 13:28:48.000,1,Succeeded,1105280,"/ISSERVER ""\""\SSISDB\Project_Fact\SPARTA_PROJECT\FACT_SPARTA_FISIK_PREMI.dtsx\"""" /SERVER ""\"".\"""" /Par ""\""$ServerOption::LOGGING_LEVEL(Int16)\"""";1 /Par ""\""$ServerOption::SYNCHRONIZED(Boolean)\"""";True /CALLERINFO SQLAGENT /REPORTING E",TIME_OVERLAP_ONLY
1240468,Sequence_Table,Sequence_Table,Seq_BSIS_BSAS.dtsx,2026-09-01 20:30:00.3232010 +07:00,2026-09-01 20:32:41.1084084 +07:00,7,AFFCF0E6-37CA-42D7-8165-CB6EBE2EDB7E,Controllable Profit,4,STG to DWH,SSIS,2026-09-01 13:00:23.000,2026-09-01 14:01:40.000,1,Succeeded,1105289,"/ISSERVER ""\""\SSISDB\Controllable Profit\ControllableProfit\STG to DWH.dtsx\"""" /SERVER ""\""BGASVR-DWH-DEV\"""" /Par ""\""$ServerOption::LOGGING_LEVEL(Int16)\"""";1 /Par ""\""$ServerOption::SYNCHRONIZED(Boolean)\"""";True /CALLERINFO SQLAGENT /REPORTING E",TIME_OVERLAP_ONLY
1240468,Sequence_Table,Sequence_Table,Seq_BSIS_BSAS.dtsx,2026-09-01 20:30:00.3232010 +07:00,2026-09-01 20:32:41.1084084 +07:00,7,DE99768D-2EE9-43B7-999B-94D63699444F,SPARTA FACT,7,SSAS Lembur Mill,ANALYSISQUERY,2026-09-01 13:05:03.000,2026-09-01 13:37:28.000,1,Succeeded,1105281,"{   ""refresh"": {     ""type"": ""full"",     ""objects"": [       {         ""database"": ""LemburMill""       }     ]   } }",TIME_OVERLAP_ONLY
1240468,Sequence_Table,Sequence_Table,Seq_BSIS_BSAS.dtsx,2026-09-01 20:30:00.3232010 +07:00,2026-09-01 20:32:41.1084084 +07:00,7,5ECE39E8-D47A-4559-A8E7-5766D4B949E0,SPARTA FACT 4T,8,Fact Sparta Rekap LHM,SSIS,2026-09-01 13:28:48.000,2026-09-01 13:43:30.000,1,Succeeded,1105283,"/ISSERVER ""\""\SSISDB\Project_Fact\DWH_LHM\Fact Rekap.dtsx\"""" /SERVER ""\"".\"""" /Par ""\""$ServerOption::LOGGING_LEVEL(Int16)\"""";1 /Par ""\""$ServerOption::SYNCHRONIZED(Boolean)\"""";True /CALLERINFO SQLAGENT /REPORTING E",TIME_OVERLAP_ONLY
1240469,Sequence_Table,Sequence_Table,Seq_Staging_SAP_EHP8_BSIS_BSAS.dtsx,2026-09-01 20:32:41.9814591 +07:00,2026-09-01 20:32:52.6130688 +07:00,7,AFFCF0E6-37CA-42D7-8165-CB6EBE2EDB7E,Controllable Profit,4,STG to DWH,SSIS,2026-09-01 13:00:23.000,2026-09-01 14:01:40.000,1,Succeeded,1105289,"/ISSERVER ""\""\SSISDB\Controllable Profit\ControllableProfit\STG to DWH.dtsx\"""" /SERVER ""\""BGASVR-DWH-DEV\"""" /Par ""\""$ServerOption::LOGGING_LEVEL(Int16)\"""";1 /Par ""\""$ServerOption::SYNCHRONIZED(Boolean)\"""";True /CALLERINFO SQLAGENT /REPORTING E",TIME_OVERLAP_ONLY
1240469,Sequence_Table,Sequence_Table,Seq_Staging_SAP_EHP8_BSIS_BSAS.dtsx,2026-09-01 20:32:41.9814591 +07:00,2026-09-01 20:32:52.6130688 +07:00,7,DE99768D-2EE9-43B7-999B-94D63699444F,SPARTA FACT,7,SSAS Lembur Mill,ANALYSISQUERY,2026-09-01 13:05:03.000,2026-09-01 13:37:28.000,1,Succeeded,1105281,"{   ""refresh"": {     ""type"": ""full"",     ""objects"": [       {         ""database"": ""LemburMill""       }     ]   } }",TIME_OVERLAP_ONLY
1240469,Sequence_Table,Sequence_Table,Seq_Staging_SAP_EHP8_BSIS_BSAS.dtsx,2026-09-01 20:32:41.9814591 +07:00,2026-09-01 20:32:52.6130688 +07:00,7,5ECE39E8-D47A-4559-A8E7-5766D4B949E0,SPARTA FACT 4T,8,Fact Sparta Rekap LHM,SSIS,2026-09-01 13:28:48.000,2026-09-01 13:43:30.000,1,Succeeded,1105283,"/ISSERVER ""\""\SSISDB\Project_Fact\DWH_LHM\Fact Rekap.dtsx\"""" /SERVER ""\"".\"""" /Par ""\""$ServerOption::LOGGING_LEVEL(Int16)\"""";1 /Par ""\""$ServerOption::SYNCHRONIZED(Boolean)\"""";True /CALLERINFO SQLAGENT /REPORTING E",TIME_OVERLAP_ONLY
1240470,Sequence_Table,Sequence_Table,Seq_BSIK_BSAK.dtsx,2026-09-01 20:32:55.0702053 +07:00,2026-09-01 20:33:29.6311865 +07:00,7,AFFCF0E6-37CA-42D7-8165-CB6EBE2EDB7E,Controllable Profit,4,STG to DWH,SSIS,2026-09-01 13:00:23.000,2026-09-01 14:01:40.000,1,Succeeded,1105289,"/ISSERVER ""\""\SSISDB\Controllable Profit\ControllableProfit\STG to DWH.dtsx\"""" /SERVER ""\""BGASVR-DWH-DEV\"""" /Par ""\""$ServerOption::LOGGING_LEVEL(Int16)\"""";1 /Par ""\""$ServerOption::SYNCHRONIZED(Boolean)\"""";True /CALLERINFO SQLAGENT /REPORTING E",TIME_OVERLAP_ONLY
1240470,Sequence_Table,Sequence_Table,Seq_BSIK_BSAK.dtsx,2026-09-01 20:32:55.0702053 +07:00,2026-09-01 20:33:29.6311865 +07:00,7,DE99768D-2EE9-43B7-999B-94D63699444F,SPARTA FACT,7,SSAS Lembur Mill,ANALYSISQUERY,2026-09-01 13:05:03.000,2026-09-01 13:37:28.000,1,Succeeded,1105281,"{   ""refresh"": {     ""type"": ""full"",     ""objects"": [       {         ""database"": ""LemburMill""       }     ]   } }",TIME_OVERLAP_ONLY
1240470,Sequence_Table,Sequence_Table,Seq_BSIK_BSAK.dtsx,2026-09-01 20:32:55.0702053 +07:00,2026-09-01 20:33:29.6311865 +07:00,7,5ECE39E8-D47A-4559-A8E7-5766D4B949E0,SPARTA FACT 4T,8,Fact Sparta Rekap LHM,SSIS,2026-09-01 13:28:48.000,2026-09-01 13:43:30.000,1,Succeeded,1105283,"/ISSERVER ""\""\SSISDB\Project_Fact\DWH_LHM\Fact Rekap.dtsx\"""" /SERVER ""\"".\"""" /Par ""\""$ServerOption::LOGGING_LEVEL(Int16)\"""";1 /Par ""\""$ServerOption::SYNCHRONIZED(Boolean)\"""";True /CALLERINFO SQLAGENT /REPORTING E",TIME_OVERLAP_ONLY
1240471,Sequence_Table,Sequence_Table,Seq_Staging_SAP_EHP8_BSIK_BSAK.dtsx,2026-09-01 20:33:32.2643379 +07:00,2026-09-01 20:33:36.6985922 +07:00,7,AFFCF0E6-37CA-42D7-8165-CB6EBE2EDB7E,Controllable Profit,4,STG to DWH,SSIS,2026-09-01 13:00:23.000,2026-09-01 14:01:40.000,1,Succeeded,1105289,"/ISSERVER ""\""\SSISDB\Controllable Profit\ControllableProfit\STG to DWH.dtsx\"""" /SERVER ""\""BGASVR-DWH-DEV\"""" /Par ""\""$ServerOption::LOGGING_LEVEL(Int16)\"""";1 /Par ""\""$ServerOption::SYNCHRONIZED(Boolean)\"""";True /CALLERINFO SQLAGENT /REPORTING E",TIME_OVERLAP_ONLY
1240471,Sequence_Table,Sequence_Table,Seq_Staging_SAP_EHP8_BSIK_BSAK.dtsx,2026-09-01 20:33:32.2643379 +07:00,2026-09-01 20:33:36.6985922 +07:00,7,DE99768D-2EE9-43B7-999B-94D63699444F,SPARTA FACT,7,SSAS Lembur Mill,ANALYSISQUERY,2026-09-01 13:05:03.000,2026-09-01 13:37:28.000,1,Succeeded,1105281,"{   ""refresh"": {     ""type"": ""full"",     ""objects"": [       {         ""database"": ""LemburMill""       }     ]   } }",TIME_OVERLAP_ONLY
1240471,Sequence_Table,Sequence_Table,Seq_Staging_SAP_EHP8_BSIK_BSAK.dtsx,2026-09-01 20:33:32.2643379 +07:00,2026-09-01 20:33:36.6985922 +07:00,7,5ECE39E8-D47A-4559-A8E7-5766D4B949E0,SPARTA FACT 4T,8,Fact Sparta Rekap LHM,SSIS,2026-09-01 13:28:48.000,2026-09-01 13:43:30.000,1,Succeeded,1105283,"/ISSERVER ""\""\SSISDB\Project_Fact\DWH_LHM\Fact Rekap.dtsx\"""" /SERVER ""\"".\"""" /Par ""\""$ServerOption::LOGGING_LEVEL(Int16)\"""";1 /Par ""\""$ServerOption::SYNCHRONIZED(Boolean)\"""";True /CALLERINFO SQLAGENT /REPORTING E",TIME_OVERLAP_ONLY
1240472,Sequence_Table,Sequence_Table,Seq_BSID_BSAD.dtsx,2026-09-01 20:33:39.3627442 +07:00,2026-09-01 20:34:17.8279470 +07:00,7,AFFCF0E6-37CA-42D7-8165-CB6EBE2EDB7E,Controllable Profit,4,STG to DWH,SSIS,2026-09-01 13:00:23.000,2026-09-01 14:01:40.000,1,Succeeded,1105289,"/ISSERVER ""\""\SSISDB\Controllable Profit\ControllableProfit\STG to DWH.dtsx\"""" /SERVER ""\""BGASVR-DWH-DEV\"""" /Par ""\""$ServerOption::LOGGING_LEVEL(Int16)\"""";1 /Par ""\""$ServerOption::SYNCHRONIZED(Boolean)\"""";True /CALLERINFO SQLAGENT /REPORTING E",TIME_OVERLAP_ONLY
1240472,Sequence_Table,Sequence_Table,Seq_BSID_BSAD.dtsx,2026-09-01 20:33:39.3627442 +07:00,2026-09-01 20:34:17.8279470 +07:00,7,DE99768D-2EE9-43B7-999B-94D63699444F,SPARTA FACT,7,SSAS Lembur Mill,ANALYSISQUERY,2026-09-01 13:05:03.000,2026-09-01 13:37:28.000,1,Succeeded,1105281,"{   ""refresh"": {     ""type"": ""full"",     ""objects"": [       {         ""database"": ""LemburMill""       }     ]   } }",TIME_OVERLAP_ONLY
1240472,Sequence_Table,Sequence_Table,Seq_BSID_BSAD.dtsx,2026-09-01 20:33:39.3627442 +07:00,2026-09-01 20:34:17.8279470 +07:00,7,5ECE39E8-D47A-4559-A8E7-5766D4B949E0,SPARTA FACT 4T,8,Fact Sparta Rekap LHM,SSIS,2026-09-01 13:28:48.000,2026-09-01 13:43:30.000,1,Succeeded,1105283,"/ISSERVER ""\""\SSISDB\Project_Fact\DWH_LHM\Fact Rekap.dtsx\"""" /SERVER ""\"".\"""" /Par ""\""$ServerOption::LOGGING_LEVEL(Int16)\"""";1 /Par ""\""$ServerOption::SYNCHRONIZED(Boolean)\"""";True /CALLERINFO SQLAGENT /REPORTING E",TIME_OVERLAP_ONLY
1240473,Sequence_Table,Sequence_Table,Seq_Staging_SAP_EHP8_BSID_BSAD.dtsx,2026-09-01 20:34:21.3741475 +07:00,2026-09-01 20:34:26.7604577 +07:00,7,AFFCF0E6-37CA-42D7-8165-CB6EBE2EDB7E,Controllable Profit,4,STG to DWH,SSIS,2026-09-01 13:00:23.000,2026-09-01 14:01:40.000,1,Succeeded,1105289,"/ISSERVER ""\""\SSISDB\Controllable Profit\ControllableProfit\STG to DWH.dtsx\"""" /SERVER ""\""BGASVR-DWH-DEV\"""" /Par ""\""$ServerOption::LOGGING_LEVEL(Int16)\"""";1 /Par ""\""$ServerOption::SYNCHRONIZED(Boolean)\"""";True /CALLERINFO SQLAGENT /REPORTING E",TIME_OVERLAP_ONLY
1240473,Sequence_Table,Sequence_Table,Seq_Staging_SAP_EHP8_BSID_BSAD.dtsx,2026-09-01 20:34:21.3741475 +07:00,2026-09-01 20:34:26.7604577 +07:00,7,DE99768D-2EE9-43B7-999B-94D63699444F,SPARTA FACT,7,SSAS Lembur Mill,ANALYSISQUERY,2026-09-01 13:05:03.000,2026-09-01 13:37:28.000,1,Succeeded,1105281,"{   ""refresh"": {     ""type"": ""full"",     ""objects"": [       {         ""database"": ""LemburMill""       }     ]   } }",TIME_OVERLAP_ONLY
1240473,Sequence_Table,Sequence_Table,Seq_Staging_SAP_EHP8_BSID_BSAD.dtsx,2026-09-01 20:34:21.3741475 +07:00,2026-09-01 20:34:26.7604577 +07:00,7,5ECE39E8-D47A-4559-A8E7-5766D4B949E0,SPARTA FACT 4T,8,Fact Sparta Rekap LHM,SSIS,2026-09-01 13:28:48.000,2026-09-01 13:43:30.000,1,Succeeded,1105283,"/ISSERVER ""\""\SSISDB\Project_Fact\DWH_LHM\Fact Rekap.dtsx\"""" /SERVER ""\"".\"""" /Par ""\""$ServerOption::LOGGING_LEVEL(Int16)\"""";1 /Par ""\""$ServerOption::SYNCHRONIZED(Boolean)\"""";True /CALLERINFO SQLAGENT /REPORTING E",TIME_OVERLAP_ONLY
1240474,Sequence_Table,Sequence_Table,Seq_BKPF.dtsx,2026-09-01 20:34:29.5656194 +07:00,2026-09-01 20:37:27.6158150 +07:00,7,AFFCF0E6-37CA-42D7-8165-CB6EBE2EDB7E,Controllable Profit,4,STG to DWH,SSIS,2026-09-01 13:00:23.000,2026-09-01 14:01:40.000,1,Succeeded,1105289,"/ISSERVER ""\""\SSISDB\Controllable Profit\ControllableProfit\STG to DWH.dtsx\"""" /SERVER ""\""BGASVR-DWH-DEV\"""" /Par ""\""$ServerOption::LOGGING_LEVEL(Int16)\"""";1 /Par ""\""$ServerOption::SYNCHRONIZED(Boolean)\"""";True /CALLERINFO SQLAGENT /REPORTING E",TIME_OVERLAP_ONLY
1240474,Sequence_Table,Sequence_Table,Seq_BKPF.dtsx,2026-09-01 20:34:29.5656194 +07:00,2026-09-01 20:37:27.6158150 +07:00,7,DE99768D-2EE9-43B7-999B-94D63699444F,SPARTA FACT,7,SSAS Lembur Mill,ANALYSISQUERY,2026-09-01 13:05:03.000,2026-09-01 13:37:28.000,1,Succeeded,1105281,"{   ""refresh"": {     ""type"": ""full"",     ""objects"": [       {         ""database"": ""LemburMill""       }     ]   } }",TIME_OVERLAP_ONLY
1240474,Sequence_Table,Sequence_Table,Seq_BKPF.dtsx,2026-09-01 20:34:29.5656194 +07:00,2026-09-01 20:37:27.6158150 +07:00,7,5ECE39E8-D47A-4559-A8E7-5766D4B949E0,SPARTA FACT 4T,8,Fact Sparta Rekap LHM,SSIS,2026-09-01 13:28:48.000,2026-09-01 13:43:30.000,1,Succeeded,1105283,"/ISSERVER ""\""\SSISDB\Project_Fact\DWH_LHM\Fact Rekap.dtsx\"""" /SERVER ""\"".\"""" /Par ""\""$ServerOption::LOGGING_LEVEL(Int16)\"""";1 /Par ""\""$ServerOption::SYNCHRONIZED(Boolean)\"""";True /CALLERINFO SQLAGENT /REPORTING E",TIME_OVERLAP_ONLY
1240475,Sequence_Table,Sequence_Table,Seq_Staging_SAP_EHP8_BKPF.dtsx,2026-09-01 20:37:30.1819628 +07:00,2026-09-01 20:38:02.7488273 +07:00,7,AFFCF0E6-37CA-42D7-8165-CB6EBE2EDB7E,Controllable Profit,4,STG to DWH,SSIS,2026-09-01 13:00:23.000,2026-09-01 14:01:40.000,1,Succeeded,1105289,"/ISSERVER ""\""\SSISDB\Controllable Profit\ControllableProfit\STG to DWH.dtsx\"""" /SERVER ""\""BGASVR-DWH-DEV\"""" /Par ""\""$ServerOption::LOGGING_LEVEL(Int16)\"""";1 /Par ""\""$ServerOption::SYNCHRONIZED(Boolean)\"""";True /CALLERINFO SQLAGENT /REPORTING E",TIME_OVERLAP_ONLY
1240475,Sequence_Table,Sequence_Table,Seq_Staging_SAP_EHP8_BKPF.dtsx,2026-09-01 20:37:30.1819628 +07:00,2026-09-01 20:38:02.7488273 +07:00,7,DE99768D-2EE9-43B7-999B-94D63699444F,SPARTA FACT,8,SSAS Dashboard Upah ACT vs BGT,ANALYSISQUERY,2026-09-01 13:37:28.000,2026-09-01 13:38:21.000,1,Succeeded,1105282,"{   ""refresh"": {     ""type"": ""full"",     ""objects"": [       {         ""database"": ""Actual vs Anggaran""       }     ]   } }",TIME_OVERLAP_ONLY
1240475,Sequence_Table,Sequence_Table,Seq_Staging_SAP_EHP8_BKPF.dtsx,2026-09-01 20:37:30.1819628 +07:00,2026-09-01 20:38:02.7488273 +07:00,7,5ECE39E8-D47A-4559-A8E7-5766D4B949E0,SPARTA FACT 4T,8,Fact Sparta Rekap LHM,SSIS,2026-09-01 13:28:48.000,2026-09-01 13:43:30.000,1,Succeeded,1105283,"/ISSERVER ""\""\SSISDB\Project_Fact\DWH_LHM\Fact Rekap.dtsx\"""" /SERVER ""\"".\"""" /Par ""\""$ServerOption::LOGGING_LEVEL(Int16)\"""";1 /Par ""\""$ServerOption::SYNCHRONIZED(Boolean)\"""";True /CALLERINFO SQLAGENT /REPORTING E",TIME_OVERLAP_ONLY
1240476,Project_Fact,AWL,Staging.dtsx,2026-09-01 21:05:00.4574755 +07:00,2026-09-01 21:10:51.9255964 +07:00,7,DE99768D-2EE9-43B7-999B-94D63699444F,SPARTA FACT,11,SSAS Dashboard Jurnal Payroll,ANALYSISQUERY,2026-09-01 13:52:07.000,2026-09-01 14:14:47.000,1,Succeeded,1105296,"{   ""refresh"": {     ""type"": ""full"",     ""objects"": [       {         ""database"": ""JournalPayroll""       }     ]   } } ",TIME_OVERLAP_ONLY
1240477,Project_Fact,AWL,Fact.dtsx,2026-09-01 21:10:54.4177396 +07:00,2026-09-01 21:10:57.6269235 +07:00,7,1225ADC7-FF0D-402D-BAEA-A97F7FC50CB1,AWL,1,Staging,SSIS,2026-09-01 14:05:01.000,2026-09-01 14:11:00.000,1,Succeeded,1105292,"/ISSERVER ""\""\SSISDB\Project_Fact\AWL\Staging.dtsx\"""" /SERVER ""\"".\"""" /X86 /Par ""\""$ServerOption::LOGGING_LEVEL(Int16)\"""";1 /Par ""\""$ServerOption::SYNCHRONIZED(Boolean)\"""";True /CALLERINFO SQLAGENT /REPORTING E",TIME_OVERLAP_ONLY
1240477,Project_Fact,AWL,Fact.dtsx,2026-09-01 21:10:54.4177396 +07:00,2026-09-01 21:10:57.6269235 +07:00,7,DE99768D-2EE9-43B7-999B-94D63699444F,SPARTA FACT,11,SSAS Dashboard Jurnal Payroll,ANALYSISQUERY,2026-09-01 13:52:07.000,2026-09-01 14:14:47.000,1,Succeeded,1105296,"{   ""refresh"": {     ""type"": ""full"",     ""objects"": [       {         ""database"": ""JournalPayroll""       }     ]   } } ",TIME_OVERLAP_ONLY
1240478,Project_Fact,AWL,AWL_Warning.dtsx,2026-09-01 21:10:58.8789941 +07:00,2026-09-01 21:11:00.2690746 +07:00,7,DE99768D-2EE9-43B7-999B-94D63699444F,SPARTA FACT,11,SSAS Dashboard Jurnal Payroll,ANALYSISQUERY,2026-09-01 13:52:07.000,2026-09-01 14:14:47.000,1,Succeeded,1105296,"{   ""refresh"": {     ""type"": ""full"",     ""objects"": [       {         ""database"": ""JournalPayroll""       }     ]   } } ",TIME_OVERLAP_ONLY
1240479,Project_Fact,AWL,Staging.dtsx,2026-09-01 22:05:00.7076416 +07:00,2026-09-01 22:09:49.0211541 +07:00,7,1082EBDB-3318-4470-A146-8BA64C1E313F,TBS External,2,Fact TBS External,SSIS,2026-09-01 15:00:32.000,2026-09-01 15:11:49.000,1,Succeeded,1105311,"/ISSERVER ""\""\SSISDB\Project_Fact\DAILY_DASHBOARD_PROJECT\FACT_DD_TBS.dtsx\"""" /SERVER ""\"".\"""" /Par ""\""$ServerOption::LOGGING_LEVEL(Int16)\"""";1 /Par ""\""$ServerOption::SYNCHRONIZED(Boolean)\"""";True /CALLERINFO SQLAGENT /REPORTING E",TIME_OVERLAP_ONLY
1240480,Project_Fact,AWL,Fact.dtsx,2026-09-01 22:09:51.7163098 +07:00,2026-09-01 22:09:54.0704530 +07:00,7,1082EBDB-3318-4470-A146-8BA64C1E313F,TBS External,2,Fact TBS External,SSIS,2026-09-01 15:00:32.000,2026-09-01 15:11:49.000,1,Succeeded,1105311,"/ISSERVER ""\""\SSISDB\Project_Fact\DAILY_DASHBOARD_PROJECT\FACT_DD_TBS.dtsx\"""" /SERVER ""\"".\"""" /Par ""\""$ServerOption::LOGGING_LEVEL(Int16)\"""";1 /Par ""\""$ServerOption::SYNCHRONIZED(Boolean)\"""";True /CALLERINFO SQLAGENT /REPORTING E",TIME_OVERLAP_ONLY
1240481,Project_Fact,AWL,AWL_Warning.dtsx,2026-09-01 22:09:55.4475216 +07:00,2026-09-01 22:09:56.8606018 +07:00,7,1082EBDB-3318-4470-A146-8BA64C1E313F,TBS External,2,Fact TBS External,SSIS,2026-09-01 15:00:32.000,2026-09-01 15:11:49.000,1,Succeeded,1105311,"/ISSERVER ""\""\SSISDB\Project_Fact\DAILY_DASHBOARD_PROJECT\FACT_DD_TBS.dtsx\"""" /SERVER ""\"".\"""" /Par ""\""$ServerOption::LOGGING_LEVEL(Int16)\"""";1 /Par ""\""$ServerOption::SYNCHRONIZED(Boolean)\"""";True /CALLERINFO SQLAGENT /REPORTING E",TIME_OVERLAP_ONLY
1240485,Project_Fact,AWL,Staging.dtsx,2026-09-01 23:05:00.9388225 +07:00,2026-09-01 23:07:42.7760824 +07:00,7,1225ADC7-FF0D-402D-BAEA-A97F7FC50CB1,AWL,1,Staging,SSIS,2026-09-01 16:05:00.000,2026-09-01 16:09:26.000,1,Succeeded,1105313,"/ISSERVER ""\""\SSISDB\Project_Fact\AWL\Staging.dtsx\"""" /SERVER ""\"".\"""" /X86 /Par ""\""$ServerOption::LOGGING_LEVEL(Int16)\"""";1 /Par ""\""$ServerOption::SYNCHRONIZED(Boolean)\"""";True /CALLERINFO SQLAGENT /REPORTING E",STRONG_NAME_OR_COMMAND_MATCH
1240486,Project_Fact,AWL,Fact.dtsx,2026-09-01 23:07:43.8861470 +07:00,2026-09-01 23:07:46.8903213 +07:00,7,1225ADC7-FF0D-402D-BAEA-A97F7FC50CB1,AWL,1,Staging,SSIS,2026-09-01 16:05:00.000,2026-09-01 16:09:26.000,1,Succeeded,1105313,"/ISSERVER ""\""\SSISDB\Project_Fact\AWL\Staging.dtsx\"""" /SERVER ""\"".\"""" /X86 /Par ""\""$ServerOption::LOGGING_LEVEL(Int16)\"""";1 /Par ""\""$ServerOption::SYNCHRONIZED(Boolean)\"""";True /CALLERINFO SQLAGENT /REPORTING E",TIME_OVERLAP_ONLY
1240487,Project_Fact,AWL,AWL_Warning.dtsx,2026-09-01 23:07:49.3794645 +07:00,2026-09-01 23:07:50.7305379 +07:00,7,1225ADC7-FF0D-402D-BAEA-A97F7FC50CB1,AWL,1,Staging,SSIS,2026-09-01 16:05:00.000,2026-09-01 16:09:26.000,1,Succeeded,1105313,"/ISSERVER ""\""\SSISDB\Project_Fact\AWL\Staging.dtsx\"""" /SERVER ""\"".\"""" /X86 /Par ""\""$ServerOption::LOGGING_LEVEL(Int16)\"""";1 /Par ""\""$ServerOption::SYNCHRONIZED(Boolean)\"""";True /CALLERINFO SQLAGENT /REPORTING E",TIME_OVERLAP_ONLY
1240488,MR,SSISMR,DWH_SMALLERTABLES.dtsx,2026-09-01 23:30:01.0597274 +07:00,2026-09-01 23:33:53.2770394 +07:00,7,FE9026B2-F82D-40D6-B45D-FC7BF486816F,SEQUENCE_TABLE_SAP_BSIS_BSAS_BSIK_BSAK_BSID_BSAD_BKPF,1,Seq BSIS_BSAS,SSIS,2026-09-01 16:30:00.000,2026-09-01 16:34:35.000,1,Succeeded,1105317,"/ISSERVER ""\""\SSISDB\Sequence_Table\Sequence_Table\Seq_BSIS_BSAS.dtsx\"""" /SERVER ""\"".\"""" /Par ""\""$ServerOption::LOGGING_LEVEL(Int16)\"""";1 /Par ""\""$ServerOption::SYNCHRONIZED(Boolean)\"""";True /CALLERINFO SQLAGENT /REPORTING E",TIME_OVERLAP_ONLY
1240497,SummaryPL,Summary PL Project,dim_company.dtsx,2026-09-02 00:00:15.0201312 +07:00,2026-09-02 00:00:33.8932036 +07:00,7,3E69F060-FAEE-453B-AA27-1C4CBC5DE307,MONITORING_CAPEX,3,Monitoring Capex,SSIS,2026-09-01 17:00:06.000,2026-09-01 17:05:08.000,1,Succeeded,1105328,"/ISSERVER ""\""\SSISDB\Project_Fact\DWH_SMALLER_FACT\FACT_MONITORING_CAPEX.dtsx\"""" /SERVER ""\"".\"""" /X86 /Par ""\""$ServerOption::LOGGING_LEVEL(Int16)\"""";1 /Par ""\""$ServerOption::SYNCHRONIZED(Boolean)\"""";True /CALLERINFO SQLAGENT /REPORTING E",TIME_OVERLAP_ONLY
1240498,SAP_to_STG_MR,SAP to STG MR,MR BAL SAP to STG.dtsx,2026-09-02 00:00:18.7453390 +07:00,2026-09-02 00:00:37.8754414 +07:00,7,3E69F060-FAEE-453B-AA27-1C4CBC5DE307,MONITORING_CAPEX,3,Monitoring Capex,SSIS,2026-09-01 17:00:06.000,2026-09-01 17:05:08.000,1,Succeeded,1105328,"/ISSERVER ""\""\SSISDB\Project_Fact\DWH_SMALLER_FACT\FACT_MONITORING_CAPEX.dtsx\"""" /SERVER ""\"".\"""" /X86 /Par ""\""$ServerOption::LOGGING_LEVEL(Int16)\"""";1 /Par ""\""$ServerOption::SYNCHRONIZED(Boolean)\"""";True /CALLERINFO SQLAGENT /REPORTING E",TIME_OVERLAP_ONLY
1240499,SummaryPL,Summary PL Project,fact_summary_pl.dtsx,2026-09-02 00:00:37.2784041 +07:00,2026-09-02 00:00:54.1533728 +07:00,7,3E69F060-FAEE-453B-AA27-1C4CBC5DE307,MONITORING_CAPEX,3,Monitoring Capex,SSIS,2026-09-01 17:00:06.000,2026-09-01 17:05:08.000,1,Succeeded,1105328,"/ISSERVER ""\""\SSISDB\Project_Fact\DWH_SMALLER_FACT\FACT_MONITORING_CAPEX.dtsx\"""" /SERVER ""\"".\"""" /X86 /Par ""\""$ServerOption::LOGGING_LEVEL(Int16)\"""";1 /Par ""\""$ServerOption::SYNCHRONIZED(Boolean)\"""";True /CALLERINFO SQLAGENT /REPORTING E",TIME_OVERLAP_ONLY
1240500,SummaryPL,Summary PL Project,dim_code_ebitda.dtsx,2026-09-02 00:00:57.3995517 +07:00,2026-09-02 00:01:12.1293973 +07:00,7,3E69F060-FAEE-453B-AA27-1C4CBC5DE307,MONITORING_CAPEX,3,Monitoring Capex,SSIS,2026-09-01 17:00:06.000,2026-09-01 17:05:08.000,1,Succeeded,1105328,"/ISSERVER ""\""\SSISDB\Project_Fact\DWH_SMALLER_FACT\FACT_MONITORING_CAPEX.dtsx\"""" /SERVER ""\"".\"""" /X86 /Par ""\""$ServerOption::LOGGING_LEVEL(Int16)\"""";1 /Par ""\""$ServerOption::SYNCHRONIZED(Boolean)\"""";True /CALLERINFO SQLAGENT /REPORTING E",TIME_OVERLAP_ONLY
1240501,SummaryPL,Summary PL Project,fact_ebitda.dtsx,2026-09-02 00:01:16.0016183 +07:00,2026-09-02 00:01:40.0529952 +07:00,7,3E69F060-FAEE-453B-AA27-1C4CBC5DE307,MONITORING_CAPEX,3,Monitoring Capex,SSIS,2026-09-01 17:00:06.000,2026-09-01 17:05:08.000,1,Succeeded,1105328,"/ISSERVER ""\""\SSISDB\Project_Fact\DWH_SMALLER_FACT\FACT_MONITORING_CAPEX.dtsx\"""" /SERVER ""\"".\"""" /X86 /Par ""\""$ServerOption::LOGGING_LEVEL(Int16)\"""";1 /Par ""\""$ServerOption::SYNCHRONIZED(Boolean)\"""";True /CALLERINFO SQLAGENT /REPORTING E",TIME_OVERLAP_ONLY
1240503,COGS,COGS,dim_cogs_measure.dtsx,2026-09-02 00:04:38.0061839 +07:00,2026-09-02 00:04:43.2834970 +07:00,7,3E69F060-FAEE-453B-AA27-1C4CBC5DE307,MONITORING_CAPEX,3,Monitoring Capex,SSIS,2026-09-01 17:00:06.000,2026-09-01 17:05:08.000,1,Succeeded,1105328,"/ISSERVER ""\""\SSISDB\Project_Fact\DWH_SMALLER_FACT\FACT_MONITORING_CAPEX.dtsx\"""" /SERVER ""\"".\"""" /X86 /Par ""\""$ServerOption::LOGGING_LEVEL(Int16)\"""";1 /Par ""\""$ServerOption::SYNCHRONIZED(Boolean)\"""";True /CALLERINFO SQLAGENT /REPORTING E",TIME_OVERLAP_ONLY
1240504,COGS,COGS,dim_company.dtsx,2026-09-02 00:04:46.5576741 +07:00,2026-09-02 00:04:51.1589383 +07:00,7,3E69F060-FAEE-453B-AA27-1C4CBC5DE307,MONITORING_CAPEX,3,Monitoring Capex,SSIS,2026-09-01 17:00:06.000,2026-09-01 17:05:08.000,1,Succeeded,1105328,"/ISSERVER ""\""\SSISDB\Project_Fact\DWH_SMALLER_FACT\FACT_MONITORING_CAPEX.dtsx\"""" /SERVER ""\"".\"""" /X86 /Par ""\""$ServerOption::LOGGING_LEVEL(Int16)\"""";1 /Par ""\""$ServerOption::SYNCHRONIZED(Boolean)\"""";True /CALLERINFO SQLAGENT /REPORTING E",TIME_OVERLAP_ONLY
1240505,COGS,COGS,dim_report_cogs.dtsx,2026-09-02 00:04:53.0300509 +07:00,2026-09-02 00:04:55.4211832 +07:00,7,3E69F060-FAEE-453B-AA27-1C4CBC5DE307,MONITORING_CAPEX,3,Monitoring Capex,SSIS,2026-09-01 17:00:06.000,2026-09-01 17:05:08.000,1,Succeeded,1105328,"/ISSERVER ""\""\SSISDB\Project_Fact\DWH_SMALLER_FACT\FACT_MONITORING_CAPEX.dtsx\"""" /SERVER ""\"".\"""" /X86 /Par ""\""$ServerOption::LOGGING_LEVEL(Int16)\"""";1 /Par ""\""$ServerOption::SYNCHRONIZED(Boolean)\"""";True /CALLERINFO SQLAGENT /REPORTING E",TIME_OVERLAP_ONLY
1240506,COGS,COGS,fact_cogs.dtsx,2026-09-02 00:04:58.0293310 +07:00,2026-09-02 00:05:02.1075716 +07:00,7,3E69F060-FAEE-453B-AA27-1C4CBC5DE307,MONITORING_CAPEX,3,Monitoring Capex,SSIS,2026-09-01 17:00:06.000,2026-09-01 17:05:08.000,1,Succeeded,1105328,"/ISSERVER ""\""\SSISDB\Project_Fact\DWH_SMALLER_FACT\FACT_MONITORING_CAPEX.dtsx\"""" /SERVER ""\"".\"""" /X86 /Par ""\""$ServerOption::LOGGING_LEVEL(Int16)\"""";1 /Par ""\""$ServerOption::SYNCHRONIZED(Boolean)\"""";True /CALLERINFO SQLAGENT /REPORTING E",TIME_OVERLAP_ONLY
1240538,MR,SSISMR,DWH-COEP.dtsx,2026-09-02 01:00:00.4994615 +07:00,2026-09-02 01:03:26.6622682 +07:00,7,4405D861-AE6C-4CD7-8E9B-33591EE6C9F8,SEQUENCE_TABLE_SPARTA_4T,1,SEQ_STAGING_SPARTA_4T,SSIS,2026-09-01 18:00:00.000,2026-09-01 18:18:34.000,1,Succeeded,1105338,"/ISSERVER ""\""\SSISDB\Sequence_Table\Sequence_Table\Seq_Staging_SPARTA_4T.dtsx\"""" /SERVER ""\"".\"""" /Par ""\""$ServerOption::LOGGING_LEVEL(Int16)\"""";1 /Par ""\""$ServerOption::SYNCHRONIZED(Boolean)\"""";True /CALLERINFO SQLAGENT /REPORTING E",TIME_OVERLAP_ONLY
1240539,MR,SSISMR,DWH_ZVT_MSEGPF.dtsx,2026-09-02 01:00:00.5264571 +07:00,2026-09-02 01:01:46.8055388 +07:00,7,4405D861-AE6C-4CD7-8E9B-33591EE6C9F8,SEQUENCE_TABLE_SPARTA_4T,1,SEQ_STAGING_SPARTA_4T,SSIS,2026-09-01 18:00:00.000,2026-09-01 18:18:34.000,1,Succeeded,1105338,"/ISSERVER ""\""\SSISDB\Sequence_Table\Sequence_Table\Seq_Staging_SPARTA_4T.dtsx\"""" /SERVER ""\"".\"""" /Par ""\""$ServerOption::LOGGING_LEVEL(Int16)\"""";1 /Par ""\""$ServerOption::SYNCHRONIZED(Boolean)\"""";True /CALLERINFO SQLAGENT /REPORTING E",TIME_OVERLAP_ONLY
1240540,Sequence_Table,Sequence_Table,Seq_Staging_SAP_EHP8_ZVT_MSEGPF.dtsx,2026-09-02 01:01:51.2908060 +07:00,2026-09-02 01:08:05.6352412 +07:00,7,4405D861-AE6C-4CD7-8E9B-33591EE6C9F8,SEQUENCE_TABLE_SPARTA_4T,1,SEQ_STAGING_SPARTA_4T,SSIS,2026-09-01 18:00:00.000,2026-09-01 18:18:34.000,1,Succeeded,1105338,"/ISSERVER ""\""\SSISDB\Sequence_Table\Sequence_Table\Seq_Staging_SPARTA_4T.dtsx\"""" /SERVER ""\"".\"""" /Par ""\""$ServerOption::LOGGING_LEVEL(Int16)\"""";1 /Par ""\""$ServerOption::SYNCHRONIZED(Boolean)\"""";True /CALLERINFO SQLAGENT /REPORTING E",TIME_OVERLAP_ONLY
1240541,Sequence_Table,Sequence_Table,Seq_Staging_SAP_EHP8_COEP.dtsx,2026-09-02 01:03:27.4893065 +07:00,2026-09-02 01:06:49.9438975 +07:00,7,4405D861-AE6C-4CD7-8E9B-33591EE6C9F8,SEQUENCE_TABLE_SPARTA_4T,1,SEQ_STAGING_SPARTA_4T,SSIS,2026-09-01 18:00:00.000,2026-09-01 18:18:34.000,1,Succeeded,1105338,"/ISSERVER ""\""\SSISDB\Sequence_Table\Sequence_Table\Seq_Staging_SPARTA_4T.dtsx\"""" /SERVER ""\"".\"""" /Par ""\""$ServerOption::LOGGING_LEVEL(Int16)\"""";1 /Par ""\""$ServerOption::SYNCHRONIZED(Boolean)\"""";True /CALLERINFO SQLAGENT /REPORTING E",TIME_OVERLAP_ONLY
1240542,Project_Fact,AWL,Staging.dtsx,2026-09-02 01:05:00.5416361 +07:00,2026-09-02 01:08:57.2961914 +07:00,7,4405D861-AE6C-4CD7-8E9B-33591EE6C9F8,SEQUENCE_TABLE_SPARTA_4T,1,SEQ_STAGING_SPARTA_4T,SSIS,2026-09-01 18:00:00.000,2026-09-01 18:18:34.000,1,Succeeded,1105338,"/ISSERVER ""\""\SSISDB\Sequence_Table\Sequence_Table\Seq_Staging_SPARTA_4T.dtsx\"""" /SERVER ""\"".\"""" /Par ""\""$ServerOption::LOGGING_LEVEL(Int16)\"""";1 /Par ""\""$ServerOption::SYNCHRONIZED(Boolean)\"""";True /CALLERINFO SQLAGENT /REPORTING E",TIME_OVERLAP_ONLY
1240542,Project_Fact,AWL,Staging.dtsx,2026-09-02 01:05:00.5416361 +07:00,2026-09-02 01:08:57.2961914 +07:00,7,1225ADC7-FF0D-402D-BAEA-A97F7FC50CB1,AWL,1,Staging,SSIS,2026-09-01 18:05:00.000,2026-09-01 18:09:26.000,1,Succeeded,1105334,"/ISSERVER ""\""\SSISDB\Project_Fact\AWL\Staging.dtsx\"""" /SERVER ""\"".\"""" /X86 /Par ""\""$ServerOption::LOGGING_LEVEL(Int16)\"""";1 /Par ""\""$ServerOption::SYNCHRONIZED(Boolean)\"""";True /CALLERINFO SQLAGENT /REPORTING E",STRONG_NAME_OR_COMMAND_MATCH
1240543,Project_Fact,AWL,Fact.dtsx,2026-09-02 01:09:00.1373581 +07:00,2026-09-02 01:09:14.8872033 +07:00,7,1225ADC7-FF0D-402D-BAEA-A97F7FC50CB1,AWL,1,Staging,SSIS,2026-09-01 18:05:00.000,2026-09-01 18:09:26.000,1,Succeeded,1105334,"/ISSERVER ""\""\SSISDB\Project_Fact\AWL\Staging.dtsx\"""" /SERVER ""\"".\"""" /X86 /Par ""\""$ServerOption::LOGGING_LEVEL(Int16)\"""";1 /Par ""\""$ServerOption::SYNCHRONIZED(Boolean)\"""";True /CALLERINFO SQLAGENT /REPORTING E",TIME_OVERLAP_ONLY
1240543,Project_Fact,AWL,Fact.dtsx,2026-09-02 01:09:00.1373581 +07:00,2026-09-02 01:09:14.8872033 +07:00,7,4405D861-AE6C-4CD7-8E9B-33591EE6C9F8,SEQUENCE_TABLE_SPARTA_4T,1,SEQ_STAGING_SPARTA_4T,SSIS,2026-09-01 18:00:00.000,2026-09-01 18:18:34.000,1,Succeeded,1105338,"/ISSERVER ""\""\SSISDB\Sequence_Table\Sequence_Table\Seq_Staging_SPARTA_4T.dtsx\"""" /SERVER ""\"".\"""" /Par ""\""$ServerOption::LOGGING_LEVEL(Int16)\"""";1 /Par ""\""$ServerOption::SYNCHRONIZED(Boolean)\"""";True /CALLERINFO SQLAGENT /REPORTING E",TIME_OVERLAP_ONLY
1240544,Project_Fact,AWL,AWL_Warning.dtsx,2026-09-02 01:09:17.9363765 +07:00,2026-09-02 01:09:21.5035813 +07:00,7,1225ADC7-FF0D-402D-BAEA-A97F7FC50CB1,AWL,1,Staging,SSIS,2026-09-01 18:05:00.000,2026-09-01 18:09:26.000,1,Succeeded,1105334,"/ISSERVER ""\""\SSISDB\Project_Fact\AWL\Staging.dtsx\"""" /SERVER ""\"".\"""" /X86 /Par ""\""$ServerOption::LOGGING_LEVEL(Int16)\"""";1 /Par ""\""$ServerOption::SYNCHRONIZED(Boolean)\"""";True /CALLERINFO SQLAGENT /REPORTING E",TIME_OVERLAP_ONLY
1240544,Project_Fact,AWL,AWL_Warning.dtsx,2026-09-02 01:09:17.9363765 +07:00,2026-09-02 01:09:21.5035813 +07:00,7,4405D861-AE6C-4CD7-8E9B-33591EE6C9F8,SEQUENCE_TABLE_SPARTA_4T,1,SEQ_STAGING_SPARTA_4T,SSIS,2026-09-01 18:00:00.000,2026-09-01 18:18:34.000,1,Succeeded,1105338,"/ISSERVER ""\""\SSISDB\Sequence_Table\Sequence_Table\Seq_Staging_SPARTA_4T.dtsx\"""" /SERVER ""\"".\"""" /Par ""\""$ServerOption::LOGGING_LEVEL(Int16)\"""";1 /Par ""\""$ServerOption::SYNCHRONIZED(Boolean)\"""";True /CALLERINFO SQLAGENT /REPORTING E",TIME_OVERLAP_ONLY
1240546,Project_Fact,SPARTA_PROJECT,FACT_SPARTA_MONITORING_INPUT.dtsx,2026-09-02 01:16:11.0550341 +07:00,2026-09-02 01:16:49.1182162 +07:00,7,4405D861-AE6C-4CD7-8E9B-33591EE6C9F8,SEQUENCE_TABLE_SPARTA_4T,1,SEQ_STAGING_SPARTA_4T,SSIS,2026-09-01 18:00:00.000,2026-09-01 18:18:34.000,1,Succeeded,1105338,"/ISSERVER ""\""\SSISDB\Sequence_Table\Sequence_Table\Seq_Staging_SPARTA_4T.dtsx\"""" /SERVER ""\"".\"""" /Par ""\""$ServerOption::LOGGING_LEVEL(Int16)\"""";1 /Par ""\""$ServerOption::SYNCHRONIZED(Boolean)\"""";True /CALLERINFO SQLAGENT /REPORTING E",TIME_OVERLAP_ONLY
1240549,MR,SSISMR,DWH_ZVT_MSEGPF.dtsx,2026-09-02 02:00:00.9136387 +07:00,2026-09-02 02:00:42.1580338 +07:00,7,62088AC8-D634-4732-B90F-19CFBDE2CD4E,AI Grading,2,Fact,SSIS,2026-09-01 18:27:43.000,2026-09-01 19:25:21.000,1,Succeeded,1105385,"/ISSERVER ""\""\SSISDB\Project_Fact\DWH_GRADING_TBS\Fact.dtsx\"""" /SERVER ""\"".\"""" /Par ""\""$ServerOption::LOGGING_LEVEL(Int16)\"""";1 /Par ""\""$ServerOption::SYNCHRONIZED(Boolean)\"""";True /CALLERINFO SQLAGENT /REPORTING E",TIME_OVERLAP_ONLY
1240549,MR,SSISMR,DWH_ZVT_MSEGPF.dtsx,2026-09-02 02:00:00.9136387 +07:00,2026-09-02 02:00:42.1580338 +07:00,7,5ECE39E8-D47A-4559-A8E7-5766D4B949E0,SPARTA FACT 4T,7,Fact Sparta Fisik Premi,SSIS,2026-09-01 18:56:51.000,2026-09-01 19:03:31.000,1,Succeeded,1105376,"/ISSERVER ""\""\SSISDB\Project_Fact\SPARTA_PROJECT\FACT_SPARTA_FISIK_PREMI.dtsx\"""" /SERVER ""\"".\"""" /Par ""\""$ServerOption::LOGGING_LEVEL(Int16)\"""";1 /Par ""\""$ServerOption::SYNCHRONIZED(Boolean)\"""";True /CALLERINFO SQLAGENT /REPORTING E",TIME_OVERLAP_ONLY
1240551,Sequence_Table,Sequence_Table,Seq_Staging_SAP_EHP8_ZVT_MSEGPF.dtsx,2026-09-02 02:00:45.9312142 +07:00,2026-09-02 02:04:04.6385968 +07:00,7,62088AC8-D634-4732-B90F-19CFBDE2CD4E,AI Grading,2,Fact,SSIS,2026-09-01 18:27:43.000,2026-09-01 19:25:21.000,1,Succeeded,1105385,"/ISSERVER ""\""\SSISDB\Project_Fact\DWH_GRADING_TBS\Fact.dtsx\"""" /SERVER ""\"".\"""" /Par ""\""$ServerOption::LOGGING_LEVEL(Int16)\"""";1 /Par ""\""$ServerOption::SYNCHRONIZED(Boolean)\"""";True /CALLERINFO SQLAGENT /REPORTING E",TIME_OVERLAP_ONLY
1240552,Project_Fact,AWL,Staging.dtsx,2026-09-02 02:05:00.8448103 +07:00,2026-09-02 02:09:54.0266003 +07:00,7,62088AC8-D634-4732-B90F-19CFBDE2CD4E,AI Grading,2,Fact,SSIS,2026-09-01 18:27:43.000,2026-09-01 19:25:21.000,1,Succeeded,1105385,"/ISSERVER ""\""\SSISDB\Project_Fact\DWH_GRADING_TBS\Fact.dtsx\"""" /SERVER ""\"".\"""" /Par ""\""$ServerOption::LOGGING_LEVEL(Int16)\"""";1 /Par ""\""$ServerOption::SYNCHRONIZED(Boolean)\"""";True /CALLERINFO SQLAGENT /REPORTING E",TIME_OVERLAP_ONLY
1240553,Project_Fact,AWL,Fact.dtsx,2026-09-02 02:09:55.8787097 +07:00,2026-09-02 02:09:58.6058618 +07:00,7,62088AC8-D634-4732-B90F-19CFBDE2CD4E,AI Grading,2,Fact,SSIS,2026-09-01 18:27:43.000,2026-09-01 19:25:21.000,1,Succeeded,1105385,"/ISSERVER ""\""\SSISDB\Project_Fact\DWH_GRADING_TBS\Fact.dtsx\"""" /SERVER ""\"".\"""" /Par ""\""$ServerOption::LOGGING_LEVEL(Int16)\"""";1 /Par ""\""$ServerOption::SYNCHRONIZED(Boolean)\"""";True /CALLERINFO SQLAGENT /REPORTING E",STRONG_NAME_OR_COMMAND_MATCH
1240554,Project_Fact,AWL,AWL_Warning.dtsx,2026-09-02 02:10:02.9041111 +07:00,2026-09-02 02:10:04.7432183 +07:00,7,62088AC8-D634-4732-B90F-19CFBDE2CD4E,AI Grading,2,Fact,SSIS,2026-09-01 18:27:43.000,2026-09-01 19:25:21.000,1,Succeeded,1105385,"/ISSERVER ""\""\SSISDB\Project_Fact\DWH_GRADING_TBS\Fact.dtsx\"""" /SERVER ""\"".\"""" /Par ""\""$ServerOption::LOGGING_LEVEL(Int16)\"""";1 /Par ""\""$ServerOption::SYNCHRONIZED(Boolean)\"""";True /CALLERINFO SQLAGENT /REPORTING E",TIME_OVERLAP_ONLY
1240557,Project_Fact,BIAYA_UMUM_PER_COST_ELEMENT,Mapping Biaya Umum per Komponen.dtsx,2026-09-02 03:00:01.1098092 +07:00,2026-09-02 03:00:04.2079828 +07:00,7,0065998F-70D7-480E-9B20-CFA4521501E0,MONITORING_TICKET_WB,1,Staging SAP 8,SSIS,2026-09-01 20:00:00.000,2026-09-01 20:00:10.000,1,Succeeded,1105387,"/ISSERVER ""\""\SSISDB\Project_Fact\MONITORING_TICKET_WB\STAGING SAP8.dtsx\"""" /SERVER ""\"".\"""" /Par ""\""$ServerOption::LOGGING_LEVEL(Int16)\"""";1 /Par ""\""$ServerOption::SYNCHRONIZED(Boolean)\"""";True /CALLERINFO SQLAGENT /REPORTING E",TIME_OVERLAP_ONLY
1240558,Project_Fact,DWH_GIP,Staging.dtsx,2026-09-02 03:00:01.1298094 +07:00,2026-09-02 03:00:02.7759040 +07:00,7,0065998F-70D7-480E-9B20-CFA4521501E0,MONITORING_TICKET_WB,1,Staging SAP 8,SSIS,2026-09-01 20:00:00.000,2026-09-01 20:00:10.000,1,Succeeded,1105387,"/ISSERVER ""\""\SSISDB\Project_Fact\MONITORING_TICKET_WB\STAGING SAP8.dtsx\"""" /SERVER ""\"".\"""" /Par ""\""$ServerOption::LOGGING_LEVEL(Int16)\"""";1 /Par ""\""$ServerOption::SYNCHRONIZED(Boolean)\"""";True /CALLERINFO SQLAGENT /REPORTING E",TIME_OVERLAP_ONLY
1240559,Project_Fact,DWH_GIP,Dimensi.dtsx,2026-09-02 03:00:04.6670105 +07:00,2026-09-02 03:00:07.1151496 +07:00,7,0065998F-70D7-480E-9B20-CFA4521501E0,MONITORING_TICKET_WB,1,Staging SAP 8,SSIS,2026-09-01 20:00:00.000,2026-09-01 20:00:10.000,1,Succeeded,1105387,"/ISSERVER ""\""\SSISDB\Project_Fact\MONITORING_TICKET_WB\STAGING SAP8.dtsx\"""" /SERVER ""\"".\"""" /Par ""\""$ServerOption::LOGGING_LEVEL(Int16)\"""";1 /Par ""\""$ServerOption::SYNCHRONIZED(Boolean)\"""";True /CALLERINFO SQLAGENT /REPORTING E",TIME_OVERLAP_ONLY
1240560,Project_Fact,BIAYA_UMUM_PER_COST_ELEMENT,Dimensi Biaya Umum.dtsx,2026-09-02 03:00:07.6731843 +07:00,2026-09-02 03:00:09.0942625 +07:00,7,0065998F-70D7-480E-9B20-CFA4521501E0,MONITORING_TICKET_WB,1,Staging SAP 8,SSIS,2026-09-01 20:00:00.000,2026-09-01 20:00:10.000,1,Succeeded,1105387,"/ISSERVER ""\""\SSISDB\Project_Fact\MONITORING_TICKET_WB\STAGING SAP8.dtsx\"""" /SERVER ""\"".\"""" /Par ""\""$ServerOption::LOGGING_LEVEL(Int16)\"""";1 /Par ""\""$ServerOption::SYNCHRONIZED(Boolean)\"""";True /CALLERINFO SQLAGENT /REPORTING E",TIME_OVERLAP_ONLY
1240563,Project_Fact,AWL,Staging.dtsx,2026-09-02 03:05:01.1069898 +07:00,2026-09-02 03:09:13.1774201 +07:00,7,1225ADC7-FF0D-402D-BAEA-A97F7FC50CB1,AWL,1,Staging,SSIS,2026-09-01 20:05:00.000,2026-09-01 20:10:09.000,1,Succeeded,1105393,"/ISSERVER ""\""\SSISDB\Project_Fact\AWL\Staging.dtsx\"""" /SERVER ""\"".\"""" /X86 /Par ""\""$ServerOption::LOGGING_LEVEL(Int16)\"""";1 /Par ""\""$ServerOption::SYNCHRONIZED(Boolean)\"""";True /CALLERINFO SQLAGENT /REPORTING E",STRONG_NAME_OR_COMMAND_MATCH
1240564,Project_Fact,AWL,Fact.dtsx,2026-09-02 03:09:17.3926688 +07:00,2026-09-02 03:09:21.3298871 +07:00,7,1225ADC7-FF0D-402D-BAEA-A97F7FC50CB1,AWL,1,Staging,SSIS,2026-09-01 20:05:00.000,2026-09-01 20:10:09.000,1,Succeeded,1105393,"/ISSERVER ""\""\SSISDB\Project_Fact\AWL\Staging.dtsx\"""" /SERVER ""\"".\"""" /X86 /Par ""\""$ServerOption::LOGGING_LEVEL(Int16)\"""";1 /Par ""\""$ServerOption::SYNCHRONIZED(Boolean)\"""";True /CALLERINFO SQLAGENT /REPORTING E",TIME_OVERLAP_ONLY
1240565,Project_Fact,AWL,AWL_Warning.dtsx,2026-09-02 03:09:23.8750351 +07:00,2026-09-02 03:09:25.3611170 +07:00,7,1225ADC7-FF0D-402D-BAEA-A97F7FC50CB1,AWL,1,Staging,SSIS,2026-09-01 20:05:00.000,2026-09-01 20:10:09.000,1,Succeeded,1105393,"/ISSERVER ""\""\SSISDB\Project_Fact\AWL\Staging.dtsx\"""" /SERVER ""\"".\"""" /X86 /Par ""\""$ServerOption::LOGGING_LEVEL(Int16)\"""";1 /Par ""\""$ServerOption::SYNCHRONIZED(Boolean)\"""";True /CALLERINFO SQLAGENT /REPORTING E",TIME_OVERLAP_ONLY
1240571,Project_Fact,MILL_COST_PROJECT,STG_FOR_DIM_MILL_COST.dtsx,2026-09-02 03:30:00.3578447 +07:00,2026-09-02 03:30:02.4269619 +07:00,7,FE9026B2-F82D-40D6-B45D-FC7BF486816F,SEQUENCE_TABLE_SAP_BSIS_BSAS_BSIK_BSAK_BSID_BSAD_BKPF,1,Seq BSIS_BSAS,SSIS,2026-09-01 20:30:00.000,2026-09-01 20:32:41.000,1,Succeeded,1105397,"/ISSERVER ""\""\SSISDB\Sequence_Table\Sequence_Table\Seq_BSIS_BSAS.dtsx\"""" /SERVER ""\"".\"""" /Par ""\""$ServerOption::LOGGING_LEVEL(Int16)\"""";1 /Par ""\""$ServerOption::SYNCHRONIZED(Boolean)\"""";True /CALLERINFO SQLAGENT /REPORTING E",TIME_OVERLAP_ONLY
1240577,Project_Fact,AWL,Staging.dtsx,2026-09-02 04:05:00.4121127 +07:00,2026-09-02 04:09:53.1648746 +07:00,7,1225ADC7-FF0D-402D-BAEA-A97F7FC50CB1,AWL,1,Staging,SSIS,2026-09-01 21:05:00.000,2026-09-01 21:10:54.000,1,Succeeded,1105406,"/ISSERVER ""\""\SSISDB\Project_Fact\AWL\Staging.dtsx\"""" /SERVER ""\"".\"""" /X86 /Par ""\""$ServerOption::LOGGING_LEVEL(Int16)\"""";1 /Par ""\""$ServerOption::SYNCHRONIZED(Boolean)\"""";True /CALLERINFO SQLAGENT /REPORTING E",STRONG_NAME_OR_COMMAND_MATCH
1240578,Project_Fact,AWL,Fact.dtsx,2026-09-02 04:09:55.9660428 +07:00,2026-09-02 04:09:58.7001901 +07:00,7,1225ADC7-FF0D-402D-BAEA-A97F7FC50CB1,AWL,1,Staging,SSIS,2026-09-01 21:05:00.000,2026-09-01 21:10:54.000,1,Succeeded,1105406,"/ISSERVER ""\""\SSISDB\Project_Fact\AWL\Staging.dtsx\"""" /SERVER ""\"".\"""" /X86 /Par ""\""$ServerOption::LOGGING_LEVEL(Int16)\"""";1 /Par ""\""$ServerOption::SYNCHRONIZED(Boolean)\"""";True /CALLERINFO SQLAGENT /REPORTING E",TIME_OVERLAP_ONLY
1240579,Project_Fact,AWL,AWL_Warning.dtsx,2026-09-02 04:09:59.9932647 +07:00,2026-09-02 04:10:01.4083458 +07:00,7,1225ADC7-FF0D-402D-BAEA-A97F7FC50CB1,AWL,1,Staging,SSIS,2026-09-01 21:05:00.000,2026-09-01 21:10:54.000,1,Succeeded,1105406,"/ISSERVER ""\""\SSISDB\Project_Fact\AWL\Staging.dtsx\"""" /SERVER ""\"".\"""" /X86 /Par ""\""$ServerOption::LOGGING_LEVEL(Int16)\"""";1 /Par ""\""$ServerOption::SYNCHRONIZED(Boolean)\"""";True /CALLERINFO SQLAGENT /REPORTING E",TIME_OVERLAP_ONLY
1240580,Project_Fact,SUSTAINABILITY_SMK3,FACT_SUSTAIN_SMK3.dtsx,2026-09-02 04:10:00.4232897 +07:00,2026-09-02 04:10:47.9900097 +07:00,7,1225ADC7-FF0D-402D-BAEA-A97F7FC50CB1,AWL,1,Staging,SSIS,2026-09-01 21:05:00.000,2026-09-01 21:10:54.000,1,Succeeded,1105406,"/ISSERVER ""\""\SSISDB\Project_Fact\AWL\Staging.dtsx\"""" /SERVER ""\"".\"""" /X86 /Par ""\""$ServerOption::LOGGING_LEVEL(Int16)\"""";1 /Par ""\""$ServerOption::SYNCHRONIZED(Boolean)\"""";True /CALLERINFO SQLAGENT /REPORTING E",TIME_OVERLAP_ONLY
1240593,Project_Fact,AWL,Staging.dtsx,2026-09-02 05:05:01.1493419 +07:00,2026-09-02 05:08:03.2807404 +07:00,7,1225ADC7-FF0D-402D-BAEA-A97F7FC50CB1,AWL,1,Staging,SSIS,2026-09-01 22:05:00.000,2026-09-01 22:09:51.000,1,Succeeded,1105410,"/ISSERVER ""\""\SSISDB\Project_Fact\AWL\Staging.dtsx\"""" /SERVER ""\"".\"""" /X86 /Par ""\""$ServerOption::LOGGING_LEVEL(Int16)\"""";1 /Par ""\""$ServerOption::SYNCHRONIZED(Boolean)\"""";True /CALLERINFO SQLAGENT /REPORTING E",STRONG_NAME_OR_COMMAND_MATCH
1240594,Project_Fact,AWL,Fact.dtsx,2026-09-02 05:08:05.9018902 +07:00,2026-09-02 05:08:12.1072939 +07:00,7,1225ADC7-FF0D-402D-BAEA-A97F7FC50CB1,AWL,1,Staging,SSIS,2026-09-01 22:05:00.000,2026-09-01 22:09:51.000,1,Succeeded,1105410,"/ISSERVER ""\""\SSISDB\Project_Fact\AWL\Staging.dtsx\"""" /SERVER ""\"".\"""" /X86 /Par ""\""$ServerOption::LOGGING_LEVEL(Int16)\"""";1 /Par ""\""$ServerOption::SYNCHRONIZED(Boolean)\"""";True /CALLERINFO SQLAGENT /REPORTING E",TIME_OVERLAP_ONLY
1240595,Project_Fact,AWL,AWL_Warning.dtsx,2026-09-02 05:08:13.3593186 +07:00,2026-09-02 05:08:17.9815782 +07:00,7,1225ADC7-FF0D-402D-BAEA-A97F7FC50CB1,AWL,1,Staging,SSIS,2026-09-01 22:05:00.000,2026-09-01 22:09:51.000,1,Succeeded,1105410,"/ISSERVER ""\""\SSISDB\Project_Fact\AWL\Staging.dtsx\"""" /SERVER ""\"".\"""" /X86 /Par ""\""$ServerOption::LOGGING_LEVEL(Int16)\"""";1 /Par ""\""$ServerOption::SYNCHRONIZED(Boolean)\"""";True /CALLERINFO SQLAGENT /REPORTING E",TIME_OVERLAP_ONLY
1240606,Project_Fact,AWS,FACT_AWS.dtsx,2026-09-02 06:00:01.2042936 +07:00,2026-09-02 06:02:29.2737700 +07:00,7,EB934AA2-8805-4B72-B55B-FBF7E84A368D,SEQUENCE_TABLE_NON_SAP,1,SEQ_STAGING,SSIS,2026-09-01 23:00:00.000,2026-09-01 23:04:22.000,1,Succeeded,1105417,"/ISSERVER ""\""\SSISDB\Sequence_Table\Sequence_Table\Seq_Staging_NON_SAP.dtsx\"""" /SERVER ""\"".\"""" /X86 /Par ""\""$ServerOption::LOGGING_LEVEL(Int16)\"""";1 /Par ""\""$ServerOption::SYNCHRONIZED(Boolean)\"""";True /CALLERINFO SQLAGENT /REPORTING E",TIME_OVERLAP_ONLY
1240608,Project_Fact,REALISASI VS ANGGARAN HO PROJECT,INSERT MAPPING.dtsx,2026-09-02 06:00:01.2252926 +07:00,2026-09-02 06:00:04.6064913 +07:00,7,B96DE13D-F9AB-4F74-B05A-D2B91B3C4952,DWH_COEP,1,COEP,SSIS,2026-09-01 23:00:00.000,2026-09-01 23:01:50.000,1,Succeeded,1105414,"/ISSERVER ""\""\SSISDB\MR\SSISMR\DWH-COEP.dtsx\"""" /SERVER ""\"".\"""" /Par ""\""$ServerOption::LOGGING_LEVEL(Int16)\"""";1 /Par ""\""$ServerOption::SYNCHRONIZED(Boolean)\"""";True /CALLERINFO SQLAGENT /REPORTING E",TIME_OVERLAP_ONLY
1240608,Project_Fact,REALISASI VS ANGGARAN HO PROJECT,INSERT MAPPING.dtsx,2026-09-02 06:00:01.2252926 +07:00,2026-09-02 06:00:04.6064913 +07:00,7,EB934AA2-8805-4B72-B55B-FBF7E84A368D,SEQUENCE_TABLE_NON_SAP,1,SEQ_STAGING,SSIS,2026-09-01 23:00:00.000,2026-09-01 23:04:22.000,1,Succeeded,1105417,"/ISSERVER ""\""\SSISDB\Sequence_Table\Sequence_Table\Seq_Staging_NON_SAP.dtsx\"""" /SERVER ""\"".\"""" /X86 /Par ""\""$ServerOption::LOGGING_LEVEL(Int16)\"""";1 /Par ""\""$ServerOption::SYNCHRONIZED(Boolean)\"""";True /CALLERINFO SQLAGENT /REPORTING E",TIME_OVERLAP_ONLY
1240609,Project_Fact,Bearer_Plant,DWH_DIM_BEARER_PLANT.dtsx,2026-09-02 06:00:01.2933040 +07:00,2026-09-02 06:00:03.9064445 +07:00,7,B96DE13D-F9AB-4F74-B05A-D2B91B3C4952,DWH_COEP,1,COEP,SSIS,2026-09-01 23:00:00.000,2026-09-01 23:01:50.000,1,Succeeded,1105414,"/ISSERVER ""\""\SSISDB\MR\SSISMR\DWH-COEP.dtsx\"""" /SERVER ""\"".\"""" /Par ""\""$ServerOption::LOGGING_LEVEL(Int16)\"""";1 /Par ""\""$ServerOption::SYNCHRONIZED(Boolean)\"""";True /CALLERINFO SQLAGENT /REPORTING E",TIME_OVERLAP_ONLY
1240609,Project_Fact,Bearer_Plant,DWH_DIM_BEARER_PLANT.dtsx,2026-09-02 06:00:01.2933040 +07:00,2026-09-02 06:00:03.9064445 +07:00,7,EB934AA2-8805-4B72-B55B-FBF7E84A368D,SEQUENCE_TABLE_NON_SAP,1,SEQ_STAGING,SSIS,2026-09-01 23:00:00.000,2026-09-01 23:04:22.000,1,Succeeded,1105417,"/ISSERVER ""\""\SSISDB\Sequence_Table\Sequence_Table\Seq_Staging_NON_SAP.dtsx\"""" /SERVER ""\"".\"""" /X86 /Par ""\""$ServerOption::LOGGING_LEVEL(Int16)\"""";1 /Par ""\""$ServerOption::SYNCHRONIZED(Boolean)\"""";True /CALLERINFO SQLAGENT /REPORTING E",TIME_OVERLAP_ONLY
1240610,Project_Fact,Bearer_Plant,DWH_FACT_BP_COEP.dtsx,2026-09-02 06:00:08.7597343 +07:00,2026-09-02 06:03:25.7210010 +07:00,7,EB934AA2-8805-4B72-B55B-FBF7E84A368D,SEQUENCE_TABLE_NON_SAP,1,SEQ_STAGING,SSIS,2026-09-01 23:00:00.000,2026-09-01 23:04:22.000,1,Succeeded,1105417,"/ISSERVER ""\""\SSISDB\Sequence_Table\Sequence_Table\Seq_Staging_NON_SAP.dtsx\"""" /SERVER ""\"".\"""" /X86 /Par ""\""$ServerOption::LOGGING_LEVEL(Int16)\"""";1 /Par ""\""$ServerOption::SYNCHRONIZED(Boolean)\"""";True /CALLERINFO SQLAGENT /REPORTING E",TIME_OVERLAP_ONLY
1240611,Project_Fact,REALISASI VS ANGGARAN HO PROJECT,UPLOAD_PTAB_RELOKASI_COP.dtsx,2026-09-02 06:00:08.9617364 +07:00,2026-09-02 06:00:17.2152082 +07:00,7,B96DE13D-F9AB-4F74-B05A-D2B91B3C4952,DWH_COEP,1,COEP,SSIS,2026-09-01 23:00:00.000,2026-09-01 23:01:50.000,1,Succeeded,1105414,"/ISSERVER ""\""\SSISDB\MR\SSISMR\DWH-COEP.dtsx\"""" /SERVER ""\"".\"""" /Par ""\""$ServerOption::LOGGING_LEVEL(Int16)\"""";1 /Par ""\""$ServerOption::SYNCHRONIZED(Boolean)\"""";True /CALLERINFO SQLAGENT /REPORTING E",TIME_OVERLAP_ONLY
1240611,Project_Fact,REALISASI VS ANGGARAN HO PROJECT,UPLOAD_PTAB_RELOKASI_COP.dtsx,2026-09-02 06:00:08.9617364 +07:00,2026-09-02 06:00:17.2152082 +07:00,7,EB934AA2-8805-4B72-B55B-FBF7E84A368D,SEQUENCE_TABLE_NON_SAP,1,SEQ_STAGING,SSIS,2026-09-01 23:00:00.000,2026-09-01 23:04:22.000,1,Succeeded,1105417,"/ISSERVER ""\""\SSISDB\Sequence_Table\Sequence_Table\Seq_Staging_NON_SAP.dtsx\"""" /SERVER ""\"".\"""" /X86 /Par ""\""$ServerOption::LOGGING_LEVEL(Int16)\"""";1 /Par ""\""$ServerOption::SYNCHRONIZED(Boolean)\"""";True /CALLERINFO SQLAGENT /REPORTING E",TIME_OVERLAP_ONLY
1240612,Project_Fact,REALISASI VS ANGGARAN HO PROJECT,DIMENSI_REALIASI_VS_ANGGARAN_HO.dtsx,2026-09-02 06:00:20.6864091 +07:00,2026-09-02 06:00:46.3558784 +07:00,7,B96DE13D-F9AB-4F74-B05A-D2B91B3C4952,DWH_COEP,1,COEP,SSIS,2026-09-01 23:00:00.000,2026-09-01 23:01:50.000,1,Succeeded,1105414,"/ISSERVER ""\""\SSISDB\MR\SSISMR\DWH-COEP.dtsx\"""" /SERVER ""\"".\"""" /Par ""\""$ServerOption::LOGGING_LEVEL(Int16)\"""";1 /Par ""\""$ServerOption::SYNCHRONIZED(Boolean)\"""";True /CALLERINFO SQLAGENT /REPORTING E",TIME_OVERLAP_ONLY
1240612,Project_Fact,REALISASI VS ANGGARAN HO PROJECT,DIMENSI_REALIASI_VS_ANGGARAN_HO.dtsx,2026-09-02 06:00:20.6864091 +07:00,2026-09-02 06:00:46.3558784 +07:00,7,EB934AA2-8805-4B72-B55B-FBF7E84A368D,SEQUENCE_TABLE_NON_SAP,1,SEQ_STAGING,SSIS,2026-09-01 23:00:00.000,2026-09-01 23:04:22.000,1,Succeeded,1105417,"/ISSERVER ""\""\SSISDB\Sequence_Table\Sequence_Table\Seq_Staging_NON_SAP.dtsx\"""" /SERVER ""\"".\"""" /X86 /Par ""\""$ServerOption::LOGGING_LEVEL(Int16)\"""";1 /Par ""\""$ServerOption::SYNCHRONIZED(Boolean)\"""";True /CALLERINFO SQLAGENT /REPORTING E",TIME_OVERLAP_ONLY
1240617,Project_Fact,PPH21_DJP,FACT_DJP.dtsx,2026-09-02 06:05:03.3255916 +07:00,2026-09-02 06:06:40.9201807 +07:00,7,1225ADC7-FF0D-402D-BAEA-A97F7FC50CB1,AWL,1,Staging,SSIS,2026-09-01 23:05:00.000,2026-09-01 23:07:43.000,1,Succeeded,1105419,"/ISSERVER ""\""\SSISDB\Project_Fact\AWL\Staging.dtsx\"""" /SERVER ""\"".\"""" /X86 /Par ""\""$ServerOption::LOGGING_LEVEL(Int16)\"""";1 /Par ""\""$ServerOption::SYNCHRONIZED(Boolean)\"""";True /CALLERINFO SQLAGENT /REPORTING E",TIME_OVERLAP_ONLY
1240618,Selling Expenses,Selling Expenses,source to staging.dtsx,2026-09-02 06:05:03.4726026 +07:00,2026-09-02 06:05:31.5802158 +07:00,7,1225ADC7-FF0D-402D-BAEA-A97F7FC50CB1,AWL,1,Staging,SSIS,2026-09-01 23:05:00.000,2026-09-01 23:07:43.000,1,Succeeded,1105419,"/ISSERVER ""\""\SSISDB\Project_Fact\AWL\Staging.dtsx\"""" /SERVER ""\"".\"""" /X86 /Par ""\""$ServerOption::LOGGING_LEVEL(Int16)\"""";1 /Par ""\""$ServerOption::SYNCHRONIZED(Boolean)\"""";True /CALLERINFO SQLAGENT /REPORTING E",TIME_OVERLAP_ONLY
1240619,Project_Fact,Bearer_Plant,DWH_FACT_BP_Excel_Manual_Upload.dtsx,2026-09-02 06:05:11.1850505 +07:00,2026-09-02 06:05:14.0052039 +07:00,7,1225ADC7-FF0D-402D-BAEA-A97F7FC50CB1,AWL,1,Staging,SSIS,2026-09-01 23:05:00.000,2026-09-01 23:07:43.000,1,Succeeded,1105419,"/ISSERVER ""\""\SSISDB\Project_Fact\AWL\Staging.dtsx\"""" /SERVER ""\"".\"""" /X86 /Par ""\""$ServerOption::LOGGING_LEVEL(Int16)\"""";1 /Par ""\""$ServerOption::SYNCHRONIZED(Boolean)\"""";True /CALLERINFO SQLAGENT /REPORTING E",TIME_OVERLAP_ONLY
1240620,Project_Fact,Bearer_Plant,Generate YTD.dtsx,2026-09-02 06:05:15.4262914 +07:00,2026-09-02 06:05:35.0444144 +07:00,7,1225ADC7-FF0D-402D-BAEA-A97F7FC50CB1,AWL,1,Staging,SSIS,2026-09-01 23:05:00.000,2026-09-01 23:07:43.000,1,Succeeded,1105419,"/ISSERVER ""\""\SSISDB\Project_Fact\AWL\Staging.dtsx\"""" /SERVER ""\"".\"""" /X86 /Par ""\""$ServerOption::LOGGING_LEVEL(Int16)\"""";1 /Par ""\""$ServerOption::SYNCHRONIZED(Boolean)\"""";True /CALLERINFO SQLAGENT /REPORTING E",TIME_OVERLAP_ONLY
1240621,Selling Expenses,Selling Expenses,staging to dwh.dtsx,2026-09-02 06:05:32.6562817 +07:00,2026-09-02 06:06:05.2531393 +07:00,7,1225ADC7-FF0D-402D-BAEA-A97F7FC50CB1,AWL,1,Staging,SSIS,2026-09-01 23:05:00.000,2026-09-01 23:07:43.000,1,Succeeded,1105419,"/ISSERVER ""\""\SSISDB\Project_Fact\AWL\Staging.dtsx\"""" /SERVER ""\"".\"""" /X86 /Par ""\""$ServerOption::LOGGING_LEVEL(Int16)\"""";1 /Par ""\""$ServerOption::SYNCHRONIZED(Boolean)\"""";True /CALLERINFO SQLAGENT /REPORTING E",TIME_OVERLAP_ONLY
1240622,Project_Fact,Bearer_Plant,Generate MTD.dtsx,2026-09-02 06:05:36.2584788 +07:00,2026-09-02 06:05:50.6753057 +07:00,7,1225ADC7-FF0D-402D-BAEA-A97F7FC50CB1,AWL,1,Staging,SSIS,2026-09-01 23:05:00.000,2026-09-01 23:07:43.000,1,Succeeded,1105419,"/ISSERVER ""\""\SSISDB\Project_Fact\AWL\Staging.dtsx\"""" /SERVER ""\"".\"""" /X86 /Par ""\""$ServerOption::LOGGING_LEVEL(Int16)\"""";1 /Par ""\""$ServerOption::SYNCHRONIZED(Boolean)\"""";True /CALLERINFO SQLAGENT /REPORTING E",TIME_OVERLAP_ONLY
1240623,Project_Fact,Bearer_Plant,DWH_FACT_BEARER_PLANT_SUMMARIZE.dtsx,2026-09-02 06:05:53.6254744 +07:00,2026-09-02 06:06:03.7510537 +07:00,7,1225ADC7-FF0D-402D-BAEA-A97F7FC50CB1,AWL,1,Staging,SSIS,2026-09-01 23:05:00.000,2026-09-01 23:07:43.000,1,Succeeded,1105419,"/ISSERVER ""\""\SSISDB\Project_Fact\AWL\Staging.dtsx\"""" /SERVER ""\"".\"""" /X86 /Par ""\""$ServerOption::LOGGING_LEVEL(Int16)\"""";1 /Par ""\""$ServerOption::SYNCHRONIZED(Boolean)\"""";True /CALLERINFO SQLAGENT /REPORTING E",TIME_OVERLAP_ONLY
1240624,Project_Fact,Bearer_Plant,DWH_FACT_BEARER_PLANT_SUMMARIZE_Excel.dtsx,2026-09-02 06:06:07.9603014 +07:00,2026-09-02 06:06:12.8565824 +07:00,7,1225ADC7-FF0D-402D-BAEA-A97F7FC50CB1,AWL,1,Staging,SSIS,2026-09-01 23:05:00.000,2026-09-01 23:07:43.000,1,Succeeded,1105419,"/ISSERVER ""\""\SSISDB\Project_Fact\AWL\Staging.dtsx\"""" /SERVER ""\"".\"""" /X86 /Par ""\""$ServerOption::LOGGING_LEVEL(Int16)\"""";1 /Par ""\""$ServerOption::SYNCHRONIZED(Boolean)\"""";True /CALLERINFO SQLAGENT /REPORTING E",TIME_OVERLAP_ONLY
1240625,Project_Fact,Bearer_Plant_Consol,Group_Pipeline_Dim_Bearer_Plant_Consol.dtsx,2026-09-02 06:06:13.2435980 +07:00,2026-09-02 06:06:18.0448759 +07:00,7,1225ADC7-FF0D-402D-BAEA-A97F7FC50CB1,AWL,1,Staging,SSIS,2026-09-01 23:05:00.000,2026-09-01 23:07:43.000,1,Succeeded,1105419,"/ISSERVER ""\""\SSISDB\Project_Fact\AWL\Staging.dtsx\"""" /SERVER ""\"".\"""" /X86 /Par ""\""$ServerOption::LOGGING_LEVEL(Int16)\"""";1 /Par ""\""$ServerOption::SYNCHRONIZED(Boolean)\"""";True /CALLERINFO SQLAGENT /REPORTING E",TIME_OVERLAP_ONLY
1240647,Project_Fact,PAYMENT_REALIZATION,Dim_Payment_Mapping.dtsx,2026-09-02 06:30:01.0143586 +07:00,2026-09-02 06:30:05.4376147 +07:00,7,4315C553-D919-4F86-9441-B6B3B1C5C154,DWH_MR_ETC_SAP,1,SAP FAST TABLES,SSIS,2026-09-01 23:30:00.000,2026-09-01 23:33:55.000,1,Succeeded,1105423,"/ISSERVER ""\""\SSISDB\MR\SSISMR\DWH_SMALLERTABLES.dtsx\"""" /SERVER ""\"".\"""" /Par ""\""$ServerOption::LOGGING_LEVEL(Int16)\"""";1 /Par ""\""$ServerOption::SYNCHRONIZED(Boolean)\"""";True /CALLERINFO SQLAGENT /REPORTING E",TIME_OVERLAP_ONLY
1240648,Project_Fact,PPH21_DJP,FACT_UNIFIKASI.dtsx,2026-09-02 06:30:01.0213585 +07:00,2026-09-02 06:31:30.0364598 +07:00,7,4315C553-D919-4F86-9441-B6B3B1C5C154,DWH_MR_ETC_SAP,1,SAP FAST TABLES,SSIS,2026-09-01 23:30:00.000,2026-09-01 23:33:55.000,1,Succeeded,1105423,"/ISSERVER ""\""\SSISDB\MR\SSISMR\DWH_SMALLERTABLES.dtsx\"""" /SERVER ""\"".\"""" /Par ""\""$ServerOption::LOGGING_LEVEL(Int16)\"""";1 /Par ""\""$ServerOption::SYNCHRONIZED(Boolean)\"""";True /CALLERINFO SQLAGENT /REPORTING E",TIME_OVERLAP_ONLY
1240649,Project_Fact,PAYMENT_REALIZATION,Fact_Payment.dtsx,2026-09-02 06:30:10.2038865 +07:00,2026-09-02 06:31:33.7536740 +07:00,7,4315C553-D919-4F86-9441-B6B3B1C5C154,DWH_MR_ETC_SAP,1,SAP FAST TABLES,SSIS,2026-09-01 23:30:00.000,2026-09-01 23:33:55.000,1,Succeeded,1105423,"/ISSERVER ""\""\SSISDB\MR\SSISMR\DWH_SMALLERTABLES.dtsx\"""" /SERVER ""\"".\"""" /Par ""\""$ServerOption::LOGGING_LEVEL(Int16)\"""";1 /Par ""\""$ServerOption::SYNCHRONIZED(Boolean)\"""";True /CALLERINFO SQLAGENT /REPORTING E",TIME_OVERLAP_ONLY
1240659,Project_Fact,DWH_SMALLER_FACT,FACT_COST_TO_MATURITY.dtsx,2026-09-02 07:00:01.3534616 +07:00,2026-09-02 07:03:17.8997139 +07:00,7,28D1D9C7-04B8-4278-8A3C-D0915D89468A,COGS,1,stg_CogsReport,SSIS,2026-09-02 00:00:00.000,2026-09-02 00:04:36.000,1,Succeeded,1105439,"/ISSERVER ""\""\SSISDB\COGS\COGS\stg_CogsReport.dtsx\"""" /SERVER ""\"".\"""" /Par ""\""$ServerOption::LOGGING_LEVEL(Int16)\"""";1 /Par ""\""$ServerOption::SYNCHRONIZED(Boolean)\"""";True /CALLERINFO SQLAGENT /REPORTING E",TIME_OVERLAP_ONLY
1240659,Project_Fact,DWH_SMALLER_FACT,FACT_COST_TO_MATURITY.dtsx,2026-09-02 07:00:01.3534616 +07:00,2026-09-02 07:03:17.8997139 +07:00,7,F1DDA30D-6D72-4146-A71F-F5D1FBC1BCEB,Komparasi Overhead Metro,1,DWH_STG to DWH_DM,SSIS,2026-09-02 00:00:00.000,2026-09-02 00:21:57.000,1,Succeeded,1105460,"/ISSERVER ""\""\SSISDB\Komparasi Overhead Metro\Komparasi Overhead Metro\DWH_STG_to_DWH_DM.dtsx\"""" /SERVER ""\""BGASVR-DWH-DEV\"""" /Par ""\""$ServerOption::LOGGING_LEVEL(Int16)\"""";1 /Par ""\""$ServerOption::SYNCHRONIZED(Boolean)\"""";True /CALLERINFO SQLAGENT /REPORTING E",TIME_OVERLAP_ONLY
1240659,Project_Fact,DWH_SMALLER_FACT,FACT_COST_TO_MATURITY.dtsx,2026-09-02 07:00:01.3534616 +07:00,2026-09-02 07:03:17.8997139 +07:00,7,4405D861-AE6C-4CD7-8E9B-33591EE6C9F8,SEQUENCE_TABLE_SPARTA_4T,1,SEQ_STAGING_SPARTA_4T,SSIS,2026-09-02 00:00:00.000,2026-09-02 00:17:32.000,1,Succeeded,1105455,"/ISSERVER ""\""\SSISDB\Sequence_Table\Sequence_Table\Seq_Staging_SPARTA_4T.dtsx\"""" /SERVER ""\"".\"""" /Par ""\""$ServerOption::LOGGING_LEVEL(Int16)\"""";1 /Par ""\""$ServerOption::SYNCHRONIZED(Boolean)\"""";True /CALLERINFO SQLAGENT /REPORTING E",TIME_OVERLAP_ONLY
1240660,Project_Fact,TBS_EXTERNAL_PROJECT,Fact_TBS_External.dtsx,2026-09-02 07:00:01.4954663 +07:00,2026-09-02 07:05:17.6465729 +07:00,7,F1DDA30D-6D72-4146-A71F-F5D1FBC1BCEB,Komparasi Overhead Metro,1,DWH_STG to DWH_DM,SSIS,2026-09-02 00:00:00.000,2026-09-02 00:21:57.000,1,Succeeded,1105460,"/ISSERVER ""\""\SSISDB\Komparasi Overhead Metro\Komparasi Overhead Metro\DWH_STG_to_DWH_DM.dtsx\"""" /SERVER ""\""BGASVR-DWH-DEV\"""" /Par ""\""$ServerOption::LOGGING_LEVEL(Int16)\"""";1 /Par ""\""$ServerOption::SYNCHRONIZED(Boolean)\"""";True /CALLERINFO SQLAGENT /REPORTING E",TIME_OVERLAP_ONLY
1240660,Project_Fact,TBS_EXTERNAL_PROJECT,Fact_TBS_External.dtsx,2026-09-02 07:00:01.4954663 +07:00,2026-09-02 07:05:17.6465729 +07:00,7,4405D861-AE6C-4CD7-8E9B-33591EE6C9F8,SEQUENCE_TABLE_SPARTA_4T,1,SEQ_STAGING_SPARTA_4T,SSIS,2026-09-02 00:00:00.000,2026-09-02 00:17:32.000,1,Succeeded,1105455,"/ISSERVER ""\""\SSISDB\Sequence_Table\Sequence_Table\Seq_Staging_SPARTA_4T.dtsx\"""" /SERVER ""\"".\"""" /Par ""\""$ServerOption::LOGGING_LEVEL(Int16)\"""";1 /Par ""\""$ServerOption::SYNCHRONIZED(Boolean)\"""";True /CALLERINFO SQLAGENT /REPORTING E",TIME_OVERLAP_ONLY
1240662,Project_Fact,DWH_SMALLER_FACT,CHECK_QUERY_DATA.dtsx,2026-09-02 07:00:01.6284783 +07:00,2026-09-02 07:00:34.1523373 +07:00,7,F5090C74-FE2C-479E-8A22-C23FD4B84C05,Areal Statement,1,SOURCE_to_DWH_STG,SSIS,2026-09-02 00:00:00.000,2026-09-02 00:02:15.000,1,Succeeded,1105438,"/ISSERVER ""\""\SSISDB\Areal Statement\Areal Statement\SOURCE_to_DWH_STG.dtsx\"""" /SERVER ""\""BGASVR-DWH-DEV\"""" /X86 /Par ""\""$ServerOption::LOGGING_LEVEL(Int16)\"""";1 /Par ""\""$ServerOption::SYNCHRONIZED(Boolean)\"""";True /CALLERINFO SQLAGENT /REPORTING E",TIME_OVERLAP_ONLY
1240662,Project_Fact,DWH_SMALLER_FACT,CHECK_QUERY_DATA.dtsx,2026-09-02 07:00:01.6284783 +07:00,2026-09-02 07:00:34.1523373 +07:00,7,28D1D9C7-04B8-4278-8A3C-D0915D89468A,COGS,1,stg_CogsReport,SSIS,2026-09-02 00:00:00.000,2026-09-02 00:04:36.000,1,Succeeded,1105439,"/ISSERVER ""\""\SSISDB\COGS\COGS\stg_CogsReport.dtsx\"""" /SERVER ""\"".\"""" /Par ""\""$ServerOption::LOGGING_LEVEL(Int16)\"""";1 /Par ""\""$ServerOption::SYNCHRONIZED(Boolean)\"""";True /CALLERINFO SQLAGENT /REPORTING E",TIME_OVERLAP_ONLY
1240662,Project_Fact,DWH_SMALLER_FACT,CHECK_QUERY_DATA.dtsx,2026-09-02 07:00:01.6284783 +07:00,2026-09-02 07:00:34.1523373 +07:00,7,F1DDA30D-6D72-4146-A71F-F5D1FBC1BCEB,Komparasi Overhead Metro,1,DWH_STG to DWH_DM,SSIS,2026-09-02 00:00:00.000,2026-09-02 00:21:57.000,1,Succeeded,1105460,"/ISSERVER ""\""\SSISDB\Komparasi Overhead Metro\Komparasi Overhead Metro\DWH_STG_to_DWH_DM.dtsx\"""" /SERVER ""\""BGASVR-DWH-DEV\"""" /Par ""\""$ServerOption::LOGGING_LEVEL(Int16)\"""";1 /Par ""\""$ServerOption::SYNCHRONIZED(Boolean)\"""";True /CALLERINFO SQLAGENT /REPORTING E",TIME_OVERLAP_ONLY
1240662,Project_Fact,DWH_SMALLER_FACT,CHECK_QUERY_DATA.dtsx,2026-09-02 07:00:01.6284783 +07:00,2026-09-02 07:00:34.1523373 +07:00,7,4405D861-AE6C-4CD7-8E9B-33591EE6C9F8,SEQUENCE_TABLE_SPARTA_4T,1,SEQ_STAGING_SPARTA_4T,SSIS,2026-09-02 00:00:00.000,2026-09-02 00:17:32.000,1,Succeeded,1105455,"/ISSERVER ""\""\SSISDB\Sequence_Table\Sequence_Table\Seq_Staging_SPARTA_4T.dtsx\"""" /SERVER ""\"".\"""" /Par ""\""$ServerOption::LOGGING_LEVEL(Int16)\"""";1 /Par ""\""$ServerOption::SYNCHRONIZED(Boolean)\"""";True /CALLERINFO SQLAGENT /REPORTING E",TIME_OVERLAP_ONLY
1240661,Project_Fact,DWH_SMALLER_FACT,CHECK_QUERY_DATA.dtsx,2026-09-02 07:00:01.6404777 +07:00,2026-09-02 07:00:34.1013369 +07:00,7,F5090C74-FE2C-479E-8A22-C23FD4B84C05,Areal Statement,1,SOURCE_to_DWH_STG,SSIS,2026-09-02 00:00:00.000,2026-09-02 00:02:15.000,1,Succeeded,1105438,"/ISSERVER ""\""\SSISDB\Areal Statement\Areal Statement\SOURCE_to_DWH_STG.dtsx\"""" /SERVER ""\""BGASVR-DWH-DEV\"""" /X86 /Par ""\""$ServerOption::LOGGING_LEVEL(Int16)\"""";1 /Par ""\""$ServerOption::SYNCHRONIZED(Boolean)\"""";True /CALLERINFO SQLAGENT /REPORTING E",TIME_OVERLAP_ONLY
1240661,Project_Fact,DWH_SMALLER_FACT,CHECK_QUERY_DATA.dtsx,2026-09-02 07:00:01.6404777 +07:00,2026-09-02 07:00:34.1013369 +07:00,7,28D1D9C7-04B8-4278-8A3C-D0915D89468A,COGS,1,stg_CogsReport,SSIS,2026-09-02 00:00:00.000,2026-09-02 00:04:36.000,1,Succeeded,1105439,"/ISSERVER ""\""\SSISDB\COGS\COGS\stg_CogsReport.dtsx\"""" /SERVER ""\"".\"""" /Par ""\""$ServerOption::LOGGING_LEVEL(Int16)\"""";1 /Par ""\""$ServerOption::SYNCHRONIZED(Boolean)\"""";True /CALLERINFO SQLAGENT /REPORTING E",TIME_OVERLAP_ONLY
1240661,Project_Fact,DWH_SMALLER_FACT,CHECK_QUERY_DATA.dtsx,2026-09-02 07:00:01.6404777 +07:00,2026-09-02 07:00:34.1013369 +07:00,7,F1DDA30D-6D72-4146-A71F-F5D1FBC1BCEB,Komparasi Overhead Metro,1,DWH_STG to DWH_DM,SSIS,2026-09-02 00:00:00.000,2026-09-02 00:21:57.000,1,Succeeded,1105460,"/ISSERVER ""\""\SSISDB\Komparasi Overhead Metro\Komparasi Overhead Metro\DWH_STG_to_DWH_DM.dtsx\"""" /SERVER ""\""BGASVR-DWH-DEV\"""" /Par ""\""$ServerOption::LOGGING_LEVEL(Int16)\"""";1 /Par ""\""$ServerOption::SYNCHRONIZED(Boolean)\"""";True /CALLERINFO SQLAGENT /REPORTING E",TIME_OVERLAP_ONLY
1240661,Project_Fact,DWH_SMALLER_FACT,CHECK_QUERY_DATA.dtsx,2026-09-02 07:00:01.6404777 +07:00,2026-09-02 07:00:34.1013369 +07:00,7,4405D861-AE6C-4CD7-8E9B-33591EE6C9F8,SEQUENCE_TABLE_SPARTA_4T,1,SEQ_STAGING_SPARTA_4T,SSIS,2026-09-02 00:00:00.000,2026-09-02 00:17:32.000,1,Succeeded,1105455,"/ISSERVER ""\""\SSISDB\Sequence_Table\Sequence_Table\Seq_Staging_SPARTA_4T.dtsx\"""" /SERVER ""\"".\"""" /Par ""\""$ServerOption::LOGGING_LEVEL(Int16)\"""";1 /Par ""\""$ServerOption::SYNCHRONIZED(Boolean)\"""";True /CALLERINFO SQLAGENT /REPORTING E",TIME_OVERLAP_ONLY
1240663,Project_Fact,ANALISA_LOW_YIELD,Fact.dtsx,2026-09-02 07:00:37.2605127 +07:00,2026-09-02 07:06:35.0050303 +07:00,7,F1DDA30D-6D72-4146-A71F-F5D1FBC1BCEB,Komparasi Overhead Metro,1,DWH_STG to DWH_DM,SSIS,2026-09-02 00:00:00.000,2026-09-02 00:21:57.000,1,Succeeded,1105460,"/ISSERVER ""\""\SSISDB\Komparasi Overhead Metro\Komparasi Overhead Metro\DWH_STG_to_DWH_DM.dtsx\"""" /SERVER ""\""BGASVR-DWH-DEV\"""" /Par ""\""$ServerOption::LOGGING_LEVEL(Int16)\"""";1 /Par ""\""$ServerOption::SYNCHRONIZED(Boolean)\"""";True /CALLERINFO SQLAGENT /REPORTING E",TIME_OVERLAP_ONLY
1240663,Project_Fact,ANALISA_LOW_YIELD,Fact.dtsx,2026-09-02 07:00:37.2605127 +07:00,2026-09-02 07:06:35.0050303 +07:00,7,4405D861-AE6C-4CD7-8E9B-33591EE6C9F8,SEQUENCE_TABLE_SPARTA_4T,1,SEQ_STAGING_SPARTA_4T,SSIS,2026-09-02 00:00:00.000,2026-09-02 00:17:32.000,1,Succeeded,1105455,"/ISSERVER ""\""\SSISDB\Sequence_Table\Sequence_Table\Seq_Staging_SPARTA_4T.dtsx\"""" /SERVER ""\"".\"""" /Par ""\""$ServerOption::LOGGING_LEVEL(Int16)\"""";1 /Par ""\""$ServerOption::SYNCHRONIZED(Boolean)\"""";True /CALLERINFO SQLAGENT /REPORTING E",TIME_OVERLAP_ONLY
1240664,Project_Fact,DWH_SMALLER_FACT,FACT_MONITORING_CAPEX.dtsx,2026-09-02 07:00:38.7106001 +07:00,2026-09-02 07:18:48.0359810 +07:00,7,F1DDA30D-6D72-4146-A71F-F5D1FBC1BCEB,Komparasi Overhead Metro,1,DWH_STG to DWH_DM,SSIS,2026-09-02 00:00:00.000,2026-09-02 00:21:57.000,1,Succeeded,1105460,"/ISSERVER ""\""\SSISDB\Komparasi Overhead Metro\Komparasi Overhead Metro\DWH_STG_to_DWH_DM.dtsx\"""" /SERVER ""\""BGASVR-DWH-DEV\"""" /Par ""\""$ServerOption::LOGGING_LEVEL(Int16)\"""";1 /Par ""\""$ServerOption::SYNCHRONIZED(Boolean)\"""";True /CALLERINFO SQLAGENT /REPORTING E",TIME_OVERLAP_ONLY
1240666,Sequence_Table,Sequence_Table,Seq_Staging_Power_Monitoring.dtsx,2026-09-02 07:05:04.5648225 +07:00,2026-09-02 07:06:02.0781153 +07:00,7,F5090C74-FE2C-479E-8A22-C23FD4B84C05,Areal Statement,2,DWH_STG_to_DWH_DM,SSIS,2026-09-02 00:02:16.000,2026-09-02 00:10:42.000,1,Succeeded,1105446,"/ISSERVER ""\""\SSISDB\Areal Statement\Areal Statement\DWH_STG_to_DWH_DM.dtsx\"""" /SERVER ""\""BGASVR-DWH-DEV\"""" /X86 /Par ""\""$ServerOption::LOGGING_LEVEL(Int16)\"""";1 /Par ""\""$ServerOption::SYNCHRONIZED(Boolean)\"""";True /CALLERINFO SQLAGENT /REPORTING E",TIME_OVERLAP_ONLY
1240666,Sequence_Table,Sequence_Table,Seq_Staging_Power_Monitoring.dtsx,2026-09-02 07:05:04.5648225 +07:00,2026-09-02 07:06:02.0781153 +07:00,7,1225ADC7-FF0D-402D-BAEA-A97F7FC50CB1,AWL,1,Staging,SSIS,2026-09-02 00:05:00.000,2026-09-02 00:17:03.000,1,Succeeded,1105451,"/ISSERVER ""\""\SSISDB\Project_Fact\AWL\Staging.dtsx\"""" /SERVER ""\"".\"""" /X86 /Par ""\""$ServerOption::LOGGING_LEVEL(Int16)\"""";1 /Par ""\""$ServerOption::SYNCHRONIZED(Boolean)\"""";True /CALLERINFO SQLAGENT /REPORTING E",TIME_OVERLAP_ONLY
1240666,Sequence_Table,Sequence_Table,Seq_Staging_Power_Monitoring.dtsx,2026-09-02 07:05:04.5648225 +07:00,2026-09-02 07:06:02.0781153 +07:00,7,F1DDA30D-6D72-4146-A71F-F5D1FBC1BCEB,Komparasi Overhead Metro,1,DWH_STG to DWH_DM,SSIS,2026-09-02 00:00:00.000,2026-09-02 00:21:57.000,1,Succeeded,1105460,"/ISSERVER ""\""\SSISDB\Komparasi Overhead Metro\Komparasi Overhead Metro\DWH_STG_to_DWH_DM.dtsx\"""" /SERVER ""\""BGASVR-DWH-DEV\"""" /Par ""\""$ServerOption::LOGGING_LEVEL(Int16)\"""";1 /Par ""\""$ServerOption::SYNCHRONIZED(Boolean)\"""";True /CALLERINFO SQLAGENT /REPORTING E",TIME_OVERLAP_ONLY
1240666,Sequence_Table,Sequence_Table,Seq_Staging_Power_Monitoring.dtsx,2026-09-02 07:05:04.5648225 +07:00,2026-09-02 07:06:02.0781153 +07:00,7,6DF699D9-EE52-4283-8C24-B72C5A2D84BF,SEQUENCE_TABLE_SPARTA,1,SEQ_STAGING_SPARTA,SSIS,2026-09-02 00:05:00.000,2026-09-02 00:25:01.000,1,Succeeded,1105466,"/ISSERVER ""\""\SSISDB\Sequence_Table\Sequence_Table\Seq_Staging_SPARTA.dtsx\"""" /SERVER ""\"".\"""" /Par ""\""$ServerOption::LOGGING_LEVEL(Int16)\"""";1 /Par ""\""$ServerOption::SYNCHRONIZED(Boolean)\"""";True /CALLERINFO SQLAGENT /REPORTING E",TIME_OVERLAP_ONLY
1240666,Sequence_Table,Sequence_Table,Seq_Staging_Power_Monitoring.dtsx,2026-09-02 07:05:04.5648225 +07:00,2026-09-02 07:06:02.0781153 +07:00,7,4405D861-AE6C-4CD7-8E9B-33591EE6C9F8,SEQUENCE_TABLE_SPARTA_4T,1,SEQ_STAGING_SPARTA_4T,SSIS,2026-09-02 00:00:00.000,2026-09-02 00:17:32.000,1,Succeeded,1105455,"/ISSERVER ""\""\SSISDB\Sequence_Table\Sequence_Table\Seq_Staging_SPARTA_4T.dtsx\"""" /SERVER ""\"".\"""" /Par ""\""$ServerOption::LOGGING_LEVEL(Int16)\"""";1 /Par ""\""$ServerOption::SYNCHRONIZED(Boolean)\"""";True /CALLERINFO SQLAGENT /REPORTING E",TIME_OVERLAP_ONLY
1240665,Project_Fact,AWL,Staging.dtsx,2026-09-02 07:05:05.6918892 +07:00,2026-09-02 07:07:57.7517391 +07:00,7,F5090C74-FE2C-479E-8A22-C23FD4B84C05,Areal Statement,2,DWH_STG_to_DWH_DM,SSIS,2026-09-02 00:02:16.000,2026-09-02 00:10:42.000,1,Succeeded,1105446,"/ISSERVER ""\""\SSISDB\Areal Statement\Areal Statement\DWH_STG_to_DWH_DM.dtsx\"""" /SERVER ""\""BGASVR-DWH-DEV\"""" /X86 /Par ""\""$ServerOption::LOGGING_LEVEL(Int16)\"""";1 /Par ""\""$ServerOption::SYNCHRONIZED(Boolean)\"""";True /CALLERINFO SQLAGENT /REPORTING E",TIME_OVERLAP_ONLY
1240665,Project_Fact,AWL,Staging.dtsx,2026-09-02 07:05:05.6918892 +07:00,2026-09-02 07:07:57.7517391 +07:00,7,F1DDA30D-6D72-4146-A71F-F5D1FBC1BCEB,Komparasi Overhead Metro,1,DWH_STG to DWH_DM,SSIS,2026-09-02 00:00:00.000,2026-09-02 00:21:57.000,1,Succeeded,1105460,"/ISSERVER ""\""\SSISDB\Komparasi Overhead Metro\Komparasi Overhead Metro\DWH_STG_to_DWH_DM.dtsx\"""" /SERVER ""\""BGASVR-DWH-DEV\"""" /Par ""\""$ServerOption::LOGGING_LEVEL(Int16)\"""";1 /Par ""\""$ServerOption::SYNCHRONIZED(Boolean)\"""";True /CALLERINFO SQLAGENT /REPORTING E",TIME_OVERLAP_ONLY
1240665,Project_Fact,AWL,Staging.dtsx,2026-09-02 07:05:05.6918892 +07:00,2026-09-02 07:07:57.7517391 +07:00,7,6DF699D9-EE52-4283-8C24-B72C5A2D84BF,SEQUENCE_TABLE_SPARTA,1,SEQ_STAGING_SPARTA,SSIS,2026-09-02 00:05:00.000,2026-09-02 00:25:01.000,1,Succeeded,1105466,"/ISSERVER ""\""\SSISDB\Sequence_Table\Sequence_Table\Seq_Staging_SPARTA.dtsx\"""" /SERVER ""\"".\"""" /Par ""\""$ServerOption::LOGGING_LEVEL(Int16)\"""";1 /Par ""\""$ServerOption::SYNCHRONIZED(Boolean)\"""";True /CALLERINFO SQLAGENT /REPORTING E",TIME_OVERLAP_ONLY
1240665,Project_Fact,AWL,Staging.dtsx,2026-09-02 07:05:05.6918892 +07:00,2026-09-02 07:07:57.7517391 +07:00,7,4405D861-AE6C-4CD7-8E9B-33591EE6C9F8,SEQUENCE_TABLE_SPARTA_4T,1,SEQ_STAGING_SPARTA_4T,SSIS,2026-09-02 00:00:00.000,2026-09-02 00:17:32.000,1,Succeeded,1105455,"/ISSERVER ""\""\SSISDB\Sequence_Table\Sequence_Table\Seq_Staging_SPARTA_4T.dtsx\"""" /SERVER ""\"".\"""" /Par ""\""$ServerOption::LOGGING_LEVEL(Int16)\"""";1 /Par ""\""$ServerOption::SYNCHRONIZED(Boolean)\"""";True /CALLERINFO SQLAGENT /REPORTING E",TIME_OVERLAP_ONLY
1240665,Project_Fact,AWL,Staging.dtsx,2026-09-02 07:05:05.6918892 +07:00,2026-09-02 07:07:57.7517391 +07:00,7,1225ADC7-FF0D-402D-BAEA-A97F7FC50CB1,AWL,1,Staging,SSIS,2026-09-02 00:05:00.000,2026-09-02 00:17:03.000,1,Succeeded,1105451,"/ISSERVER ""\""\SSISDB\Project_Fact\AWL\Staging.dtsx\"""" /SERVER ""\"".\"""" /X86 /Par ""\""$ServerOption::LOGGING_LEVEL(Int16)\"""";1 /Par ""\""$ServerOption::SYNCHRONIZED(Boolean)\"""";True /CALLERINFO SQLAGENT /REPORTING E",STRONG_NAME_OR_COMMAND_MATCH
1240667,Project_Fact,DWH_POWER_MONITORING,Fact.dtsx,2026-09-02 07:06:08.0754660 +07:00,2026-09-02 07:08:08.0273280 +07:00,7,F5090C74-FE2C-479E-8A22-C23FD4B84C05,Areal Statement,2,DWH_STG_to_DWH_DM,SSIS,2026-09-02 00:02:16.000,2026-09-02 00:10:42.000,1,Succeeded,1105446,"/ISSERVER ""\""\SSISDB\Areal Statement\Areal Statement\DWH_STG_to_DWH_DM.dtsx\"""" /SERVER ""\""BGASVR-DWH-DEV\"""" /X86 /Par ""\""$ServerOption::LOGGING_LEVEL(Int16)\"""";1 /Par ""\""$ServerOption::SYNCHRONIZED(Boolean)\"""";True /CALLERINFO SQLAGENT /REPORTING E",TIME_OVERLAP_ONLY
1240667,Project_Fact,DWH_POWER_MONITORING,Fact.dtsx,2026-09-02 07:06:08.0754660 +07:00,2026-09-02 07:08:08.0273280 +07:00,7,1225ADC7-FF0D-402D-BAEA-A97F7FC50CB1,AWL,1,Staging,SSIS,2026-09-02 00:05:00.000,2026-09-02 00:17:03.000,1,Succeeded,1105451,"/ISSERVER ""\""\SSISDB\Project_Fact\AWL\Staging.dtsx\"""" /SERVER ""\"".\"""" /X86 /Par ""\""$ServerOption::LOGGING_LEVEL(Int16)\"""";1 /Par ""\""$ServerOption::SYNCHRONIZED(Boolean)\"""";True /CALLERINFO SQLAGENT /REPORTING E",TIME_OVERLAP_ONLY
1240667,Project_Fact,DWH_POWER_MONITORING,Fact.dtsx,2026-09-02 07:06:08.0754660 +07:00,2026-09-02 07:08:08.0273280 +07:00,7,F1DDA30D-6D72-4146-A71F-F5D1FBC1BCEB,Komparasi Overhead Metro,1,DWH_STG to DWH_DM,SSIS,2026-09-02 00:00:00.000,2026-09-02 00:21:57.000,1,Succeeded,1105460,"/ISSERVER ""\""\SSISDB\Komparasi Overhead Metro\Komparasi Overhead Metro\DWH_STG_to_DWH_DM.dtsx\"""" /SERVER ""\""BGASVR-DWH-DEV\"""" /Par ""\""$ServerOption::LOGGING_LEVEL(Int16)\"""";1 /Par ""\""$ServerOption::SYNCHRONIZED(Boolean)\"""";True /CALLERINFO SQLAGENT /REPORTING E",TIME_OVERLAP_ONLY
1240667,Project_Fact,DWH_POWER_MONITORING,Fact.dtsx,2026-09-02 07:06:08.0754660 +07:00,2026-09-02 07:08:08.0273280 +07:00,7,6DF699D9-EE52-4283-8C24-B72C5A2D84BF,SEQUENCE_TABLE_SPARTA,1,SEQ_STAGING_SPARTA,SSIS,2026-09-02 00:05:00.000,2026-09-02 00:25:01.000,1,Succeeded,1105466,"/ISSERVER ""\""\SSISDB\Sequence_Table\Sequence_Table\Seq_Staging_SPARTA.dtsx\"""" /SERVER ""\"".\"""" /Par ""\""$ServerOption::LOGGING_LEVEL(Int16)\"""";1 /Par ""\""$ServerOption::SYNCHRONIZED(Boolean)\"""";True /CALLERINFO SQLAGENT /REPORTING E",TIME_OVERLAP_ONLY
1240667,Project_Fact,DWH_POWER_MONITORING,Fact.dtsx,2026-09-02 07:06:08.0754660 +07:00,2026-09-02 07:08:08.0273280 +07:00,7,4405D861-AE6C-4CD7-8E9B-33591EE6C9F8,SEQUENCE_TABLE_SPARTA_4T,1,SEQ_STAGING_SPARTA_4T,SSIS,2026-09-02 00:00:00.000,2026-09-02 00:17:32.000,1,Succeeded,1105455,"/ISSERVER ""\""\SSISDB\Sequence_Table\Sequence_Table\Seq_Staging_SPARTA_4T.dtsx\"""" /SERVER ""\"".\"""" /Par ""\""$ServerOption::LOGGING_LEVEL(Int16)\"""";1 /Par ""\""$ServerOption::SYNCHRONIZED(Boolean)\"""";True /CALLERINFO SQLAGENT /REPORTING E",TIME_OVERLAP_ONLY
1240668,Project_Fact,AWL,Fact.dtsx,2026-09-02 07:08:01.2259386 +07:00,2026-09-02 07:08:32.2737151 +07:00,7,F5090C74-FE2C-479E-8A22-C23FD4B84C05,Areal Statement,2,DWH_STG_to_DWH_DM,SSIS,2026-09-02 00:02:16.000,2026-09-02 00:10:42.000,1,Succeeded,1105446,"/ISSERVER ""\""\SSISDB\Areal Statement\Areal Statement\DWH_STG_to_DWH_DM.dtsx\"""" /SERVER ""\""BGASVR-DWH-DEV\"""" /X86 /Par ""\""$ServerOption::LOGGING_LEVEL(Int16)\"""";1 /Par ""\""$ServerOption::SYNCHRONIZED(Boolean)\"""";True /CALLERINFO SQLAGENT /REPORTING E",TIME_OVERLAP_ONLY
1240668,Project_Fact,AWL,Fact.dtsx,2026-09-02 07:08:01.2259386 +07:00,2026-09-02 07:08:32.2737151 +07:00,7,1225ADC7-FF0D-402D-BAEA-A97F7FC50CB1,AWL,1,Staging,SSIS,2026-09-02 00:05:00.000,2026-09-02 00:17:03.000,1,Succeeded,1105451,"/ISSERVER ""\""\SSISDB\Project_Fact\AWL\Staging.dtsx\"""" /SERVER ""\"".\"""" /X86 /Par ""\""$ServerOption::LOGGING_LEVEL(Int16)\"""";1 /Par ""\""$ServerOption::SYNCHRONIZED(Boolean)\"""";True /CALLERINFO SQLAGENT /REPORTING E",TIME_OVERLAP_ONLY
1240668,Project_Fact,AWL,Fact.dtsx,2026-09-02 07:08:01.2259386 +07:00,2026-09-02 07:08:32.2737151 +07:00,7,F1DDA30D-6D72-4146-A71F-F5D1FBC1BCEB,Komparasi Overhead Metro,1,DWH_STG to DWH_DM,SSIS,2026-09-02 00:00:00.000,2026-09-02 00:21:57.000,1,Succeeded,1105460,"/ISSERVER ""\""\SSISDB\Komparasi Overhead Metro\Komparasi Overhead Metro\DWH_STG_to_DWH_DM.dtsx\"""" /SERVER ""\""BGASVR-DWH-DEV\"""" /Par ""\""$ServerOption::LOGGING_LEVEL(Int16)\"""";1 /Par ""\""$ServerOption::SYNCHRONIZED(Boolean)\"""";True /CALLERINFO SQLAGENT /REPORTING E",TIME_OVERLAP_ONLY
1240668,Project_Fact,AWL,Fact.dtsx,2026-09-02 07:08:01.2259386 +07:00,2026-09-02 07:08:32.2737151 +07:00,7,6DF699D9-EE52-4283-8C24-B72C5A2D84BF,SEQUENCE_TABLE_SPARTA,1,SEQ_STAGING_SPARTA,SSIS,2026-09-02 00:05:00.000,2026-09-02 00:25:01.000,1,Succeeded,1105466,"/ISSERVER ""\""\SSISDB\Sequence_Table\Sequence_Table\Seq_Staging_SPARTA.dtsx\"""" /SERVER ""\"".\"""" /Par ""\""$ServerOption::LOGGING_LEVEL(Int16)\"""";1 /Par ""\""$ServerOption::SYNCHRONIZED(Boolean)\"""";True /CALLERINFO SQLAGENT /REPORTING E",TIME_OVERLAP_ONLY
1240668,Project_Fact,AWL,Fact.dtsx,2026-09-02 07:08:01.2259386 +07:00,2026-09-02 07:08:32.2737151 +07:00,7,4405D861-AE6C-4CD7-8E9B-33591EE6C9F8,SEQUENCE_TABLE_SPARTA_4T,1,SEQ_STAGING_SPARTA_4T,SSIS,2026-09-02 00:00:00.000,2026-09-02 00:17:32.000,1,Succeeded,1105455,"/ISSERVER ""\""\SSISDB\Sequence_Table\Sequence_Table\Seq_Staging_SPARTA_4T.dtsx\"""" /SERVER ""\"".\"""" /Par ""\""$ServerOption::LOGGING_LEVEL(Int16)\"""";1 /Par ""\""$ServerOption::SYNCHRONIZED(Boolean)\"""";True /CALLERINFO SQLAGENT /REPORTING E",TIME_OVERLAP_ONLY
1240669,Project_Fact,AWL,AWL_Warning.dtsx,2026-09-02 07:08:34.4538442 +07:00,2026-09-02 07:08:39.0131093 +07:00,7,F5090C74-FE2C-479E-8A22-C23FD4B84C05,Areal Statement,2,DWH_STG_to_DWH_DM,SSIS,2026-09-02 00:02:16.000,2026-09-02 00:10:42.000,1,Succeeded,1105446,"/ISSERVER ""\""\SSISDB\Areal Statement\Areal Statement\DWH_STG_to_DWH_DM.dtsx\"""" /SERVER ""\""BGASVR-DWH-DEV\"""" /X86 /Par ""\""$ServerOption::LOGGING_LEVEL(Int16)\"""";1 /Par ""\""$ServerOption::SYNCHRONIZED(Boolean)\"""";True /CALLERINFO SQLAGENT /REPORTING E",TIME_OVERLAP_ONLY
1240669,Project_Fact,AWL,AWL_Warning.dtsx,2026-09-02 07:08:34.4538442 +07:00,2026-09-02 07:08:39.0131093 +07:00,7,1225ADC7-FF0D-402D-BAEA-A97F7FC50CB1,AWL,1,Staging,SSIS,2026-09-02 00:05:00.000,2026-09-02 00:17:03.000,1,Succeeded,1105451,"/ISSERVER ""\""\SSISDB\Project_Fact\AWL\Staging.dtsx\"""" /SERVER ""\"".\"""" /X86 /Par ""\""$ServerOption::LOGGING_LEVEL(Int16)\"""";1 /Par ""\""$ServerOption::SYNCHRONIZED(Boolean)\"""";True /CALLERINFO SQLAGENT /REPORTING E",TIME_OVERLAP_ONLY
1240669,Project_Fact,AWL,AWL_Warning.dtsx,2026-09-02 07:08:34.4538442 +07:00,2026-09-02 07:08:39.0131093 +07:00,7,F1DDA30D-6D72-4146-A71F-F5D1FBC1BCEB,Komparasi Overhead Metro,1,DWH_STG to DWH_DM,SSIS,2026-09-02 00:00:00.000,2026-09-02 00:21:57.000,1,Succeeded,1105460,"/ISSERVER ""\""\SSISDB\Komparasi Overhead Metro\Komparasi Overhead Metro\DWH_STG_to_DWH_DM.dtsx\"""" /SERVER ""\""BGASVR-DWH-DEV\"""" /Par ""\""$ServerOption::LOGGING_LEVEL(Int16)\"""";1 /Par ""\""$ServerOption::SYNCHRONIZED(Boolean)\"""";True /CALLERINFO SQLAGENT /REPORTING E",TIME_OVERLAP_ONLY
1240669,Project_Fact,AWL,AWL_Warning.dtsx,2026-09-02 07:08:34.4538442 +07:00,2026-09-02 07:08:39.0131093 +07:00,7,6DF699D9-EE52-4283-8C24-B72C5A2D84BF,SEQUENCE_TABLE_SPARTA,1,SEQ_STAGING_SPARTA,SSIS,2026-09-02 00:05:00.000,2026-09-02 00:25:01.000,1,Succeeded,1105466,"/ISSERVER ""\""\SSISDB\Sequence_Table\Sequence_Table\Seq_Staging_SPARTA.dtsx\"""" /SERVER ""\"".\"""" /Par ""\""$ServerOption::LOGGING_LEVEL(Int16)\"""";1 /Par ""\""$ServerOption::SYNCHRONIZED(Boolean)\"""";True /CALLERINFO SQLAGENT /REPORTING E",TIME_OVERLAP_ONLY
1240669,Project_Fact,AWL,AWL_Warning.dtsx,2026-09-02 07:08:34.4538442 +07:00,2026-09-02 07:08:39.0131093 +07:00,7,4405D861-AE6C-4CD7-8E9B-33591EE6C9F8,SEQUENCE_TABLE_SPARTA_4T,1,SEQ_STAGING_SPARTA_4T,SSIS,2026-09-02 00:00:00.000,2026-09-02 00:17:32.000,1,Succeeded,1105455,"/ISSERVER ""\""\SSISDB\Sequence_Table\Sequence_Table\Seq_Staging_SPARTA_4T.dtsx\"""" /SERVER ""\"".\"""" /Par ""\""$ServerOption::LOGGING_LEVEL(Int16)\"""";1 /Par ""\""$ServerOption::SYNCHRONIZED(Boolean)\"""";True /CALLERINFO SQLAGENT /REPORTING E",TIME_OVERLAP_ONLY
1240670,Project_Fact,DWH_COST_PER_HECTAR,Fact.dtsx,2026-09-02 07:10:01.2638210 +07:00,2026-09-02 07:12:38.7368309 +07:00,7,1225ADC7-FF0D-402D-BAEA-A97F7FC50CB1,AWL,1,Staging,SSIS,2026-09-02 00:05:00.000,2026-09-02 00:17:03.000,1,Succeeded,1105451,"/ISSERVER ""\""\SSISDB\Project_Fact\AWL\Staging.dtsx\"""" /SERVER ""\"".\"""" /X86 /Par ""\""$ServerOption::LOGGING_LEVEL(Int16)\"""";1 /Par ""\""$ServerOption::SYNCHRONIZED(Boolean)\"""";True /CALLERINFO SQLAGENT /REPORTING E",TIME_OVERLAP_ONLY
1240670,Project_Fact,DWH_COST_PER_HECTAR,Fact.dtsx,2026-09-02 07:10:01.2638210 +07:00,2026-09-02 07:12:38.7368309 +07:00,7,F1DDA30D-6D72-4146-A71F-F5D1FBC1BCEB,Komparasi Overhead Metro,1,DWH_STG to DWH_DM,SSIS,2026-09-02 00:00:00.000,2026-09-02 00:21:57.000,1,Succeeded,1105460,"/ISSERVER ""\""\SSISDB\Komparasi Overhead Metro\Komparasi Overhead Metro\DWH_STG_to_DWH_DM.dtsx\"""" /SERVER ""\""BGASVR-DWH-DEV\"""" /Par ""\""$ServerOption::LOGGING_LEVEL(Int16)\"""";1 /Par ""\""$ServerOption::SYNCHRONIZED(Boolean)\"""";True /CALLERINFO SQLAGENT /REPORTING E",TIME_OVERLAP_ONLY
1240670,Project_Fact,DWH_COST_PER_HECTAR,Fact.dtsx,2026-09-02 07:10:01.2638210 +07:00,2026-09-02 07:12:38.7368309 +07:00,7,6DF699D9-EE52-4283-8C24-B72C5A2D84BF,SEQUENCE_TABLE_SPARTA,1,SEQ_STAGING_SPARTA,SSIS,2026-09-02 00:05:00.000,2026-09-02 00:25:01.000,1,Succeeded,1105466,"/ISSERVER ""\""\SSISDB\Sequence_Table\Sequence_Table\Seq_Staging_SPARTA.dtsx\"""" /SERVER ""\"".\"""" /Par ""\""$ServerOption::LOGGING_LEVEL(Int16)\"""";1 /Par ""\""$ServerOption::SYNCHRONIZED(Boolean)\"""";True /CALLERINFO SQLAGENT /REPORTING E",TIME_OVERLAP_ONLY
1240670,Project_Fact,DWH_COST_PER_HECTAR,Fact.dtsx,2026-09-02 07:10:01.2638210 +07:00,2026-09-02 07:12:38.7368309 +07:00,7,4405D861-AE6C-4CD7-8E9B-33591EE6C9F8,SEQUENCE_TABLE_SPARTA_4T,1,SEQ_STAGING_SPARTA_4T,SSIS,2026-09-02 00:00:00.000,2026-09-02 00:17:32.000,1,Succeeded,1105455,"/ISSERVER ""\""\SSISDB\Sequence_Table\Sequence_Table\Seq_Staging_SPARTA_4T.dtsx\"""" /SERVER ""\"".\"""" /Par ""\""$ServerOption::LOGGING_LEVEL(Int16)\"""";1 /Par ""\""$ServerOption::SYNCHRONIZED(Boolean)\"""";True /CALLERINFO SQLAGENT /REPORTING E",TIME_OVERLAP_ONLY
1240671,Project_Fact,Audit HO,STG Audit.dtsx,2026-09-02 07:10:01.3208203 +07:00,2026-09-02 07:10:07.4421695 +07:00,7,F5090C74-FE2C-479E-8A22-C23FD4B84C05,Areal Statement,2,DWH_STG_to_DWH_DM,SSIS,2026-09-02 00:02:16.000,2026-09-02 00:10:42.000,1,Succeeded,1105446,"/ISSERVER ""\""\SSISDB\Areal Statement\Areal Statement\DWH_STG_to_DWH_DM.dtsx\"""" /SERVER ""\""BGASVR-DWH-DEV\"""" /X86 /Par ""\""$ServerOption::LOGGING_LEVEL(Int16)\"""";1 /Par ""\""$ServerOption::SYNCHRONIZED(Boolean)\"""";True /CALLERINFO SQLAGENT /REPORTING E",TIME_OVERLAP_ONLY
1240671,Project_Fact,Audit HO,STG Audit.dtsx,2026-09-02 07:10:01.3208203 +07:00,2026-09-02 07:10:07.4421695 +07:00,7,1225ADC7-FF0D-402D-BAEA-A97F7FC50CB1,AWL,1,Staging,SSIS,2026-09-02 00:05:00.000,2026-09-02 00:17:03.000,1,Succeeded,1105451,"/ISSERVER ""\""\SSISDB\Project_Fact\AWL\Staging.dtsx\"""" /SERVER ""\"".\"""" /X86 /Par ""\""$ServerOption::LOGGING_LEVEL(Int16)\"""";1 /Par ""\""$ServerOption::SYNCHRONIZED(Boolean)\"""";True /CALLERINFO SQLAGENT /REPORTING E",TIME_OVERLAP_ONLY
1240671,Project_Fact,Audit HO,STG Audit.dtsx,2026-09-02 07:10:01.3208203 +07:00,2026-09-02 07:10:07.4421695 +07:00,7,F1DDA30D-6D72-4146-A71F-F5D1FBC1BCEB,Komparasi Overhead Metro,1,DWH_STG to DWH_DM,SSIS,2026-09-02 00:00:00.000,2026-09-02 00:21:57.000,1,Succeeded,1105460,"/ISSERVER ""\""\SSISDB\Komparasi Overhead Metro\Komparasi Overhead Metro\DWH_STG_to_DWH_DM.dtsx\"""" /SERVER ""\""BGASVR-DWH-DEV\"""" /Par ""\""$ServerOption::LOGGING_LEVEL(Int16)\"""";1 /Par ""\""$ServerOption::SYNCHRONIZED(Boolean)\"""";True /CALLERINFO SQLAGENT /REPORTING E",TIME_OVERLAP_ONLY
1240671,Project_Fact,Audit HO,STG Audit.dtsx,2026-09-02 07:10:01.3208203 +07:00,2026-09-02 07:10:07.4421695 +07:00,7,6DF699D9-EE52-4283-8C24-B72C5A2D84BF,SEQUENCE_TABLE_SPARTA,1,SEQ_STAGING_SPARTA,SSIS,2026-09-02 00:05:00.000,2026-09-02 00:25:01.000,1,Succeeded,1105466,"/ISSERVER ""\""\SSISDB\Sequence_Table\Sequence_Table\Seq_Staging_SPARTA.dtsx\"""" /SERVER ""\"".\"""" /Par ""\""$ServerOption::LOGGING_LEVEL(Int16)\"""";1 /Par ""\""$ServerOption::SYNCHRONIZED(Boolean)\"""";True /CALLERINFO SQLAGENT /REPORTING E",TIME_OVERLAP_ONLY
1240671,Project_Fact,Audit HO,STG Audit.dtsx,2026-09-02 07:10:01.3208203 +07:00,2026-09-02 07:10:07.4421695 +07:00,7,4405D861-AE6C-4CD7-8E9B-33591EE6C9F8,SEQUENCE_TABLE_SPARTA_4T,1,SEQ_STAGING_SPARTA_4T,SSIS,2026-09-02 00:00:00.000,2026-09-02 00:17:32.000,1,Succeeded,1105455,"/ISSERVER ""\""\SSISDB\Sequence_Table\Sequence_Table\Seq_Staging_SPARTA_4T.dtsx\"""" /SERVER ""\"".\"""" /Par ""\""$ServerOption::LOGGING_LEVEL(Int16)\"""";1 /Par ""\""$ServerOption::SYNCHRONIZED(Boolean)\"""";True /CALLERINFO SQLAGENT /REPORTING E",TIME_OVERLAP_ONLY
1240672,Project_Fact,DWH_SMALLER_FACT,CHECK_QUERY_DATA.dtsx,2026-09-02 07:10:01.3398235 +07:00,2026-09-02 07:10:06.8801411 +07:00,7,F5090C74-FE2C-479E-8A22-C23FD4B84C05,Areal Statement,2,DWH_STG_to_DWH_DM,SSIS,2026-09-02 00:02:16.000,2026-09-02 00:10:42.000,1,Succeeded,1105446,"/ISSERVER ""\""\SSISDB\Areal Statement\Areal Statement\DWH_STG_to_DWH_DM.dtsx\"""" /SERVER ""\""BGASVR-DWH-DEV\"""" /X86 /Par ""\""$ServerOption::LOGGING_LEVEL(Int16)\"""";1 /Par ""\""$ServerOption::SYNCHRONIZED(Boolean)\"""";True /CALLERINFO SQLAGENT /REPORTING E",TIME_OVERLAP_ONLY
1240672,Project_Fact,DWH_SMALLER_FACT,CHECK_QUERY_DATA.dtsx,2026-09-02 07:10:01.3398235 +07:00,2026-09-02 07:10:06.8801411 +07:00,7,1225ADC7-FF0D-402D-BAEA-A97F7FC50CB1,AWL,1,Staging,SSIS,2026-09-02 00:05:00.000,2026-09-02 00:17:03.000,1,Succeeded,1105451,"/ISSERVER ""\""\SSISDB\Project_Fact\AWL\Staging.dtsx\"""" /SERVER ""\"".\"""" /X86 /Par ""\""$ServerOption::LOGGING_LEVEL(Int16)\"""";1 /Par ""\""$ServerOption::SYNCHRONIZED(Boolean)\"""";True /CALLERINFO SQLAGENT /REPORTING E",TIME_OVERLAP_ONLY
1240672,Project_Fact,DWH_SMALLER_FACT,CHECK_QUERY_DATA.dtsx,2026-09-02 07:10:01.3398235 +07:00,2026-09-02 07:10:06.8801411 +07:00,7,F1DDA30D-6D72-4146-A71F-F5D1FBC1BCEB,Komparasi Overhead Metro,1,DWH_STG to DWH_DM,SSIS,2026-09-02 00:00:00.000,2026-09-02 00:21:57.000,1,Succeeded,1105460,"/ISSERVER ""\""\SSISDB\Komparasi Overhead Metro\Komparasi Overhead Metro\DWH_STG_to_DWH_DM.dtsx\"""" /SERVER ""\""BGASVR-DWH-DEV\"""" /Par ""\""$ServerOption::LOGGING_LEVEL(Int16)\"""";1 /Par ""\""$ServerOption::SYNCHRONIZED(Boolean)\"""";True /CALLERINFO SQLAGENT /REPORTING E",TIME_OVERLAP_ONLY
1240672,Project_Fact,DWH_SMALLER_FACT,CHECK_QUERY_DATA.dtsx,2026-09-02 07:10:01.3398235 +07:00,2026-09-02 07:10:06.8801411 +07:00,7,6DF699D9-EE52-4283-8C24-B72C5A2D84BF,SEQUENCE_TABLE_SPARTA,1,SEQ_STAGING_SPARTA,SSIS,2026-09-02 00:05:00.000,2026-09-02 00:25:01.000,1,Succeeded,1105466,"/ISSERVER ""\""\SSISDB\Sequence_Table\Sequence_Table\Seq_Staging_SPARTA.dtsx\"""" /SERVER ""\"".\"""" /Par ""\""$ServerOption::LOGGING_LEVEL(Int16)\"""";1 /Par ""\""$ServerOption::SYNCHRONIZED(Boolean)\"""";True /CALLERINFO SQLAGENT /REPORTING E",TIME_OVERLAP_ONLY
1240672,Project_Fact,DWH_SMALLER_FACT,CHECK_QUERY_DATA.dtsx,2026-09-02 07:10:01.3398235 +07:00,2026-09-02 07:10:06.8801411 +07:00,7,4405D861-AE6C-4CD7-8E9B-33591EE6C9F8,SEQUENCE_TABLE_SPARTA_4T,1,SEQ_STAGING_SPARTA_4T,SSIS,2026-09-02 00:00:00.000,2026-09-02 00:17:32.000,1,Succeeded,1105455,"/ISSERVER ""\""\SSISDB\Sequence_Table\Sequence_Table\Seq_Staging_SPARTA_4T.dtsx\"""" /SERVER ""\"".\"""" /Par ""\""$ServerOption::LOGGING_LEVEL(Int16)\"""";1 /Par ""\""$ServerOption::SYNCHRONIZED(Boolean)\"""";True /CALLERINFO SQLAGENT /REPORTING E",TIME_OVERLAP_ONLY
1240673,Project_Fact,ALOKASI_DAN_ABSENSI_HK,FACT_ALOKASI_DAN_ABSENSI_HK.dtsx,2026-09-02 07:10:09.0212605 +07:00,2026-09-02 07:18:39.5124934 +07:00,7,F1DDA30D-6D72-4146-A71F-F5D1FBC1BCEB,Komparasi Overhead Metro,1,DWH_STG to DWH_DM,SSIS,2026-09-02 00:00:00.000,2026-09-02 00:21:57.000,1,Succeeded,1105460,"/ISSERVER ""\""\SSISDB\Komparasi Overhead Metro\Komparasi Overhead Metro\DWH_STG_to_DWH_DM.dtsx\"""" /SERVER ""\""BGASVR-DWH-DEV\"""" /Par ""\""$ServerOption::LOGGING_LEVEL(Int16)\"""";1 /Par ""\""$ServerOption::SYNCHRONIZED(Boolean)\"""";True /CALLERINFO SQLAGENT /REPORTING E",TIME_OVERLAP_ONLY
1240673,Project_Fact,ALOKASI_DAN_ABSENSI_HK,FACT_ALOKASI_DAN_ABSENSI_HK.dtsx,2026-09-02 07:10:09.0212605 +07:00,2026-09-02 07:18:39.5124934 +07:00,7,6DF699D9-EE52-4283-8C24-B72C5A2D84BF,SEQUENCE_TABLE_SPARTA,1,SEQ_STAGING_SPARTA,SSIS,2026-09-02 00:05:00.000,2026-09-02 00:25:01.000,1,Succeeded,1105466,"/ISSERVER ""\""\SSISDB\Sequence_Table\Sequence_Table\Seq_Staging_SPARTA.dtsx\"""" /SERVER ""\"".\"""" /Par ""\""$ServerOption::LOGGING_LEVEL(Int16)\"""";1 /Par ""\""$ServerOption::SYNCHRONIZED(Boolean)\"""";True /CALLERINFO SQLAGENT /REPORTING E",TIME_OVERLAP_ONLY
1240674,Project_Fact,ALOKASI_DAN_ABSENSI_HK,FACT_PUSINGAN_PANEN_DAN_RAWAT.dtsx,2026-09-02 07:18:44.2337602 +07:00,2026-09-02 07:21:51.2114709 +07:00,7,F1DDA30D-6D72-4146-A71F-F5D1FBC1BCEB,Komparasi Overhead Metro,1,DWH_STG to DWH_DM,SSIS,2026-09-02 00:00:00.000,2026-09-02 00:21:57.000,1,Succeeded,1105460,"/ISSERVER ""\""\SSISDB\Komparasi Overhead Metro\Komparasi Overhead Metro\DWH_STG_to_DWH_DM.dtsx\"""" /SERVER ""\""BGASVR-DWH-DEV\"""" /Par ""\""$ServerOption::LOGGING_LEVEL(Int16)\"""";1 /Par ""\""$ServerOption::SYNCHRONIZED(Boolean)\"""";True /CALLERINFO SQLAGENT /REPORTING E",TIME_OVERLAP_ONLY
1240674,Project_Fact,ALOKASI_DAN_ABSENSI_HK,FACT_PUSINGAN_PANEN_DAN_RAWAT.dtsx,2026-09-02 07:18:44.2337602 +07:00,2026-09-02 07:21:51.2114709 +07:00,7,6DF699D9-EE52-4283-8C24-B72C5A2D84BF,SEQUENCE_TABLE_SPARTA,1,SEQ_STAGING_SPARTA,SSIS,2026-09-02 00:05:00.000,2026-09-02 00:25:01.000,1,Succeeded,1105466,"/ISSERVER ""\""\SSISDB\Sequence_Table\Sequence_Table\Seq_Staging_SPARTA.dtsx\"""" /SERVER ""\"".\"""" /Par ""\""$ServerOption::LOGGING_LEVEL(Int16)\"""";1 /Par ""\""$ServerOption::SYNCHRONIZED(Boolean)\"""";True /CALLERINFO SQLAGENT /REPORTING E",TIME_OVERLAP_ONLY
1240674,Project_Fact,ALOKASI_DAN_ABSENSI_HK,FACT_PUSINGAN_PANEN_DAN_RAWAT.dtsx,2026-09-02 07:18:44.2337602 +07:00,2026-09-02 07:21:51.2114709 +07:00,7,4405D861-AE6C-4CD7-8E9B-33591EE6C9F8,SEQUENCE_TABLE_SPARTA_4T,2,CREATE TABLE FORMAT BPS,TSQL,2026-09-02 00:17:32.000,2026-09-02 00:28:01.000,1,Succeeded,1105470,"--SPB BLOK-- DROP TABLE DWH_STG.stg.SPARTA_SPB_BLOK  SELECT * INTO DWH_STG.stg.SPARTA_SPB_BLOK FROM DWH_STG.dbo.V_SPARTA_SPB_BLOK   --SPB-- DROP TABLE DWH_STG.stg.SPARTA_SPB  SELECT * INTO DWH_STG.stg.SPARTA_SPB FROM DWH_STG.dbo.V_SPARTA_SPB ",TIME_OVERLAP_ONLY
1240676,Project_Fact,DWH_TRAKSI,STG_TRAKSI_LHT.dtsx,2026-09-02 07:20:00.5921334 +07:00,2026-09-02 07:20:07.3075187 +07:00,7,F1DDA30D-6D72-4146-A71F-F5D1FBC1BCEB,Komparasi Overhead Metro,1,DWH_STG to DWH_DM,SSIS,2026-09-02 00:00:00.000,2026-09-02 00:21:57.000,1,Succeeded,1105460,"/ISSERVER ""\""\SSISDB\Komparasi Overhead Metro\Komparasi Overhead Metro\DWH_STG_to_DWH_DM.dtsx\"""" /SERVER ""\""BGASVR-DWH-DEV\"""" /Par ""\""$ServerOption::LOGGING_LEVEL(Int16)\"""";1 /Par ""\""$ServerOption::SYNCHRONIZED(Boolean)\"""";True /CALLERINFO SQLAGENT /REPORTING E",TIME_OVERLAP_ONLY
1240676,Project_Fact,DWH_TRAKSI,STG_TRAKSI_LHT.dtsx,2026-09-02 07:20:00.5921334 +07:00,2026-09-02 07:20:07.3075187 +07:00,7,FE9026B2-F82D-40D6-B45D-FC7BF486816F,SEQUENCE_TABLE_SAP_BSIS_BSAS_BSIK_BSAK_BSID_BSAD_BKPF,7,Seq_BKPF,SSIS,2026-09-02 00:19:24.000,2026-09-02 00:23:25.000,1,Succeeded,1105463,"/ISSERVER ""\""\SSISDB\Sequence_Table\Sequence_Table\Seq_BKPF.dtsx\"""" /SERVER ""\"".\"""" /Par ""\""$ServerOption::LOGGING_LEVEL(Int16)\"""";1 /Par ""\""$ServerOption::SYNCHRONIZED(Boolean)\"""";True /CALLERINFO SQLAGENT /REPORTING E",TIME_OVERLAP_ONLY
1240676,Project_Fact,DWH_TRAKSI,STG_TRAKSI_LHT.dtsx,2026-09-02 07:20:00.5921334 +07:00,2026-09-02 07:20:07.3075187 +07:00,7,6DF699D9-EE52-4283-8C24-B72C5A2D84BF,SEQUENCE_TABLE_SPARTA,1,SEQ_STAGING_SPARTA,SSIS,2026-09-02 00:05:00.000,2026-09-02 00:25:01.000,1,Succeeded,1105466,"/ISSERVER ""\""\SSISDB\Sequence_Table\Sequence_Table\Seq_Staging_SPARTA.dtsx\"""" /SERVER ""\"".\"""" /Par ""\""$ServerOption::LOGGING_LEVEL(Int16)\"""";1 /Par ""\""$ServerOption::SYNCHRONIZED(Boolean)\"""";True /CALLERINFO SQLAGENT /REPORTING E",TIME_OVERLAP_ONLY
1240676,Project_Fact,DWH_TRAKSI,STG_TRAKSI_LHT.dtsx,2026-09-02 07:20:00.5921334 +07:00,2026-09-02 07:20:07.3075187 +07:00,7,4405D861-AE6C-4CD7-8E9B-33591EE6C9F8,SEQUENCE_TABLE_SPARTA_4T,2,CREATE TABLE FORMAT BPS,TSQL,2026-09-02 00:17:32.000,2026-09-02 00:28:01.000,1,Succeeded,1105470,"--SPB BLOK-- DROP TABLE DWH_STG.stg.SPARTA_SPB_BLOK  SELECT * INTO DWH_STG.stg.SPARTA_SPB_BLOK FROM DWH_STG.dbo.V_SPARTA_SPB_BLOK   --SPB-- DROP TABLE DWH_STG.stg.SPARTA_SPB  SELECT * INTO DWH_STG.stg.SPARTA_SPB FROM DWH_STG.dbo.V_SPARTA_SPB ",TIME_OVERLAP_ONLY
1240675,Project_Fact,Vehicle Registration,FACT_VR.dtsx,2026-09-02 07:20:00.6141358 +07:00,2026-09-02 07:20:10.8797263 +07:00,7,F1DDA30D-6D72-4146-A71F-F5D1FBC1BCEB,Komparasi Overhead Metro,1,DWH_STG to DWH_DM,SSIS,2026-09-02 00:00:00.000,2026-09-02 00:21:57.000,1,Succeeded,1105460,"/ISSERVER ""\""\SSISDB\Komparasi Overhead Metro\Komparasi Overhead Metro\DWH_STG_to_DWH_DM.dtsx\"""" /SERVER ""\""BGASVR-DWH-DEV\"""" /Par ""\""$ServerOption::LOGGING_LEVEL(Int16)\"""";1 /Par ""\""$ServerOption::SYNCHRONIZED(Boolean)\"""";True /CALLERINFO SQLAGENT /REPORTING E",TIME_OVERLAP_ONLY
1240675,Project_Fact,Vehicle Registration,FACT_VR.dtsx,2026-09-02 07:20:00.6141358 +07:00,2026-09-02 07:20:10.8797263 +07:00,7,FE9026B2-F82D-40D6-B45D-FC7BF486816F,SEQUENCE_TABLE_SAP_BSIS_BSAS_BSIK_BSAK_BSID_BSAD_BKPF,7,Seq_BKPF,SSIS,2026-09-02 00:19:24.000,2026-09-02 00:23:25.000,1,Succeeded,1105463,"/ISSERVER ""\""\SSISDB\Sequence_Table\Sequence_Table\Seq_BKPF.dtsx\"""" /SERVER ""\"".\"""" /Par ""\""$ServerOption::LOGGING_LEVEL(Int16)\"""";1 /Par ""\""$ServerOption::SYNCHRONIZED(Boolean)\"""";True /CALLERINFO SQLAGENT /REPORTING E",TIME_OVERLAP_ONLY
1240675,Project_Fact,Vehicle Registration,FACT_VR.dtsx,2026-09-02 07:20:00.6141358 +07:00,2026-09-02 07:20:10.8797263 +07:00,7,6DF699D9-EE52-4283-8C24-B72C5A2D84BF,SEQUENCE_TABLE_SPARTA,1,SEQ_STAGING_SPARTA,SSIS,2026-09-02 00:05:00.000,2026-09-02 00:25:01.000,1,Succeeded,1105466,"/ISSERVER ""\""\SSISDB\Sequence_Table\Sequence_Table\Seq_Staging_SPARTA.dtsx\"""" /SERVER ""\"".\"""" /Par ""\""$ServerOption::LOGGING_LEVEL(Int16)\"""";1 /Par ""\""$ServerOption::SYNCHRONIZED(Boolean)\"""";True /CALLERINFO SQLAGENT /REPORTING E",TIME_OVERLAP_ONLY
1240675,Project_Fact,Vehicle Registration,FACT_VR.dtsx,2026-09-02 07:20:00.6141358 +07:00,2026-09-02 07:20:10.8797263 +07:00,7,4405D861-AE6C-4CD7-8E9B-33591EE6C9F8,SEQUENCE_TABLE_SPARTA_4T,2,CREATE TABLE FORMAT BPS,TSQL,2026-09-02 00:17:32.000,2026-09-02 00:28:01.000,1,Succeeded,1105470,"--SPB BLOK-- DROP TABLE DWH_STG.stg.SPARTA_SPB_BLOK  SELECT * INTO DWH_STG.stg.SPARTA_SPB_BLOK FROM DWH_STG.dbo.V_SPARTA_SPB_BLOK   --SPB-- DROP TABLE DWH_STG.stg.SPARTA_SPB  SELECT * INTO DWH_STG.stg.SPARTA_SPB FROM DWH_STG.dbo.V_SPARTA_SPB ",TIME_OVERLAP_ONLY
1240677,Project_Fact,DWH_TRAKSI,FACT_TRAKSI_LHT.dtsx,2026-09-02 07:20:09.6966572 +07:00,2026-09-02 07:23:30.8971805 +07:00,7,6DF699D9-EE52-4283-8C24-B72C5A2D84BF,SEQUENCE_TABLE_SPARTA,1,SEQ_STAGING_SPARTA,SSIS,2026-09-02 00:05:00.000,2026-09-02 00:25:01.000,1,Succeeded,1105466,"/ISSERVER ""\""\SSISDB\Sequence_Table\Sequence_Table\Seq_Staging_SPARTA.dtsx\"""" /SERVER ""\"".\"""" /Par ""\""$ServerOption::LOGGING_LEVEL(Int16)\"""";1 /Par ""\""$ServerOption::SYNCHRONIZED(Boolean)\"""";True /CALLERINFO SQLAGENT /REPORTING E",TIME_OVERLAP_ONLY
1240677,Project_Fact,DWH_TRAKSI,FACT_TRAKSI_LHT.dtsx,2026-09-02 07:20:09.6966572 +07:00,2026-09-02 07:23:30.8971805 +07:00,7,4405D861-AE6C-4CD7-8E9B-33591EE6C9F8,SEQUENCE_TABLE_SPARTA_4T,2,CREATE TABLE FORMAT BPS,TSQL,2026-09-02 00:17:32.000,2026-09-02 00:28:01.000,1,Succeeded,1105470,"--SPB BLOK-- DROP TABLE DWH_STG.stg.SPARTA_SPB_BLOK  SELECT * INTO DWH_STG.stg.SPARTA_SPB_BLOK FROM DWH_STG.dbo.V_SPARTA_SPB_BLOK   --SPB-- DROP TABLE DWH_STG.stg.SPARTA_SPB  SELECT * INTO DWH_STG.stg.SPARTA_SPB FROM DWH_STG.dbo.V_SPARTA_SPB ",TIME_OVERLAP_ONLY
1240679,Project_Fact,DWH_TRAKSI,FACT_LHT_AB.dtsx,2026-09-02 07:23:34.0513596 +07:00,2026-09-02 07:25:29.5389727 +07:00,7,4405D861-AE6C-4CD7-8E9B-33591EE6C9F8,SEQUENCE_TABLE_SPARTA_4T,2,CREATE TABLE FORMAT BPS,TSQL,2026-09-02 00:17:32.000,2026-09-02 00:28:01.000,1,Succeeded,1105470,"--SPB BLOK-- DROP TABLE DWH_STG.stg.SPARTA_SPB_BLOK  SELECT * INTO DWH_STG.stg.SPARTA_SPB_BLOK FROM DWH_STG.dbo.V_SPARTA_SPB_BLOK   --SPB-- DROP TABLE DWH_STG.stg.SPARTA_SPB  SELECT * INTO DWH_STG.stg.SPARTA_SPB FROM DWH_STG.dbo.V_SPARTA_SPB ",TIME_OVERLAP_ONLY
1240680,Project_Fact,UANG_MUKA_PROJECT,FACT_UANG_MUKA.dtsx,2026-09-02 07:30:01.9125743 +07:00,2026-09-02 07:32:49.8251842 +07:00,7,B37FB395-F8FE-410F-BD05-0159C3640595,Daily Opr - Produksi TBS,5,Fact Monitoring TBS,SSIS,2026-09-02 00:28:17.000,2026-09-02 00:43:37.000,1,Succeeded,1105494,"/ISSERVER ""\""\SSISDB\Project_Fact\DAILY_DASHBOARD_PROJECT\FACT_DD_TBS.dtsx\"""" /SERVER ""\"".\"""" /Par ""\""$ServerOption::LOGGING_LEVEL(Int16)\"""";1 /Par ""\""$ServerOption::SYNCHRONIZED(Boolean)\"""";True /CALLERINFO SQLAGENT /REPORTING E",TIME_OVERLAP_ONLY
1240680,Project_Fact,UANG_MUKA_PROJECT,FACT_UANG_MUKA.dtsx,2026-09-02 07:30:01.9125743 +07:00,2026-09-02 07:32:49.8251842 +07:00,7,E7058D5B-8495-41D8-AC54-73871C098FB3,DWH_MACHINE_LEARNING,2,Fact Analisa Produksi,SSIS,2026-09-02 00:28:25.000,2026-09-02 00:35:15.000,1,Succeeded,1105490,"/ISSERVER ""\""\SSISDB\Project_Fact\MACHINE_LEARNING\FACT_AP_TBS_.dtsx\"""" /SERVER ""\"".\"""" /Par ""\""$ServerOption::LOGGING_LEVEL(Int16)\"""";1 /Par ""\""$ServerOption::SYNCHRONIZED(Boolean)\"""";True /CALLERINFO SQLAGENT /REPORTING E",TIME_OVERLAP_ONLY
1240680,Project_Fact,UANG_MUKA_PROJECT,FACT_UANG_MUKA.dtsx,2026-09-02 07:30:01.9125743 +07:00,2026-09-02 07:32:49.8251842 +07:00,7,34DE8AEE-46BD-45E9-B0B2-D068006FBBF5,Premi dan Lembur,1,DWH_STG to DWH_DM,SSIS,2026-09-02 00:28:02.000,2026-09-02 01:13:16.000,1,Succeeded,1105515,"/ISSERVER ""\""\SSISDB\Project_Fact\premi dan lembur monitoring\DWH_STG to DWH_DM.dtsx\"""" /SERVER ""\""BGASVR-DWH-DEV\"""" /Par ""\""$ServerOption::LOGGING_LEVEL(Int16)\"""";1 /Par ""\""$ServerOption::SYNCHRONIZED(Boolean)\"""";True /CALLERINFO SQLAGENT /REPORTING E",TIME_OVERLAP_ONLY
1240680,Project_Fact,UANG_MUKA_PROJECT,FACT_UANG_MUKA.dtsx,2026-09-02 07:30:01.9125743 +07:00,2026-09-02 07:32:49.8251842 +07:00,7,09FAE57B-5538-41B1-91A9-65019FD26DE1,SEQUENCE_TABLE_SAP,1,SEQ_STAGING,SSIS,2026-09-02 00:30:00.000,2026-09-02 00:54:29.000,1,Succeeded,1105499,"/ISSERVER ""\""\SSISDB\Sequence_Table\Sequence_Table\Seq_Staging_SAP.dtsx\"""" /SERVER ""\"".\"""" /Par ""\""$ServerOption::LOGGING_LEVEL(Int16)\"""";1 /Par ""\""$ServerOption::SYNCHRONIZED(Boolean)\"""";True /CALLERINFO SQLAGENT /REPORTING E",TIME_OVERLAP_ONLY
1240680,Project_Fact,UANG_MUKA_PROJECT,FACT_UANG_MUKA.dtsx,2026-09-02 07:30:01.9125743 +07:00,2026-09-02 07:32:49.8251842 +07:00,7,8E911887-10E9-41BB-95BE-5FDA1D5F6EAF,SEQUENCE_TABLE_SPARTA_QA,1,Staging,SSIS,2026-09-02 00:30:00.000,2026-09-02 00:35:34.000,1,Succeeded,1105492,"/ISSERVER ""\""\SSISDB\Sequence_Table\Sequence_Table\Seq_Staging_SPARTA_QA.dtsx\"""" /SERVER ""\"".\"""" /Par ""\""$ServerOption::LOGGING_LEVEL(Int16)\"""";1 /Par ""\""$ServerOption::SYNCHRONIZED(Boolean)\"""";True /CALLERINFO SQLAGENT /REPORTING E",TIME_OVERLAP_ONLY
1240680,Project_Fact,UANG_MUKA_PROJECT,FACT_UANG_MUKA.dtsx,2026-09-02 07:30:01.9125743 +07:00,2026-09-02 07:32:49.8251842 +07:00,7,DE99768D-2EE9-43B7-999B-94D63699444F,SPARTA FACT,3,Fact Sparta Payroll,SSIS,2026-09-02 00:28:05.000,2026-09-02 00:46:15.000,1,Succeeded,1105496,"/ISSERVER ""\""\SSISDB\Project_Fact\SPARTA_PROJECT\FACT_SPARTA_PAYROLL.dtsx\"""" /SERVER ""\""BGASVR-DWH-DEV\"""" /Par ""\""$ServerOption::LOGGING_LEVEL(Int16)\"""";1 /Par ""\""$ServerOption::SYNCHRONIZED(Boolean)\"""";True /CALLERINFO SQLAGENT /REPORTING E",TIME_OVERLAP_ONLY
1240680,Project_Fact,UANG_MUKA_PROJECT,FACT_UANG_MUKA.dtsx,2026-09-02 07:30:01.9125743 +07:00,2026-09-02 07:32:49.8251842 +07:00,7,5ECE39E8-D47A-4559-A8E7-5766D4B949E0,SPARTA FACT 4T,4,Fact Sparta LHA,SSIS,2026-09-02 00:28:49.000,2026-09-02 01:08:01.000,1,Succeeded,1105506,"/ISSERVER ""\""\SSISDB\Project_Fact\SPARTA_PROJECT\FACT_SPARTA_LHA_NEW.dtsx\"""" /SERVER ""\"".\"""" /Par ""\""$ServerOption::LOGGING_LEVEL(Int16)\"""";1 /Par ""\""$ServerOption::SYNCHRONIZED(Boolean)\"""";True /CALLERINFO SQLAGENT /REPORTING E",TIME_OVERLAP_ONLY
1240681,Project_Fact,Rekapitulasi,Fact_Rekapitulasi.dtsx,2026-09-02 07:30:01.9125743 +07:00,2026-09-02 07:30:26.5469850 +07:00,7,B37FB395-F8FE-410F-BD05-0159C3640595,Daily Opr - Produksi TBS,5,Fact Monitoring TBS,SSIS,2026-09-02 00:28:17.000,2026-09-02 00:43:37.000,1,Succeeded,1105494,"/ISSERVER ""\""\SSISDB\Project_Fact\DAILY_DASHBOARD_PROJECT\FACT_DD_TBS.dtsx\"""" /SERVER ""\"".\"""" /Par ""\""$ServerOption::LOGGING_LEVEL(Int16)\"""";1 /Par ""\""$ServerOption::SYNCHRONIZED(Boolean)\"""";True /CALLERINFO SQLAGENT /REPORTING E",TIME_OVERLAP_ONLY
1240681,Project_Fact,Rekapitulasi,Fact_Rekapitulasi.dtsx,2026-09-02 07:30:01.9125743 +07:00,2026-09-02 07:30:26.5469850 +07:00,7,E7058D5B-8495-41D8-AC54-73871C098FB3,DWH_MACHINE_LEARNING,2,Fact Analisa Produksi,SSIS,2026-09-02 00:28:25.000,2026-09-02 00:35:15.000,1,Succeeded,1105490,"/ISSERVER ""\""\SSISDB\Project_Fact\MACHINE_LEARNING\FACT_AP_TBS_.dtsx\"""" /SERVER ""\"".\"""" /Par ""\""$ServerOption::LOGGING_LEVEL(Int16)\"""";1 /Par ""\""$ServerOption::SYNCHRONIZED(Boolean)\"""";True /CALLERINFO SQLAGENT /REPORTING E",TIME_OVERLAP_ONLY
1240681,Project_Fact,Rekapitulasi,Fact_Rekapitulasi.dtsx,2026-09-02 07:30:01.9125743 +07:00,2026-09-02 07:30:26.5469850 +07:00,7,34DE8AEE-46BD-45E9-B0B2-D068006FBBF5,Premi dan Lembur,1,DWH_STG to DWH_DM,SSIS,2026-09-02 00:28:02.000,2026-09-02 01:13:16.000,1,Succeeded,1105515,"/ISSERVER ""\""\SSISDB\Project_Fact\premi dan lembur monitoring\DWH_STG to DWH_DM.dtsx\"""" /SERVER ""\""BGASVR-DWH-DEV\"""" /Par ""\""$ServerOption::LOGGING_LEVEL(Int16)\"""";1 /Par ""\""$ServerOption::SYNCHRONIZED(Boolean)\"""";True /CALLERINFO SQLAGENT /REPORTING E",TIME_OVERLAP_ONLY
1240681,Project_Fact,Rekapitulasi,Fact_Rekapitulasi.dtsx,2026-09-02 07:30:01.9125743 +07:00,2026-09-02 07:30:26.5469850 +07:00,7,09FAE57B-5538-41B1-91A9-65019FD26DE1,SEQUENCE_TABLE_SAP,1,SEQ_STAGING,SSIS,2026-09-02 00:30:00.000,2026-09-02 00:54:29.000,1,Succeeded,1105499,"/ISSERVER ""\""\SSISDB\Sequence_Table\Sequence_Table\Seq_Staging_SAP.dtsx\"""" /SERVER ""\"".\"""" /Par ""\""$ServerOption::LOGGING_LEVEL(Int16)\"""";1 /Par ""\""$ServerOption::SYNCHRONIZED(Boolean)\"""";True /CALLERINFO SQLAGENT /REPORTING E",TIME_OVERLAP_ONLY
1240681,Project_Fact,Rekapitulasi,Fact_Rekapitulasi.dtsx,2026-09-02 07:30:01.9125743 +07:00,2026-09-02 07:30:26.5469850 +07:00,7,8E911887-10E9-41BB-95BE-5FDA1D5F6EAF,SEQUENCE_TABLE_SPARTA_QA,1,Staging,SSIS,2026-09-02 00:30:00.000,2026-09-02 00:35:34.000,1,Succeeded,1105492,"/ISSERVER ""\""\SSISDB\Sequence_Table\Sequence_Table\Seq_Staging_SPARTA_QA.dtsx\"""" /SERVER ""\"".\"""" /Par ""\""$ServerOption::LOGGING_LEVEL(Int16)\"""";1 /Par ""\""$ServerOption::SYNCHRONIZED(Boolean)\"""";True /CALLERINFO SQLAGENT /REPORTING E",TIME_OVERLAP_ONLY
1240681,Project_Fact,Rekapitulasi,Fact_Rekapitulasi.dtsx,2026-09-02 07:30:01.9125743 +07:00,2026-09-02 07:30:26.5469850 +07:00,7,DE99768D-2EE9-43B7-999B-94D63699444F,SPARTA FACT,3,Fact Sparta Payroll,SSIS,2026-09-02 00:28:05.000,2026-09-02 00:46:15.000,1,Succeeded,1105496,"/ISSERVER ""\""\SSISDB\Project_Fact\SPARTA_PROJECT\FACT_SPARTA_PAYROLL.dtsx\"""" /SERVER ""\""BGASVR-DWH-DEV\"""" /Par ""\""$ServerOption::LOGGING_LEVEL(Int16)\"""";1 /Par ""\""$ServerOption::SYNCHRONIZED(Boolean)\"""";True /CALLERINFO SQLAGENT /REPORTING E",TIME_OVERLAP_ONLY
1240681,Project_Fact,Rekapitulasi,Fact_Rekapitulasi.dtsx,2026-09-02 07:30:01.9125743 +07:00,2026-09-02 07:30:26.5469850 +07:00,7,5ECE39E8-D47A-4559-A8E7-5766D4B949E0,SPARTA FACT 4T,4,Fact Sparta LHA,SSIS,2026-09-02 00:28:49.000,2026-09-02 01:08:01.000,1,Succeeded,1105506,"/ISSERVER ""\""\SSISDB\Project_Fact\SPARTA_PROJECT\FACT_SPARTA_LHA_NEW.dtsx\"""" /SERVER ""\"".\"""" /Par ""\""$ServerOption::LOGGING_LEVEL(Int16)\"""";1 /Par ""\""$ServerOption::SYNCHRONIZED(Boolean)\"""";True /CALLERINFO SQLAGENT /REPORTING E",TIME_OVERLAP_ONLY
1240682,Project_Fact,DAILY_DASHBOARD_PROJECT,STG_TBS_EXTERNAL.dtsx,2026-09-02 07:30:01.9205770 +07:00,2026-09-02 07:31:22.3881804 +07:00,7,B37FB395-F8FE-410F-BD05-0159C3640595,Daily Opr - Produksi TBS,5,Fact Monitoring TBS,SSIS,2026-09-02 00:28:17.000,2026-09-02 00:43:37.000,1,Succeeded,1105494,"/ISSERVER ""\""\SSISDB\Project_Fact\DAILY_DASHBOARD_PROJECT\FACT_DD_TBS.dtsx\"""" /SERVER ""\"".\"""" /Par ""\""$ServerOption::LOGGING_LEVEL(Int16)\"""";1 /Par ""\""$ServerOption::SYNCHRONIZED(Boolean)\"""";True /CALLERINFO SQLAGENT /REPORTING E",TIME_OVERLAP_ONLY
1240682,Project_Fact,DAILY_DASHBOARD_PROJECT,STG_TBS_EXTERNAL.dtsx,2026-09-02 07:30:01.9205770 +07:00,2026-09-02 07:31:22.3881804 +07:00,7,E7058D5B-8495-41D8-AC54-73871C098FB3,DWH_MACHINE_LEARNING,2,Fact Analisa Produksi,SSIS,2026-09-02 00:28:25.000,2026-09-02 00:35:15.000,1,Succeeded,1105490,"/ISSERVER ""\""\SSISDB\Project_Fact\MACHINE_LEARNING\FACT_AP_TBS_.dtsx\"""" /SERVER ""\"".\"""" /Par ""\""$ServerOption::LOGGING_LEVEL(Int16)\"""";1 /Par ""\""$ServerOption::SYNCHRONIZED(Boolean)\"""";True /CALLERINFO SQLAGENT /REPORTING E",TIME_OVERLAP_ONLY
1240682,Project_Fact,DAILY_DASHBOARD_PROJECT,STG_TBS_EXTERNAL.dtsx,2026-09-02 07:30:01.9205770 +07:00,2026-09-02 07:31:22.3881804 +07:00,7,34DE8AEE-46BD-45E9-B0B2-D068006FBBF5,Premi dan Lembur,1,DWH_STG to DWH_DM,SSIS,2026-09-02 00:28:02.000,2026-09-02 01:13:16.000,1,Succeeded,1105515,"/ISSERVER ""\""\SSISDB\Project_Fact\premi dan lembur monitoring\DWH_STG to DWH_DM.dtsx\"""" /SERVER ""\""BGASVR-DWH-DEV\"""" /Par ""\""$ServerOption::LOGGING_LEVEL(Int16)\"""";1 /Par ""\""$ServerOption::SYNCHRONIZED(Boolean)\"""";True /CALLERINFO SQLAGENT /REPORTING E",TIME_OVERLAP_ONLY
1240682,Project_Fact,DAILY_DASHBOARD_PROJECT,STG_TBS_EXTERNAL.dtsx,2026-09-02 07:30:01.9205770 +07:00,2026-09-02 07:31:22.3881804 +07:00,7,09FAE57B-5538-41B1-91A9-65019FD26DE1,SEQUENCE_TABLE_SAP,1,SEQ_STAGING,SSIS,2026-09-02 00:30:00.000,2026-09-02 00:54:29.000,1,Succeeded,1105499,"/ISSERVER ""\""\SSISDB\Sequence_Table\Sequence_Table\Seq_Staging_SAP.dtsx\"""" /SERVER ""\"".\"""" /Par ""\""$ServerOption::LOGGING_LEVEL(Int16)\"""";1 /Par ""\""$ServerOption::SYNCHRONIZED(Boolean)\"""";True /CALLERINFO SQLAGENT /REPORTING E",TIME_OVERLAP_ONLY
1240682,Project_Fact,DAILY_DASHBOARD_PROJECT,STG_TBS_EXTERNAL.dtsx,2026-09-02 07:30:01.9205770 +07:00,2026-09-02 07:31:22.3881804 +07:00,7,8E911887-10E9-41BB-95BE-5FDA1D5F6EAF,SEQUENCE_TABLE_SPARTA_QA,1,Staging,SSIS,2026-09-02 00:30:00.000,2026-09-02 00:35:34.000,1,Succeeded,1105492,"/ISSERVER ""\""\SSISDB\Sequence_Table\Sequence_Table\Seq_Staging_SPARTA_QA.dtsx\"""" /SERVER ""\"".\"""" /Par ""\""$ServerOption::LOGGING_LEVEL(Int16)\"""";1 /Par ""\""$ServerOption::SYNCHRONIZED(Boolean)\"""";True /CALLERINFO SQLAGENT /REPORTING E",TIME_OVERLAP_ONLY
1240682,Project_Fact,DAILY_DASHBOARD_PROJECT,STG_TBS_EXTERNAL.dtsx,2026-09-02 07:30:01.9205770 +07:00,2026-09-02 07:31:22.3881804 +07:00,7,DE99768D-2EE9-43B7-999B-94D63699444F,SPARTA FACT,3,Fact Sparta Payroll,SSIS,2026-09-02 00:28:05.000,2026-09-02 00:46:15.000,1,Succeeded,1105496,"/ISSERVER ""\""\SSISDB\Project_Fact\SPARTA_PROJECT\FACT_SPARTA_PAYROLL.dtsx\"""" /SERVER ""\""BGASVR-DWH-DEV\"""" /Par ""\""$ServerOption::LOGGING_LEVEL(Int16)\"""";1 /Par ""\""$ServerOption::SYNCHRONIZED(Boolean)\"""";True /CALLERINFO SQLAGENT /REPORTING E",TIME_OVERLAP_ONLY
1240682,Project_Fact,DAILY_DASHBOARD_PROJECT,STG_TBS_EXTERNAL.dtsx,2026-09-02 07:30:01.9205770 +07:00,2026-09-02 07:31:22.3881804 +07:00,7,5ECE39E8-D47A-4559-A8E7-5766D4B949E0,SPARTA FACT 4T,4,Fact Sparta LHA,SSIS,2026-09-02 00:28:49.000,2026-09-02 01:08:01.000,1,Succeeded,1105506,"/ISSERVER ""\""\SSISDB\Project_Fact\SPARTA_PROJECT\FACT_SPARTA_LHA_NEW.dtsx\"""" /SERVER ""\"".\"""" /Par ""\""$ServerOption::LOGGING_LEVEL(Int16)\"""";1 /Par ""\""$ServerOption::SYNCHRONIZED(Boolean)\"""";True /CALLERINFO SQLAGENT /REPORTING E",TIME_OVERLAP_ONLY
1240683,Project_Fact,DAILY_DASHBOARD_PROJECT,FACT_DD_TBS.dtsx,2026-09-02 07:31:24.8643254 +07:00,2026-09-02 07:48:42.7127538 +07:00,7,34DE8AEE-46BD-45E9-B0B2-D068006FBBF5,Premi dan Lembur,1,DWH_STG to DWH_DM,SSIS,2026-09-02 00:28:02.000,2026-09-02 01:13:16.000,1,Succeeded,1105515,"/ISSERVER ""\""\SSISDB\Project_Fact\premi dan lembur monitoring\DWH_STG to DWH_DM.dtsx\"""" /SERVER ""\""BGASVR-DWH-DEV\"""" /Par ""\""$ServerOption::LOGGING_LEVEL(Int16)\"""";1 /Par ""\""$ServerOption::SYNCHRONIZED(Boolean)\"""";True /CALLERINFO SQLAGENT /REPORTING E",TIME_OVERLAP_ONLY
1240683,Project_Fact,DAILY_DASHBOARD_PROJECT,FACT_DD_TBS.dtsx,2026-09-02 07:31:24.8643254 +07:00,2026-09-02 07:48:42.7127538 +07:00,7,09FAE57B-5538-41B1-91A9-65019FD26DE1,SEQUENCE_TABLE_SAP,1,SEQ_STAGING,SSIS,2026-09-02 00:30:00.000,2026-09-02 00:54:29.000,1,Succeeded,1105499,"/ISSERVER ""\""\SSISDB\Sequence_Table\Sequence_Table\Seq_Staging_SAP.dtsx\"""" /SERVER ""\"".\"""" /Par ""\""$ServerOption::LOGGING_LEVEL(Int16)\"""";1 /Par ""\""$ServerOption::SYNCHRONIZED(Boolean)\"""";True /CALLERINFO SQLAGENT /REPORTING E",TIME_OVERLAP_ONLY
1240683,Project_Fact,DAILY_DASHBOARD_PROJECT,FACT_DD_TBS.dtsx,2026-09-02 07:31:24.8643254 +07:00,2026-09-02 07:48:42.7127538 +07:00,7,5ECE39E8-D47A-4559-A8E7-5766D4B949E0,SPARTA FACT 4T,4,Fact Sparta LHA,SSIS,2026-09-02 00:28:49.000,2026-09-02 01:08:01.000,1,Succeeded,1105506,"/ISSERVER ""\""\SSISDB\Project_Fact\SPARTA_PROJECT\FACT_SPARTA_LHA_NEW.dtsx\"""" /SERVER ""\"".\"""" /Par ""\""$ServerOption::LOGGING_LEVEL(Int16)\"""";1 /Par ""\""$ServerOption::SYNCHRONIZED(Boolean)\"""";True /CALLERINFO SQLAGENT /REPORTING E",TIME_OVERLAP_ONLY
1240684,Project_Fact,SPK_BAPP,SPK_BAPP.dtsx,2026-09-02 07:45:01.0640615 +07:00,2026-09-02 07:45:17.5710100 +07:00,7,B37FB395-F8FE-410F-BD05-0159C3640595,Daily Opr - Produksi TBS,7,ProduksiTBS_SSAS,ANALYSISQUERY,2026-09-02 00:44:49.000,2026-09-02 00:52:47.000,1,Succeeded,1105497,"{   ""refresh"": {     ""type"": ""full"",     ""objects"": [       {         ""database"": ""Produksi TBS""       }     ]   } }",TIME_OVERLAP_ONLY
1240684,Project_Fact,SPK_BAPP,SPK_BAPP.dtsx,2026-09-02 07:45:01.0640615 +07:00,2026-09-02 07:45:17.5710100 +07:00,7,34DE8AEE-46BD-45E9-B0B2-D068006FBBF5,Premi dan Lembur,1,DWH_STG to DWH_DM,SSIS,2026-09-02 00:28:02.000,2026-09-02 01:13:16.000,1,Succeeded,1105515,"/ISSERVER ""\""\SSISDB\Project_Fact\premi dan lembur monitoring\DWH_STG to DWH_DM.dtsx\"""" /SERVER ""\""BGASVR-DWH-DEV\"""" /Par ""\""$ServerOption::LOGGING_LEVEL(Int16)\"""";1 /Par ""\""$ServerOption::SYNCHRONIZED(Boolean)\"""";True /CALLERINFO SQLAGENT /REPORTING E",TIME_OVERLAP_ONLY
1240684,Project_Fact,SPK_BAPP,SPK_BAPP.dtsx,2026-09-02 07:45:01.0640615 +07:00,2026-09-02 07:45:17.5710100 +07:00,7,09FAE57B-5538-41B1-91A9-65019FD26DE1,SEQUENCE_TABLE_SAP,1,SEQ_STAGING,SSIS,2026-09-02 00:30:00.000,2026-09-02 00:54:29.000,1,Succeeded,1105499,"/ISSERVER ""\""\SSISDB\Sequence_Table\Sequence_Table\Seq_Staging_SAP.dtsx\"""" /SERVER ""\"".\"""" /Par ""\""$ServerOption::LOGGING_LEVEL(Int16)\"""";1 /Par ""\""$ServerOption::SYNCHRONIZED(Boolean)\"""";True /CALLERINFO SQLAGENT /REPORTING E",TIME_OVERLAP_ONLY
1240684,Project_Fact,SPK_BAPP,SPK_BAPP.dtsx,2026-09-02 07:45:01.0640615 +07:00,2026-09-02 07:45:17.5710100 +07:00,7,DE99768D-2EE9-43B7-999B-94D63699444F,SPARTA FACT,3,Fact Sparta Payroll,SSIS,2026-09-02 00:28:05.000,2026-09-02 00:46:15.000,1,Succeeded,1105496,"/ISSERVER ""\""\SSISDB\Project_Fact\SPARTA_PROJECT\FACT_SPARTA_PAYROLL.dtsx\"""" /SERVER ""\""BGASVR-DWH-DEV\"""" /Par ""\""$ServerOption::LOGGING_LEVEL(Int16)\"""";1 /Par ""\""$ServerOption::SYNCHRONIZED(Boolean)\"""";True /CALLERINFO SQLAGENT /REPORTING E",TIME_OVERLAP_ONLY
1240684,Project_Fact,SPK_BAPP,SPK_BAPP.dtsx,2026-09-02 07:45:01.0640615 +07:00,2026-09-02 07:45:17.5710100 +07:00,7,5ECE39E8-D47A-4559-A8E7-5766D4B949E0,SPARTA FACT 4T,4,Fact Sparta LHA,SSIS,2026-09-02 00:28:49.000,2026-09-02 01:08:01.000,1,Succeeded,1105506,"/ISSERVER ""\""\SSISDB\Project_Fact\SPARTA_PROJECT\FACT_SPARTA_LHA_NEW.dtsx\"""" /SERVER ""\"".\"""" /Par ""\""$ServerOption::LOGGING_LEVEL(Int16)\"""";1 /Par ""\""$ServerOption::SYNCHRONIZED(Boolean)\"""";True /CALLERINFO SQLAGENT /REPORTING E",TIME_OVERLAP_ONLY
1240685,Project_Fact,CIVIL_ENGINEERING_PROJECT,FACT_CIVIL_ENGINEERING.dtsx,2026-09-02 07:45:18.8490826 +07:00,2026-09-02 07:46:19.4175486 +07:00,7,B37FB395-F8FE-410F-BD05-0159C3640595,Daily Opr - Produksi TBS,7,ProduksiTBS_SSAS,ANALYSISQUERY,2026-09-02 00:44:49.000,2026-09-02 00:52:47.000,1,Succeeded,1105497,"{   ""refresh"": {     ""type"": ""full"",     ""objects"": [       {         ""database"": ""Produksi TBS""       }     ]   } }",TIME_OVERLAP_ONLY
1240685,Project_Fact,CIVIL_ENGINEERING_PROJECT,FACT_CIVIL_ENGINEERING.dtsx,2026-09-02 07:45:18.8490826 +07:00,2026-09-02 07:46:19.4175486 +07:00,7,34DE8AEE-46BD-45E9-B0B2-D068006FBBF5,Premi dan Lembur,1,DWH_STG to DWH_DM,SSIS,2026-09-02 00:28:02.000,2026-09-02 01:13:16.000,1,Succeeded,1105515,"/ISSERVER ""\""\SSISDB\Project_Fact\premi dan lembur monitoring\DWH_STG to DWH_DM.dtsx\"""" /SERVER ""\""BGASVR-DWH-DEV\"""" /Par ""\""$ServerOption::LOGGING_LEVEL(Int16)\"""";1 /Par ""\""$ServerOption::SYNCHRONIZED(Boolean)\"""";True /CALLERINFO SQLAGENT /REPORTING E",TIME_OVERLAP_ONLY
1240685,Project_Fact,CIVIL_ENGINEERING_PROJECT,FACT_CIVIL_ENGINEERING.dtsx,2026-09-02 07:45:18.8490826 +07:00,2026-09-02 07:46:19.4175486 +07:00,7,09FAE57B-5538-41B1-91A9-65019FD26DE1,SEQUENCE_TABLE_SAP,1,SEQ_STAGING,SSIS,2026-09-02 00:30:00.000,2026-09-02 00:54:29.000,1,Succeeded,1105499,"/ISSERVER ""\""\SSISDB\Sequence_Table\Sequence_Table\Seq_Staging_SAP.dtsx\"""" /SERVER ""\"".\"""" /Par ""\""$ServerOption::LOGGING_LEVEL(Int16)\"""";1 /Par ""\""$ServerOption::SYNCHRONIZED(Boolean)\"""";True /CALLERINFO SQLAGENT /REPORTING E",TIME_OVERLAP_ONLY
1240685,Project_Fact,CIVIL_ENGINEERING_PROJECT,FACT_CIVIL_ENGINEERING.dtsx,2026-09-02 07:45:18.8490826 +07:00,2026-09-02 07:46:19.4175486 +07:00,7,5ECE39E8-D47A-4559-A8E7-5766D4B949E0,SPARTA FACT 4T,4,Fact Sparta LHA,SSIS,2026-09-02 00:28:49.000,2026-09-02 01:08:01.000,1,Succeeded,1105506,"/ISSERVER ""\""\SSISDB\Project_Fact\SPARTA_PROJECT\FACT_SPARTA_LHA_NEW.dtsx\"""" /SERVER ""\"".\"""" /Par ""\""$ServerOption::LOGGING_LEVEL(Int16)\"""";1 /Par ""\""$ServerOption::SYNCHRONIZED(Boolean)\"""";True /CALLERINFO SQLAGENT /REPORTING E",TIME_OVERLAP_ONLY
1240686,Project_Fact,SPK_BAPP,Payment.dtsx,2026-09-02 07:46:24.7508535 +07:00,2026-09-02 07:47:00.9139271 +07:00,7,B37FB395-F8FE-410F-BD05-0159C3640595,Daily Opr - Produksi TBS,7,ProduksiTBS_SSAS,ANALYSISQUERY,2026-09-02 00:44:49.000,2026-09-02 00:52:47.000,1,Succeeded,1105497,"{   ""refresh"": {     ""type"": ""full"",     ""objects"": [       {         ""database"": ""Produksi TBS""       }     ]   } }",TIME_OVERLAP_ONLY
1240686,Project_Fact,SPK_BAPP,Payment.dtsx,2026-09-02 07:46:24.7508535 +07:00,2026-09-02 07:47:00.9139271 +07:00,7,34DE8AEE-46BD-45E9-B0B2-D068006FBBF5,Premi dan Lembur,1,DWH_STG to DWH_DM,SSIS,2026-09-02 00:28:02.000,2026-09-02 01:13:16.000,1,Succeeded,1105515,"/ISSERVER ""\""\SSISDB\Project_Fact\premi dan lembur monitoring\DWH_STG to DWH_DM.dtsx\"""" /SERVER ""\""BGASVR-DWH-DEV\"""" /Par ""\""$ServerOption::LOGGING_LEVEL(Int16)\"""";1 /Par ""\""$ServerOption::SYNCHRONIZED(Boolean)\"""";True /CALLERINFO SQLAGENT /REPORTING E",TIME_OVERLAP_ONLY
1240686,Project_Fact,SPK_BAPP,Payment.dtsx,2026-09-02 07:46:24.7508535 +07:00,2026-09-02 07:47:00.9139271 +07:00,7,09FAE57B-5538-41B1-91A9-65019FD26DE1,SEQUENCE_TABLE_SAP,1,SEQ_STAGING,SSIS,2026-09-02 00:30:00.000,2026-09-02 00:54:29.000,1,Succeeded,1105499,"/ISSERVER ""\""\SSISDB\Sequence_Table\Sequence_Table\Seq_Staging_SAP.dtsx\"""" /SERVER ""\"".\"""" /Par ""\""$ServerOption::LOGGING_LEVEL(Int16)\"""";1 /Par ""\""$ServerOption::SYNCHRONIZED(Boolean)\"""";True /CALLERINFO SQLAGENT /REPORTING E",TIME_OVERLAP_ONLY
1240686,Project_Fact,SPK_BAPP,Payment.dtsx,2026-09-02 07:46:24.7508535 +07:00,2026-09-02 07:47:00.9139271 +07:00,7,DE99768D-2EE9-43B7-999B-94D63699444F,SPARTA FACT,4,Fact Sparta Jurnal Payroll,SSIS,2026-09-02 00:46:15.000,2026-09-02 01:16:10.000,1,Succeeded,1105516,"/ISSERVER ""\""\SSISDB\Project_Fact\JOURNAL_SPARTA\FACT_JOURNAL_PAYROLL.dtsx\"""" /SERVER ""\""BGASVR-DWH-DEV\"""" /Par ""\""$ServerOption::LOGGING_LEVEL(Int16)\"""";1 /Par ""\""$ServerOption::SYNCHRONIZED(Boolean)\"""";True /CALLERINFO SQLAGENT /REPORTING E",TIME_OVERLAP_ONLY
1240686,Project_Fact,SPK_BAPP,Payment.dtsx,2026-09-02 07:46:24.7508535 +07:00,2026-09-02 07:47:00.9139271 +07:00,7,5ECE39E8-D47A-4559-A8E7-5766D4B949E0,SPARTA FACT 4T,4,Fact Sparta LHA,SSIS,2026-09-02 00:28:49.000,2026-09-02 01:08:01.000,1,Succeeded,1105506,"/ISSERVER ""\""\SSISDB\Project_Fact\SPARTA_PROJECT\FACT_SPARTA_LHA_NEW.dtsx\"""" /SERVER ""\"".\"""" /Par ""\""$ServerOption::LOGGING_LEVEL(Int16)\"""";1 /Par ""\""$ServerOption::SYNCHRONIZED(Boolean)\"""";True /CALLERINFO SQLAGENT /REPORTING E",TIME_OVERLAP_ONLY
1240688,Sequence_Table,Sequence_Table,Seq_Staging_SAP.dtsx,2026-09-02 08:00:00.4955754 +07:00,2026-09-02 08:13:08.2076797 +07:00,7,34DE8AEE-46BD-45E9-B0B2-D068006FBBF5,Premi dan Lembur,1,DWH_STG to DWH_DM,SSIS,2026-09-02 00:28:02.000,2026-09-02 01:13:16.000,1,Succeeded,1105515,"/ISSERVER ""\""\SSISDB\Project_Fact\premi dan lembur monitoring\DWH_STG to DWH_DM.dtsx\"""" /SERVER ""\""BGASVR-DWH-DEV\"""" /Par ""\""$ServerOption::LOGGING_LEVEL(Int16)\"""";1 /Par ""\""$ServerOption::SYNCHRONIZED(Boolean)\"""";True /CALLERINFO SQLAGENT /REPORTING E",TIME_OVERLAP_ONLY
1240688,Sequence_Table,Sequence_Table,Seq_Staging_SAP.dtsx,2026-09-02 08:00:00.4955754 +07:00,2026-09-02 08:13:08.2076797 +07:00,7,DE99768D-2EE9-43B7-999B-94D63699444F,SPARTA FACT,4,Fact Sparta Jurnal Payroll,SSIS,2026-09-02 00:46:15.000,2026-09-02 01:16:10.000,1,Succeeded,1105516,"/ISSERVER ""\""\SSISDB\Project_Fact\JOURNAL_SPARTA\FACT_JOURNAL_PAYROLL.dtsx\"""" /SERVER ""\""BGASVR-DWH-DEV\"""" /Par ""\""$ServerOption::LOGGING_LEVEL(Int16)\"""";1 /Par ""\""$ServerOption::SYNCHRONIZED(Boolean)\"""";True /CALLERINFO SQLAGENT /REPORTING E",TIME_OVERLAP_ONLY
1240689,Project_Fact,Segregation,Staging Segregation.dtsx,2026-09-02 08:00:00.5595721 +07:00,2026-09-02 08:00:05.8749174 +07:00,7,B96DE13D-F9AB-4F74-B05A-D2B91B3C4952,DWH_COEP,1,COEP,SSIS,2026-09-02 01:00:00.000,2026-09-02 01:03:27.000,1,Succeeded,1105503,"/ISSERVER ""\""\SSISDB\MR\SSISMR\DWH-COEP.dtsx\"""" /SERVER ""\"".\"""" /Par ""\""$ServerOption::LOGGING_LEVEL(Int16)\"""";1 /Par ""\""$ServerOption::SYNCHRONIZED(Boolean)\"""";True /CALLERINFO SQLAGENT /REPORTING E",TIME_OVERLAP_ONLY
1240689,Project_Fact,Segregation,Staging Segregation.dtsx,2026-09-02 08:00:00.5595721 +07:00,2026-09-02 08:00:05.8749174 +07:00,7,82F69113-E455-4B30-994C-502EE084690C,DWH_ZVT_MSEGPF,1,ZVT_MSEGPF,SSIS,2026-09-02 01:00:00.000,2026-09-02 01:01:49.000,1,Succeeded,1105500,"/ISSERVER ""\""\SSISDB\MR\SSISMR\DWH_ZVT_MSEGPF.dtsx\"""" /SERVER ""\"".\"""" /Par ""\""$ServerOption::LOGGING_LEVEL(Int16)\"""";1 /Par ""\""$ServerOption::SYNCHRONIZED(Boolean)\"""";True /CALLERINFO SQLAGENT /REPORTING E",TIME_OVERLAP_ONLY
1240689,Project_Fact,Segregation,Staging Segregation.dtsx,2026-09-02 08:00:00.5595721 +07:00,2026-09-02 08:00:05.8749174 +07:00,7,34DE8AEE-46BD-45E9-B0B2-D068006FBBF5,Premi dan Lembur,1,DWH_STG to DWH_DM,SSIS,2026-09-02 00:28:02.000,2026-09-02 01:13:16.000,1,Succeeded,1105515,"/ISSERVER ""\""\SSISDB\Project_Fact\premi dan lembur monitoring\DWH_STG to DWH_DM.dtsx\"""" /SERVER ""\""BGASVR-DWH-DEV\"""" /Par ""\""$ServerOption::LOGGING_LEVEL(Int16)\"""";1 /Par ""\""$ServerOption::SYNCHRONIZED(Boolean)\"""";True /CALLERINFO SQLAGENT /REPORTING E",TIME_OVERLAP_ONLY
1240689,Project_Fact,Segregation,Staging Segregation.dtsx,2026-09-02 08:00:00.5595721 +07:00,2026-09-02 08:00:05.8749174 +07:00,7,09FAE57B-5538-41B1-91A9-65019FD26DE1,SEQUENCE_TABLE_SAP,2,SEQ_STAGING_EHP8,SSIS,2026-09-02 00:54:29.000,2026-09-02 01:03:14.000,1,Succeeded,1105501,"/ISSERVER ""\""\SSISDB\Sequence_Table\Sequence_Table\Seq_Staging_SAP_EHP8.dtsx\"""" /SERVER ""\"".\"""" /Par ""\""$ServerOption::LOGGING_LEVEL(Int16)\"""";1 /Par ""\""$ServerOption::SYNCHRONIZED(Boolean)\"""";True /CALLERINFO SQLAGENT /REPORTING E",TIME_OVERLAP_ONLY
1240689,Project_Fact,Segregation,Staging Segregation.dtsx,2026-09-02 08:00:00.5595721 +07:00,2026-09-02 08:00:05.8749174 +07:00,7,DE99768D-2EE9-43B7-999B-94D63699444F,SPARTA FACT,4,Fact Sparta Jurnal Payroll,SSIS,2026-09-02 00:46:15.000,2026-09-02 01:16:10.000,1,Succeeded,1105516,"/ISSERVER ""\""\SSISDB\Project_Fact\JOURNAL_SPARTA\FACT_JOURNAL_PAYROLL.dtsx\"""" /SERVER ""\""BGASVR-DWH-DEV\"""" /Par ""\""$ServerOption::LOGGING_LEVEL(Int16)\"""";1 /Par ""\""$ServerOption::SYNCHRONIZED(Boolean)\"""";True /CALLERINFO SQLAGENT /REPORTING E",TIME_OVERLAP_ONLY
1240689,Project_Fact,Segregation,Staging Segregation.dtsx,2026-09-02 08:00:00.5595721 +07:00,2026-09-02 08:00:05.8749174 +07:00,7,5ECE39E8-D47A-4559-A8E7-5766D4B949E0,SPARTA FACT 4T,4,Fact Sparta LHA,SSIS,2026-09-02 00:28:49.000,2026-09-02 01:08:01.000,1,Succeeded,1105506,"/ISSERVER ""\""\SSISDB\Project_Fact\SPARTA_PROJECT\FACT_SPARTA_LHA_NEW.dtsx\"""" /SERVER ""\"".\"""" /Par ""\""$ServerOption::LOGGING_LEVEL(Int16)\"""";1 /Par ""\""$ServerOption::SYNCHRONIZED(Boolean)\"""";True /CALLERINFO SQLAGENT /REPORTING E",TIME_OVERLAP_ONLY
1240691,Project_Fact,PEMAKAIAN_PUPUK_PROJECT,AKTUAL_PEMAKAIAN_PUPUK.dtsx,2026-09-02 08:05:00.6667567 +07:00,2026-09-02 08:06:52.3651549 +07:00,7,1225ADC7-FF0D-402D-BAEA-A97F7FC50CB1,AWL,1,Staging,SSIS,2026-09-02 01:05:00.000,2026-09-02 01:08:59.000,1,Succeeded,1105510,"/ISSERVER ""\""\SSISDB\Project_Fact\AWL\Staging.dtsx\"""" /SERVER ""\"".\"""" /X86 /Par ""\""$ServerOption::LOGGING_LEVEL(Int16)\"""";1 /Par ""\""$ServerOption::SYNCHRONIZED(Boolean)\"""";True /CALLERINFO SQLAGENT /REPORTING E",TIME_OVERLAP_ONLY
1240691,Project_Fact,PEMAKAIAN_PUPUK_PROJECT,AKTUAL_PEMAKAIAN_PUPUK.dtsx,2026-09-02 08:05:00.6667567 +07:00,2026-09-02 08:06:52.3651549 +07:00,7,82F69113-E455-4B30-994C-502EE084690C,DWH_ZVT_MSEGPF,2,ZVT_MSEGPF_EHP8,SSIS,2026-09-02 01:01:50.000,2026-09-02 01:08:09.000,1,Succeeded,1105508,"/ISSERVER ""\""\SSISDB\Sequence_Table\Sequence_Table\Seq_Staging_SAP_EHP8_ZVT_MSEGPF.dtsx\"""" /SERVER ""\"".\"""" /Par ""\""$ServerOption::LOGGING_LEVEL(Int16)\"""";1 /Par ""\""$ServerOption::SYNCHRONIZED(Boolean)\"""";True /CALLERINFO SQLAGENT /REPORTING E",TIME_OVERLAP_ONLY
1240691,Project_Fact,PEMAKAIAN_PUPUK_PROJECT,AKTUAL_PEMAKAIAN_PUPUK.dtsx,2026-09-02 08:05:00.6667567 +07:00,2026-09-02 08:06:52.3651549 +07:00,7,34DE8AEE-46BD-45E9-B0B2-D068006FBBF5,Premi dan Lembur,1,DWH_STG to DWH_DM,SSIS,2026-09-02 00:28:02.000,2026-09-02 01:13:16.000,1,Succeeded,1105515,"/ISSERVER ""\""\SSISDB\Project_Fact\premi dan lembur monitoring\DWH_STG to DWH_DM.dtsx\"""" /SERVER ""\""BGASVR-DWH-DEV\"""" /Par ""\""$ServerOption::LOGGING_LEVEL(Int16)\"""";1 /Par ""\""$ServerOption::SYNCHRONIZED(Boolean)\"""";True /CALLERINFO SQLAGENT /REPORTING E",TIME_OVERLAP_ONLY
1240691,Project_Fact,PEMAKAIAN_PUPUK_PROJECT,AKTUAL_PEMAKAIAN_PUPUK.dtsx,2026-09-02 08:05:00.6667567 +07:00,2026-09-02 08:06:52.3651549 +07:00,7,DE99768D-2EE9-43B7-999B-94D63699444F,SPARTA FACT,4,Fact Sparta Jurnal Payroll,SSIS,2026-09-02 00:46:15.000,2026-09-02 01:16:10.000,1,Succeeded,1105516,"/ISSERVER ""\""\SSISDB\Project_Fact\JOURNAL_SPARTA\FACT_JOURNAL_PAYROLL.dtsx\"""" /SERVER ""\""BGASVR-DWH-DEV\"""" /Par ""\""$ServerOption::LOGGING_LEVEL(Int16)\"""";1 /Par ""\""$ServerOption::SYNCHRONIZED(Boolean)\"""";True /CALLERINFO SQLAGENT /REPORTING E",TIME_OVERLAP_ONLY
1240691,Project_Fact,PEMAKAIAN_PUPUK_PROJECT,AKTUAL_PEMAKAIAN_PUPUK.dtsx,2026-09-02 08:05:00.6667567 +07:00,2026-09-02 08:06:52.3651549 +07:00,7,5ECE39E8-D47A-4559-A8E7-5766D4B949E0,SPARTA FACT 4T,4,Fact Sparta LHA,SSIS,2026-09-02 00:28:49.000,2026-09-02 01:08:01.000,1,Succeeded,1105506,"/ISSERVER ""\""\SSISDB\Project_Fact\SPARTA_PROJECT\FACT_SPARTA_LHA_NEW.dtsx\"""" /SERVER ""\"".\"""" /Par ""\""$ServerOption::LOGGING_LEVEL(Int16)\"""";1 /Par ""\""$ServerOption::SYNCHRONIZED(Boolean)\"""";True /CALLERINFO SQLAGENT /REPORTING E",TIME_OVERLAP_ONLY
1240692,Project_Fact,AWL,Staging.dtsx,2026-09-02 08:05:00.9277768 +07:00,2026-09-02 08:15:53.8031642 +07:00,7,DE99768D-2EE9-43B7-999B-94D63699444F,SPARTA FACT,4,Fact Sparta Jurnal Payroll,SSIS,2026-09-02 00:46:15.000,2026-09-02 01:16:10.000,1,Succeeded,1105516,"/ISSERVER ""\""\SSISDB\Project_Fact\JOURNAL_SPARTA\FACT_JOURNAL_PAYROLL.dtsx\"""" /SERVER ""\""BGASVR-DWH-DEV\"""" /Par ""\""$ServerOption::LOGGING_LEVEL(Int16)\"""";1 /Par ""\""$ServerOption::SYNCHRONIZED(Boolean)\"""";True /CALLERINFO SQLAGENT /REPORTING E",TIME_OVERLAP_ONLY
1240693,Sequence_Table,Sequence_Table,Seq_Staging_SAP_EHP8.dtsx,2026-09-02 08:13:12.8139451 +07:00,2026-09-02 08:17:45.9526041 +07:00,7,5ECE39E8-D47A-4559-A8E7-5766D4B949E0,SPARTA FACT 4T,7,Fact Sparta Fisik Premi,SSIS,2026-09-02 01:09:19.000,2026-09-02 01:23:25.000,1,Succeeded,1105521,"/ISSERVER ""\""\SSISDB\Project_Fact\SPARTA_PROJECT\FACT_SPARTA_FISIK_PREMI.dtsx\"""" /SERVER ""\"".\"""" /Par ""\""$ServerOption::LOGGING_LEVEL(Int16)\"""";1 /Par ""\""$ServerOption::SYNCHRONIZED(Boolean)\"""";True /CALLERINFO SQLAGENT /REPORTING E",TIME_OVERLAP_ONLY
1240694,Project_Fact,AWL,Fact.dtsx,2026-09-02 08:15:54.9742306 +07:00,2026-09-02 08:16:01.0375806 +07:00,7,34DE8AEE-46BD-45E9-B0B2-D068006FBBF5,Premi dan Lembur,2,SSAS Process,ANALYSISQUERY,2026-09-02 01:13:16.000,2026-09-02 01:19:04.000,1,Succeeded,1105518,"{   ""refresh"": {     ""type"": ""full"",     ""objects"": [       {         ""database"": ""premi dan lembur monitoring""       }     ]   } }",TIME_OVERLAP_ONLY
1240694,Project_Fact,AWL,Fact.dtsx,2026-09-02 08:15:54.9742306 +07:00,2026-09-02 08:16:01.0375806 +07:00,7,DE99768D-2EE9-43B7-999B-94D63699444F,SPARTA FACT,4,Fact Sparta Jurnal Payroll,SSIS,2026-09-02 00:46:15.000,2026-09-02 01:16:10.000,1,Succeeded,1105516,"/ISSERVER ""\""\SSISDB\Project_Fact\JOURNAL_SPARTA\FACT_JOURNAL_PAYROLL.dtsx\"""" /SERVER ""\""BGASVR-DWH-DEV\"""" /Par ""\""$ServerOption::LOGGING_LEVEL(Int16)\"""";1 /Par ""\""$ServerOption::SYNCHRONIZED(Boolean)\"""";True /CALLERINFO SQLAGENT /REPORTING E",TIME_OVERLAP_ONLY
1240694,Project_Fact,AWL,Fact.dtsx,2026-09-02 08:15:54.9742306 +07:00,2026-09-02 08:16:01.0375806 +07:00,7,5ECE39E8-D47A-4559-A8E7-5766D4B949E0,SPARTA FACT 4T,7,Fact Sparta Fisik Premi,SSIS,2026-09-02 01:09:19.000,2026-09-02 01:23:25.000,1,Succeeded,1105521,"/ISSERVER ""\""\SSISDB\Project_Fact\SPARTA_PROJECT\FACT_SPARTA_FISIK_PREMI.dtsx\"""" /SERVER ""\"".\"""" /Par ""\""$ServerOption::LOGGING_LEVEL(Int16)\"""";1 /Par ""\""$ServerOption::SYNCHRONIZED(Boolean)\"""";True /CALLERINFO SQLAGENT /REPORTING E",TIME_OVERLAP_ONLY
1240695,Project_Fact,AWL,AWL_Warning.dtsx,2026-09-02 08:16:05.3068222 +07:00,2026-09-02 08:16:07.6829587 +07:00,7,34DE8AEE-46BD-45E9-B0B2-D068006FBBF5,Premi dan Lembur,2,SSAS Process,ANALYSISQUERY,2026-09-02 01:13:16.000,2026-09-02 01:19:04.000,1,Succeeded,1105518,"{   ""refresh"": {     ""type"": ""full"",     ""objects"": [       {         ""database"": ""premi dan lembur monitoring""       }     ]   } }",TIME_OVERLAP_ONLY
1240695,Project_Fact,AWL,AWL_Warning.dtsx,2026-09-02 08:16:05.3068222 +07:00,2026-09-02 08:16:07.6829587 +07:00,7,DE99768D-2EE9-43B7-999B-94D63699444F,SPARTA FACT,4,Fact Sparta Jurnal Payroll,SSIS,2026-09-02 00:46:15.000,2026-09-02 01:16:10.000,1,Succeeded,1105516,"/ISSERVER ""\""\SSISDB\Project_Fact\JOURNAL_SPARTA\FACT_JOURNAL_PAYROLL.dtsx\"""" /SERVER ""\""BGASVR-DWH-DEV\"""" /Par ""\""$ServerOption::LOGGING_LEVEL(Int16)\"""";1 /Par ""\""$ServerOption::SYNCHRONIZED(Boolean)\"""";True /CALLERINFO SQLAGENT /REPORTING E",TIME_OVERLAP_ONLY
1240695,Project_Fact,AWL,AWL_Warning.dtsx,2026-09-02 08:16:05.3068222 +07:00,2026-09-02 08:16:07.6829587 +07:00,7,5ECE39E8-D47A-4559-A8E7-5766D4B949E0,SPARTA FACT 4T,7,Fact Sparta Fisik Premi,SSIS,2026-09-02 01:09:19.000,2026-09-02 01:23:25.000,1,Succeeded,1105521,"/ISSERVER ""\""\SSISDB\Project_Fact\SPARTA_PROJECT\FACT_SPARTA_FISIK_PREMI.dtsx\"""" /SERVER ""\"".\"""" /Par ""\""$ServerOption::LOGGING_LEVEL(Int16)\"""";1 /Par ""\""$ServerOption::SYNCHRONIZED(Boolean)\"""";True /CALLERINFO SQLAGENT /REPORTING E",TIME_OVERLAP_ONLY
1240696,Project_Fact,PRPOGR_Dashboard,Fact - fact_pr_po_gr.dtsx,2026-09-02 08:20:00.9053142 +07:00,2026-09-02 08:38:06.1874672 +07:00,7,DE99768D-2EE9-43B7-999B-94D63699444F,SPARTA FACT,7,SSAS Lembur Mill,ANALYSISQUERY,2026-09-02 01:19:20.000,2026-09-02 01:41:52.000,1,Succeeded,1105522,"{   ""refresh"": {     ""type"": ""full"",     ""objects"": [       {         ""database"": ""LemburMill""       }     ]   } }",TIME_OVERLAP_ONLY
1240697,Project_Fact,INVESTOR_RELATIONS_PROJECT,PL_BS.dtsx,2026-09-02 08:24:10.9126319 +07:00,2026-09-02 08:24:14.0158112 +07:00,7,DE99768D-2EE9-43B7-999B-94D63699444F,SPARTA FACT,7,SSAS Lembur Mill,ANALYSISQUERY,2026-09-02 01:19:20.000,2026-09-02 01:41:52.000,1,Succeeded,1105522,"{   ""refresh"": {     ""type"": ""full"",     ""objects"": [       {         ""database"": ""LemburMill""       }     ]   } }",TIME_OVERLAP_ONLY
1240697,Project_Fact,INVESTOR_RELATIONS_PROJECT,PL_BS.dtsx,2026-09-02 08:24:10.9126319 +07:00,2026-09-02 08:24:14.0158112 +07:00,7,5ECE39E8-D47A-4559-A8E7-5766D4B949E0,SPARTA FACT 4T,8,Fact Sparta Rekap LHM,SSIS,2026-09-02 01:23:25.000,2026-09-02 01:47:50.000,1,Succeeded,1105524,"/ISSERVER ""\""\SSISDB\Project_Fact\DWH_LHM\Fact Rekap.dtsx\"""" /SERVER ""\"".\"""" /Par ""\""$ServerOption::LOGGING_LEVEL(Int16)\"""";1 /Par ""\""$ServerOption::SYNCHRONIZED(Boolean)\"""";True /CALLERINFO SQLAGENT /REPORTING E",TIME_OVERLAP_ONLY
1240699,Project_Fact,PAYMENT TREASURY,DIM_PAYMENT.dtsx,2026-09-02 08:25:00.8685402 +07:00,2026-09-02 08:25:04.8027559 +07:00,7,DE99768D-2EE9-43B7-999B-94D63699444F,SPARTA FACT,7,SSAS Lembur Mill,ANALYSISQUERY,2026-09-02 01:19:20.000,2026-09-02 01:41:52.000,1,Succeeded,1105522,"{   ""refresh"": {     ""type"": ""full"",     ""objects"": [       {         ""database"": ""LemburMill""       }     ]   } }",TIME_OVERLAP_ONLY
1240699,Project_Fact,PAYMENT TREASURY,DIM_PAYMENT.dtsx,2026-09-02 08:25:00.8685402 +07:00,2026-09-02 08:25:04.8027559 +07:00,7,5ECE39E8-D47A-4559-A8E7-5766D4B949E0,SPARTA FACT 4T,8,Fact Sparta Rekap LHM,SSIS,2026-09-02 01:23:25.000,2026-09-02 01:47:50.000,1,Succeeded,1105524,"/ISSERVER ""\""\SSISDB\Project_Fact\DWH_LHM\Fact Rekap.dtsx\"""" /SERVER ""\"".\"""" /Par ""\""$ServerOption::LOGGING_LEVEL(Int16)\"""";1 /Par ""\""$ServerOption::SYNCHRONIZED(Boolean)\"""";True /CALLERINFO SQLAGENT /REPORTING E",TIME_OVERLAP_ONLY
1240700,Project_Fact,PAYMENT TREASURY,MAPPING_GROUP_PAYMENT.dtsx,2026-09-02 08:25:07.0928481 +07:00,2026-09-02 08:25:09.7230022 +07:00,7,DE99768D-2EE9-43B7-999B-94D63699444F,SPARTA FACT,7,SSAS Lembur Mill,ANALYSISQUERY,2026-09-02 01:19:20.000,2026-09-02 01:41:52.000,1,Succeeded,1105522,"{   ""refresh"": {     ""type"": ""full"",     ""objects"": [       {         ""database"": ""LemburMill""       }     ]   } }",TIME_OVERLAP_ONLY
1240700,Project_Fact,PAYMENT TREASURY,MAPPING_GROUP_PAYMENT.dtsx,2026-09-02 08:25:07.0928481 +07:00,2026-09-02 08:25:09.7230022 +07:00,7,5ECE39E8-D47A-4559-A8E7-5766D4B949E0,SPARTA FACT 4T,8,Fact Sparta Rekap LHM,SSIS,2026-09-02 01:23:25.000,2026-09-02 01:47:50.000,1,Succeeded,1105524,"/ISSERVER ""\""\SSISDB\Project_Fact\DWH_LHM\Fact Rekap.dtsx\"""" /SERVER ""\"".\"""" /Par ""\""$ServerOption::LOGGING_LEVEL(Int16)\"""";1 /Par ""\""$ServerOption::SYNCHRONIZED(Boolean)\"""";True /CALLERINFO SQLAGENT /REPORTING E",TIME_OVERLAP_ONLY
1240701,Project_Fact,PAYMENT TREASURY,FACT_SUMMARY_PAYMENT.dtsx,2026-09-02 08:25:10.5730513 +07:00,2026-09-02 08:25:41.2108035 +07:00,7,DE99768D-2EE9-43B7-999B-94D63699444F,SPARTA FACT,7,SSAS Lembur Mill,ANALYSISQUERY,2026-09-02 01:19:20.000,2026-09-02 01:41:52.000,1,Succeeded,1105522,"{   ""refresh"": {     ""type"": ""full"",     ""objects"": [       {         ""database"": ""LemburMill""       }     ]   } }",TIME_OVERLAP_ONLY
1240701,Project_Fact,PAYMENT TREASURY,FACT_SUMMARY_PAYMENT.dtsx,2026-09-02 08:25:10.5730513 +07:00,2026-09-02 08:25:41.2108035 +07:00,7,5ECE39E8-D47A-4559-A8E7-5766D4B949E0,SPARTA FACT 4T,8,Fact Sparta Rekap LHM,SSIS,2026-09-02 01:23:25.000,2026-09-02 01:47:50.000,1,Succeeded,1105524,"/ISSERVER ""\""\SSISDB\Project_Fact\DWH_LHM\Fact Rekap.dtsx\"""" /SERVER ""\"".\"""" /Par ""\""$ServerOption::LOGGING_LEVEL(Int16)\"""";1 /Par ""\""$ServerOption::SYNCHRONIZED(Boolean)\"""";True /CALLERINFO SQLAGENT /REPORTING E",TIME_OVERLAP_ONLY
1240702,Project_Fact,PAYMENT TREASURY,FACT_DETAIL_PAYMENT.dtsx,2026-09-02 08:25:43.2809310 +07:00,2026-09-02 08:25:51.1363731 +07:00,7,DE99768D-2EE9-43B7-999B-94D63699444F,SPARTA FACT,7,SSAS Lembur Mill,ANALYSISQUERY,2026-09-02 01:19:20.000,2026-09-02 01:41:52.000,1,Succeeded,1105522,"{   ""refresh"": {     ""type"": ""full"",     ""objects"": [       {         ""database"": ""LemburMill""       }     ]   } }",TIME_OVERLAP_ONLY
1240702,Project_Fact,PAYMENT TREASURY,FACT_DETAIL_PAYMENT.dtsx,2026-09-02 08:25:43.2809310 +07:00,2026-09-02 08:25:51.1363731 +07:00,7,5ECE39E8-D47A-4559-A8E7-5766D4B949E0,SPARTA FACT 4T,8,Fact Sparta Rekap LHM,SSIS,2026-09-02 01:23:25.000,2026-09-02 01:47:50.000,1,Succeeded,1105524,"/ISSERVER ""\""\SSISDB\Project_Fact\DWH_LHM\Fact Rekap.dtsx\"""" /SERVER ""\"".\"""" /Par ""\""$ServerOption::LOGGING_LEVEL(Int16)\"""";1 /Par ""\""$ServerOption::SYNCHRONIZED(Boolean)\"""";True /CALLERINFO SQLAGENT /REPORTING E",TIME_OVERLAP_ONLY
1240703,Project_Fact,PAYMENT TREASURY,FACT_OUTSTANDING_PAYMENT.dtsx,2026-09-02 08:25:53.8225276 +07:00,2026-09-02 08:25:59.9878785 +07:00,7,DE99768D-2EE9-43B7-999B-94D63699444F,SPARTA FACT,7,SSAS Lembur Mill,ANALYSISQUERY,2026-09-02 01:19:20.000,2026-09-02 01:41:52.000,1,Succeeded,1105522,"{   ""refresh"": {     ""type"": ""full"",     ""objects"": [       {         ""database"": ""LemburMill""       }     ]   } }",TIME_OVERLAP_ONLY
1240703,Project_Fact,PAYMENT TREASURY,FACT_OUTSTANDING_PAYMENT.dtsx,2026-09-02 08:25:53.8225276 +07:00,2026-09-02 08:25:59.9878785 +07:00,7,5ECE39E8-D47A-4559-A8E7-5766D4B949E0,SPARTA FACT 4T,8,Fact Sparta Rekap LHM,SSIS,2026-09-02 01:23:25.000,2026-09-02 01:47:50.000,1,Succeeded,1105524,"/ISSERVER ""\""\SSISDB\Project_Fact\DWH_LHM\Fact Rekap.dtsx\"""" /SERVER ""\"".\"""" /Par ""\""$ServerOption::LOGGING_LEVEL(Int16)\"""";1 /Par ""\""$ServerOption::SYNCHRONIZED(Boolean)\"""";True /CALLERINFO SQLAGENT /REPORTING E",TIME_OVERLAP_ONLY
1240704,Project_Fact,PAYMENT TREASURY,FACT_PERFORMANCE_PAYMENT.dtsx,2026-09-02 08:26:02.4460225 +07:00,2026-09-02 08:26:56.7451265 +07:00,7,DE99768D-2EE9-43B7-999B-94D63699444F,SPARTA FACT,7,SSAS Lembur Mill,ANALYSISQUERY,2026-09-02 01:19:20.000,2026-09-02 01:41:52.000,1,Succeeded,1105522,"{   ""refresh"": {     ""type"": ""full"",     ""objects"": [       {         ""database"": ""LemburMill""       }     ]   } }",TIME_OVERLAP_ONLY
1240704,Project_Fact,PAYMENT TREASURY,FACT_PERFORMANCE_PAYMENT.dtsx,2026-09-02 08:26:02.4460225 +07:00,2026-09-02 08:26:56.7451265 +07:00,7,5ECE39E8-D47A-4559-A8E7-5766D4B949E0,SPARTA FACT 4T,8,Fact Sparta Rekap LHM,SSIS,2026-09-02 01:23:25.000,2026-09-02 01:47:50.000,1,Succeeded,1105524,"/ISSERVER ""\""\SSISDB\Project_Fact\DWH_LHM\Fact Rekap.dtsx\"""" /SERVER ""\"".\"""" /Par ""\""$ServerOption::LOGGING_LEVEL(Int16)\"""";1 /Par ""\""$ServerOption::SYNCHRONIZED(Boolean)\"""";True /CALLERINFO SQLAGENT /REPORTING E",TIME_OVERLAP_ONLY
1240706,Project_Fact,PAYMENT TREASURY,FACT_BALANCE_PAYMENT.dtsx,2026-09-02 08:26:59.6322908 +07:00,2026-09-02 08:27:02.4234510 +07:00,7,DE99768D-2EE9-43B7-999B-94D63699444F,SPARTA FACT,7,SSAS Lembur Mill,ANALYSISQUERY,2026-09-02 01:19:20.000,2026-09-02 01:41:52.000,1,Succeeded,1105522,"{   ""refresh"": {     ""type"": ""full"",     ""objects"": [       {         ""database"": ""LemburMill""       }     ]   } }",TIME_OVERLAP_ONLY
1240706,Project_Fact,PAYMENT TREASURY,FACT_BALANCE_PAYMENT.dtsx,2026-09-02 08:26:59.6322908 +07:00,2026-09-02 08:27:02.4234510 +07:00,7,5ECE39E8-D47A-4559-A8E7-5766D4B949E0,SPARTA FACT 4T,8,Fact Sparta Rekap LHM,SSIS,2026-09-02 01:23:25.000,2026-09-02 01:47:50.000,1,Succeeded,1105524,"/ISSERVER ""\""\SSISDB\Project_Fact\DWH_LHM\Fact Rekap.dtsx\"""" /SERVER ""\"".\"""" /Par ""\""$ServerOption::LOGGING_LEVEL(Int16)\"""";1 /Par ""\""$ServerOption::SYNCHRONIZED(Boolean)\"""";True /CALLERINFO SQLAGENT /REPORTING E",TIME_OVERLAP_ONLY
1240707,Project_Fact,End to End CAPEX,Excel to STG.dtsx,2026-09-02 08:30:00.5446564 +07:00,2026-09-02 08:30:05.5069387 +07:00,7,DE99768D-2EE9-43B7-999B-94D63699444F,SPARTA FACT,7,SSAS Lembur Mill,ANALYSISQUERY,2026-09-02 01:19:20.000,2026-09-02 01:41:52.000,1,Succeeded,1105522,"{   ""refresh"": {     ""type"": ""full"",     ""objects"": [       {         ""database"": ""LemburMill""       }     ]   } }",TIME_OVERLAP_ONLY
1240707,Project_Fact,End to End CAPEX,Excel to STG.dtsx,2026-09-02 08:30:00.5446564 +07:00,2026-09-02 08:30:05.5069387 +07:00,7,5ECE39E8-D47A-4559-A8E7-5766D4B949E0,SPARTA FACT 4T,8,Fact Sparta Rekap LHM,SSIS,2026-09-02 01:23:25.000,2026-09-02 01:47:50.000,1,Succeeded,1105524,"/ISSERVER ""\""\SSISDB\Project_Fact\DWH_LHM\Fact Rekap.dtsx\"""" /SERVER ""\"".\"""" /Par ""\""$ServerOption::LOGGING_LEVEL(Int16)\"""";1 /Par ""\""$ServerOption::SYNCHRONIZED(Boolean)\"""";True /CALLERINFO SQLAGENT /REPORTING E",TIME_OVERLAP_ONLY
1240708,Project_Fact,End to End CAPEX,STG to DWH.dtsx,2026-09-02 08:30:08.6111163 +07:00,2026-09-02 08:30:38.6328348 +07:00,7,DE99768D-2EE9-43B7-999B-94D63699444F,SPARTA FACT,7,SSAS Lembur Mill,ANALYSISQUERY,2026-09-02 01:19:20.000,2026-09-02 01:41:52.000,1,Succeeded,1105522,"{   ""refresh"": {     ""type"": ""full"",     ""objects"": [       {         ""database"": ""LemburMill""       }     ]   } }",TIME_OVERLAP_ONLY
1240708,Project_Fact,End to End CAPEX,STG to DWH.dtsx,2026-09-02 08:30:08.6111163 +07:00,2026-09-02 08:30:38.6328348 +07:00,7,5ECE39E8-D47A-4559-A8E7-5766D4B949E0,SPARTA FACT 4T,8,Fact Sparta Rekap LHM,SSIS,2026-09-02 01:23:25.000,2026-09-02 01:47:50.000,1,Succeeded,1105524,"/ISSERVER ""\""\SSISDB\Project_Fact\DWH_LHM\Fact Rekap.dtsx\"""" /SERVER ""\"".\"""" /Par ""\""$ServerOption::LOGGING_LEVEL(Int16)\"""";1 /Par ""\""$ServerOption::SYNCHRONIZED(Boolean)\"""";True /CALLERINFO SQLAGENT /REPORTING E",TIME_OVERLAP_ONLY
1240710,Sequence_Table,Sequence_Table,Seq_Staging_SAP_SALDO_TREASURY.dtsx,2026-09-02 09:00:01.1560679 +07:00,2026-09-02 09:02:02.9358419 +07:00,7,0ED3057B-8FB9-4E3D-A6C1-FFA53D51EF36,SEQUENCE_TABLE_SIGAP,1,Staging,SSIS,2026-09-02 02:00:00.000,2026-09-02 03:45:39.000,1,Succeeded,1105569,"/ISSERVER ""\""\SSISDB\Sequence_Table\Sequence_Table\Seq_Staging_SIGAP.dtsx\"""" /SERVER ""\"".\"""" /Par ""\""$ServerOption::LOGGING_LEVEL(Int16)\"""";1 /Par ""\""$ServerOption::SYNCHRONIZED(Boolean)\"""";True /CALLERINFO SQLAGENT /REPORTING E",TIME_OVERLAP_ONLY
1240713,Sequence_Table,Sequence_Table,Seq_Staging_NON_SAP.dtsx,2026-09-02 09:00:01.1750678 +07:00,2026-09-02 09:03:46.0534120 +07:00,6,0ED3057B-8FB9-4E3D-A6C1-FFA53D51EF36,SEQUENCE_TABLE_SIGAP,1,Staging,SSIS,2026-09-02 02:00:00.000,2026-09-02 03:45:39.000,1,Succeeded,1105569,"/ISSERVER ""\""\SSISDB\Sequence_Table\Sequence_Table\Seq_Staging_SIGAP.dtsx\"""" /SERVER ""\"".\"""" /Par ""\""$ServerOption::LOGGING_LEVEL(Int16)\"""";1 /Par ""\""$ServerOption::SYNCHRONIZED(Boolean)\"""";True /CALLERINFO SQLAGENT /REPORTING E",TIME_OVERLAP_ONLY
1240711,Project_Fact,MONITORING_TICKET_WB,STAGING SAP8.dtsx,2026-09-02 09:00:01.7001071 +07:00,2026-09-02 09:00:13.6640255 +07:00,7,82F69113-E455-4B30-994C-502EE084690C,DWH_ZVT_MSEGPF,1,ZVT_MSEGPF,SSIS,2026-09-02 02:00:00.000,2026-09-02 02:00:45.000,1,Succeeded,1105534,"/ISSERVER ""\""\SSISDB\MR\SSISMR\DWH_ZVT_MSEGPF.dtsx\"""" /SERVER ""\"".\"""" /Par ""\""$ServerOption::LOGGING_LEVEL(Int16)\"""";1 /Par ""\""$ServerOption::SYNCHRONIZED(Boolean)\"""";True /CALLERINFO SQLAGENT /REPORTING E",TIME_OVERLAP_ONLY
1240711,Project_Fact,MONITORING_TICKET_WB,STAGING SAP8.dtsx,2026-09-02 09:00:01.7001071 +07:00,2026-09-02 09:00:13.6640255 +07:00,7,0ED3057B-8FB9-4E3D-A6C1-FFA53D51EF36,SEQUENCE_TABLE_SIGAP,1,Staging,SSIS,2026-09-02 02:00:00.000,2026-09-02 03:45:39.000,1,Succeeded,1105569,"/ISSERVER ""\""\SSISDB\Sequence_Table\Sequence_Table\Seq_Staging_SIGAP.dtsx\"""" /SERVER ""\"".\"""" /Par ""\""$ServerOption::LOGGING_LEVEL(Int16)\"""";1 /Par ""\""$ServerOption::SYNCHRONIZED(Boolean)\"""";True /CALLERINFO SQLAGENT /REPORTING E",TIME_OVERLAP_ONLY
1240712,Project_Fact,ESTATE_MILL_COST_PROJECT,INSERT_REPORT_LEVEL_ESTATE_MILL.dtsx,2026-09-02 09:00:01.7601112 +07:00,2026-09-02 09:00:08.8896570 +07:00,7,82F69113-E455-4B30-994C-502EE084690C,DWH_ZVT_MSEGPF,1,ZVT_MSEGPF,SSIS,2026-09-02 02:00:00.000,2026-09-02 02:00:45.000,1,Succeeded,1105534,"/ISSERVER ""\""\SSISDB\MR\SSISMR\DWH_ZVT_MSEGPF.dtsx\"""" /SERVER ""\"".\"""" /Par ""\""$ServerOption::LOGGING_LEVEL(Int16)\"""";1 /Par ""\""$ServerOption::SYNCHRONIZED(Boolean)\"""";True /CALLERINFO SQLAGENT /REPORTING E",TIME_OVERLAP_ONLY
1240712,Project_Fact,ESTATE_MILL_COST_PROJECT,INSERT_REPORT_LEVEL_ESTATE_MILL.dtsx,2026-09-02 09:00:01.7601112 +07:00,2026-09-02 09:00:08.8896570 +07:00,7,0ED3057B-8FB9-4E3D-A6C1-FFA53D51EF36,SEQUENCE_TABLE_SIGAP,1,Staging,SSIS,2026-09-02 02:00:00.000,2026-09-02 03:45:39.000,1,Succeeded,1105569,"/ISSERVER ""\""\SSISDB\Sequence_Table\Sequence_Table\Seq_Staging_SIGAP.dtsx\"""" /SERVER ""\"".\"""" /Par ""\""$ServerOption::LOGGING_LEVEL(Int16)\"""";1 /Par ""\""$ServerOption::SYNCHRONIZED(Boolean)\"""";True /CALLERINFO SQLAGENT /REPORTING E",TIME_OVERLAP_ONLY
1240714,Project_Fact,ESTATE_MILL_COST_PROJECT,FACT_ESTATE_MILL_COST.dtsx,2026-09-02 09:00:11.5688620 +07:00,2026-09-02 09:01:26.7725424 +07:00,7,0ED3057B-8FB9-4E3D-A6C1-FFA53D51EF36,SEQUENCE_TABLE_SIGAP,1,Staging,SSIS,2026-09-02 02:00:00.000,2026-09-02 03:45:39.000,1,Succeeded,1105569,"/ISSERVER ""\""\SSISDB\Sequence_Table\Sequence_Table\Seq_Staging_SIGAP.dtsx\"""" /SERVER ""\"".\"""" /Par ""\""$ServerOption::LOGGING_LEVEL(Int16)\"""";1 /Par ""\""$ServerOption::SYNCHRONIZED(Boolean)\"""";True /CALLERINFO SQLAGENT /REPORTING E",TIME_OVERLAP_ONLY
1240715,Project_Fact,MONITORING_TICKET_WB,STAGING.dtsx,2026-09-02 09:00:16.5182398 +07:00,2026-09-02 09:02:43.1174033 +07:00,6,0ED3057B-8FB9-4E3D-A6C1-FFA53D51EF36,SEQUENCE_TABLE_SIGAP,1,Staging,SSIS,2026-09-02 02:00:00.000,2026-09-02 03:45:39.000,1,Succeeded,1105569,"/ISSERVER ""\""\SSISDB\Sequence_Table\Sequence_Table\Seq_Staging_SIGAP.dtsx\"""" /SERVER ""\"".\"""" /Par ""\""$ServerOption::LOGGING_LEVEL(Int16)\"""";1 /Par ""\""$ServerOption::SYNCHRONIZED(Boolean)\"""";True /CALLERINFO SQLAGENT /REPORTING E",STRONG_NAME_OR_COMMAND_MATCH
1240716,Sequence_Table,Sequence_Table,Seq_Staging_WB.dtsx,2026-09-02 09:01:00.9486425 +07:00,2026-09-02 09:02:15.3026281 +07:00,4,82F69113-E455-4B30-994C-502EE084690C,DWH_ZVT_MSEGPF,2,ZVT_MSEGPF_EHP8,SSIS,2026-09-02 02:00:45.000,2026-09-02 02:04:08.000,1,Succeeded,1105535,"/ISSERVER ""\""\SSISDB\Sequence_Table\Sequence_Table\Seq_Staging_SAP_EHP8_ZVT_MSEGPF.dtsx\"""" /SERVER ""\"".\"""" /Par ""\""$ServerOption::LOGGING_LEVEL(Int16)\"""";1 /Par ""\""$ServerOption::SYNCHRONIZED(Boolean)\"""";True /CALLERINFO SQLAGENT /REPORTING E",TIME_OVERLAP_ONLY
1240716,Sequence_Table,Sequence_Table,Seq_Staging_WB.dtsx,2026-09-02 09:01:00.9486425 +07:00,2026-09-02 09:02:15.3026281 +07:00,4,0ED3057B-8FB9-4E3D-A6C1-FFA53D51EF36,SEQUENCE_TABLE_SIGAP,1,Staging,SSIS,2026-09-02 02:00:00.000,2026-09-02 03:45:39.000,1,Succeeded,1105569,"/ISSERVER ""\""\SSISDB\Sequence_Table\Sequence_Table\Seq_Staging_SIGAP.dtsx\"""" /SERVER ""\"".\"""" /Par ""\""$ServerOption::LOGGING_LEVEL(Int16)\"""";1 /Par ""\""$ServerOption::SYNCHRONIZED(Boolean)\"""";True /CALLERINFO SQLAGENT /REPORTING E",TIME_OVERLAP_ONLY
1240717,Sequence_Table,Sequence_Table,Seq_Staging_SAP_EHP8_SALDO_TREASURY.dtsx,2026-09-02 09:02:06.8610909 +07:00,2026-09-02 09:02:30.1865782 +07:00,7,82F69113-E455-4B30-994C-502EE084690C,DWH_ZVT_MSEGPF,2,ZVT_MSEGPF_EHP8,SSIS,2026-09-02 02:00:45.000,2026-09-02 02:04:08.000,1,Succeeded,1105535,"/ISSERVER ""\""\SSISDB\Sequence_Table\Sequence_Table\Seq_Staging_SAP_EHP8_ZVT_MSEGPF.dtsx\"""" /SERVER ""\"".\"""" /Par ""\""$ServerOption::LOGGING_LEVEL(Int16)\"""";1 /Par ""\""$ServerOption::SYNCHRONIZED(Boolean)\"""";True /CALLERINFO SQLAGENT /REPORTING E",TIME_OVERLAP_ONLY
1240717,Sequence_Table,Sequence_Table,Seq_Staging_SAP_EHP8_SALDO_TREASURY.dtsx,2026-09-02 09:02:06.8610909 +07:00,2026-09-02 09:02:30.1865782 +07:00,7,0ED3057B-8FB9-4E3D-A6C1-FFA53D51EF36,SEQUENCE_TABLE_SIGAP,1,Staging,SSIS,2026-09-02 02:00:00.000,2026-09-02 03:45:39.000,1,Succeeded,1105569,"/ISSERVER ""\""\SSISDB\Sequence_Table\Sequence_Table\Seq_Staging_SIGAP.dtsx\"""" /SERVER ""\"".\"""" /Par ""\""$ServerOption::LOGGING_LEVEL(Int16)\"""";1 /Par ""\""$ServerOption::SYNCHRONIZED(Boolean)\"""";True /CALLERINFO SQLAGENT /REPORTING E",TIME_OVERLAP_ONLY
1240718,Project_Fact,AWL,Staging.dtsx,2026-09-02 09:05:00.3601424 +07:00,2026-09-02 09:08:09.5254948 +07:00,7,1225ADC7-FF0D-402D-BAEA-A97F7FC50CB1,AWL,1,Staging,SSIS,2026-09-02 02:05:00.000,2026-09-02 02:09:55.000,1,Succeeded,1105537,"/ISSERVER ""\""\SSISDB\Project_Fact\AWL\Staging.dtsx\"""" /SERVER ""\"".\"""" /X86 /Par ""\""$ServerOption::LOGGING_LEVEL(Int16)\"""";1 /Par ""\""$ServerOption::SYNCHRONIZED(Boolean)\"""";True /CALLERINFO SQLAGENT /REPORTING E",STRONG_NAME_OR_COMMAND_MATCH
1240718,Project_Fact,AWL,Staging.dtsx,2026-09-02 09:05:00.3601424 +07:00,2026-09-02 09:08:09.5254948 +07:00,7,0ED3057B-8FB9-4E3D-A6C1-FFA53D51EF36,SEQUENCE_TABLE_SIGAP,1,Staging,SSIS,2026-09-02 02:00:00.000,2026-09-02 03:45:39.000,1,Succeeded,1105569,"/ISSERVER ""\""\SSISDB\Sequence_Table\Sequence_Table\Seq_Staging_SIGAP.dtsx\"""" /SERVER ""\"".\"""" /Par ""\""$ServerOption::LOGGING_LEVEL(Int16)\"""";1 /Par ""\""$ServerOption::SYNCHRONIZED(Boolean)\"""";True /CALLERINFO SQLAGENT /REPORTING E",STRONG_NAME_OR_COMMAND_MATCH
1240719,Sequence_Table,Sequence_Table,Seq_Staging_WB.dtsx,2026-09-02 09:05:27.4058634 +07:00,2026-09-02 09:06:18.6951319 +07:00,4,1225ADC7-FF0D-402D-BAEA-A97F7FC50CB1,AWL,1,Staging,SSIS,2026-09-02 02:05:00.000,2026-09-02 02:09:55.000,1,Succeeded,1105537,"/ISSERVER ""\""\SSISDB\Project_Fact\AWL\Staging.dtsx\"""" /SERVER ""\"".\"""" /X86 /Par ""\""$ServerOption::LOGGING_LEVEL(Int16)\"""";1 /Par ""\""$ServerOption::SYNCHRONIZED(Boolean)\"""";True /CALLERINFO SQLAGENT /REPORTING E",TIME_OVERLAP_ONLY
1240719,Sequence_Table,Sequence_Table,Seq_Staging_WB.dtsx,2026-09-02 09:05:27.4058634 +07:00,2026-09-02 09:06:18.6951319 +07:00,4,0ED3057B-8FB9-4E3D-A6C1-FFA53D51EF36,SEQUENCE_TABLE_SIGAP,1,Staging,SSIS,2026-09-02 02:00:00.000,2026-09-02 03:45:39.000,1,Succeeded,1105569,"/ISSERVER ""\""\SSISDB\Sequence_Table\Sequence_Table\Seq_Staging_SIGAP.dtsx\"""" /SERVER ""\"".\"""" /Par ""\""$ServerOption::LOGGING_LEVEL(Int16)\"""";1 /Par ""\""$ServerOption::SYNCHRONIZED(Boolean)\"""";True /CALLERINFO SQLAGENT /REPORTING E",TIME_OVERLAP_ONLY
1240720,Sequence_Table,Sequence_Table,Seq_Staging_NON_SAP.dtsx,2026-09-02 09:06:37.0782008 +07:00,2026-09-02 09:14:12.0012496 +07:00,7,0ED3057B-8FB9-4E3D-A6C1-FFA53D51EF36,SEQUENCE_TABLE_SIGAP,1,Staging,SSIS,2026-09-02 02:00:00.000,2026-09-02 03:45:39.000,1,Succeeded,1105569,"/ISSERVER ""\""\SSISDB\Sequence_Table\Sequence_Table\Seq_Staging_SIGAP.dtsx\"""" /SERVER ""\"".\"""" /Par ""\""$ServerOption::LOGGING_LEVEL(Int16)\"""";1 /Par ""\""$ServerOption::SYNCHRONIZED(Boolean)\"""";True /CALLERINFO SQLAGENT /REPORTING E",TIME_OVERLAP_ONLY
1240721,Project_Fact,AWL,Fact.dtsx,2026-09-02 09:08:10.3765426 +07:00,2026-09-02 09:08:15.6928467 +07:00,7,1225ADC7-FF0D-402D-BAEA-A97F7FC50CB1,AWL,1,Staging,SSIS,2026-09-02 02:05:00.000,2026-09-02 02:09:55.000,1,Succeeded,1105537,"/ISSERVER ""\""\SSISDB\Project_Fact\AWL\Staging.dtsx\"""" /SERVER ""\"".\"""" /X86 /Par ""\""$ServerOption::LOGGING_LEVEL(Int16)\"""";1 /Par ""\""$ServerOption::SYNCHRONIZED(Boolean)\"""";True /CALLERINFO SQLAGENT /REPORTING E",TIME_OVERLAP_ONLY
1240721,Project_Fact,AWL,Fact.dtsx,2026-09-02 09:08:10.3765426 +07:00,2026-09-02 09:08:15.6928467 +07:00,7,0ED3057B-8FB9-4E3D-A6C1-FFA53D51EF36,SEQUENCE_TABLE_SIGAP,1,Staging,SSIS,2026-09-02 02:00:00.000,2026-09-02 03:45:39.000,1,Succeeded,1105569,"/ISSERVER ""\""\SSISDB\Sequence_Table\Sequence_Table\Seq_Staging_SIGAP.dtsx\"""" /SERVER ""\"".\"""" /Par ""\""$ServerOption::LOGGING_LEVEL(Int16)\"""";1 /Par ""\""$ServerOption::SYNCHRONIZED(Boolean)\"""";True /CALLERINFO SQLAGENT /REPORTING E",TIME_OVERLAP_ONLY
1240722,Project_Fact,AWL,AWL_Warning.dtsx,2026-09-02 09:08:19.9220871 +07:00,2026-09-02 09:08:21.9372080 +07:00,7,1225ADC7-FF0D-402D-BAEA-A97F7FC50CB1,AWL,1,Staging,SSIS,2026-09-02 02:05:00.000,2026-09-02 02:09:55.000,1,Succeeded,1105537,"/ISSERVER ""\""\SSISDB\Project_Fact\AWL\Staging.dtsx\"""" /SERVER ""\"".\"""" /X86 /Par ""\""$ServerOption::LOGGING_LEVEL(Int16)\"""";1 /Par ""\""$ServerOption::SYNCHRONIZED(Boolean)\"""";True /CALLERINFO SQLAGENT /REPORTING E",TIME_OVERLAP_ONLY
1240722,Project_Fact,AWL,AWL_Warning.dtsx,2026-09-02 09:08:19.9220871 +07:00,2026-09-02 09:08:21.9372080 +07:00,7,0ED3057B-8FB9-4E3D-A6C1-FFA53D51EF36,SEQUENCE_TABLE_SIGAP,1,Staging,SSIS,2026-09-02 02:00:00.000,2026-09-02 03:45:39.000,1,Succeeded,1105569,"/ISSERVER ""\""\SSISDB\Sequence_Table\Sequence_Table\Seq_Staging_SIGAP.dtsx\"""" /SERVER ""\"".\"""" /Par ""\""$ServerOption::LOGGING_LEVEL(Int16)\"""";1 /Par ""\""$ServerOption::SYNCHRONIZED(Boolean)\"""";True /CALLERINFO SQLAGENT /REPORTING E",TIME_OVERLAP_ONLY
1240723,Project_Fact,SALDO_TREASURY,MAPPING_SALDO.dtsx,2026-09-02 09:10:02.4159562 +07:00,2026-09-02 09:10:04.2390618 +07:00,7,1225ADC7-FF0D-402D-BAEA-A97F7FC50CB1,AWL,3,AWL Warning,SSIS,2026-09-02 02:10:02.000,2026-09-02 02:10:08.000,1,Succeeded,1105539,"/ISSERVER ""\""\SSISDB\Project_Fact\AWL\AWL_Warning.dtsx\"""" /SERVER ""\"".\"""" /Par ""\""$ServerOption::LOGGING_LEVEL(Int16)\"""";1 /Par ""\""$ServerOption::SYNCHRONIZED(Boolean)\"""";True /CALLERINFO SQLAGENT /REPORTING E",TIME_OVERLAP_ONLY
1240723,Project_Fact,SALDO_TREASURY,MAPPING_SALDO.dtsx,2026-09-02 09:10:02.4159562 +07:00,2026-09-02 09:10:04.2390618 +07:00,7,0ED3057B-8FB9-4E3D-A6C1-FFA53D51EF36,SEQUENCE_TABLE_SIGAP,1,Staging,SSIS,2026-09-02 02:00:00.000,2026-09-02 03:45:39.000,1,Succeeded,1105569,"/ISSERVER ""\""\SSISDB\Sequence_Table\Sequence_Table\Seq_Staging_SIGAP.dtsx\"""" /SERVER ""\"".\"""" /Par ""\""$ServerOption::LOGGING_LEVEL(Int16)\"""";1 /Par ""\""$ServerOption::SYNCHRONIZED(Boolean)\"""";True /CALLERINFO SQLAGENT /REPORTING E",TIME_OVERLAP_ONLY
1240724,Project_Fact,SALDO_TREASURY,FACT_SALDO_AKHIR_BULAN.dtsx,2026-09-02 09:10:06.3761835 +07:00,2026-09-02 09:12:50.3635788 +07:00,7,0ED3057B-8FB9-4E3D-A6C1-FFA53D51EF36,SEQUENCE_TABLE_SIGAP,1,Staging,SSIS,2026-09-02 02:00:00.000,2026-09-02 03:45:39.000,1,Succeeded,1105569,"/ISSERVER ""\""\SSISDB\Sequence_Table\Sequence_Table\Seq_Staging_SIGAP.dtsx\"""" /SERVER ""\"".\"""" /Par ""\""$ServerOption::LOGGING_LEVEL(Int16)\"""";1 /Par ""\""$ServerOption::SYNCHRONIZED(Boolean)\"""";True /CALLERINFO SQLAGENT /REPORTING E",TIME_OVERLAP_ONLY
1240725,Project_Fact,SALDO_TREASURY,FACT_SALDO_HARIAN.dtsx,2026-09-02 09:12:53.9968043 +07:00,2026-09-02 09:15:33.6169266 +07:00,7,0ED3057B-8FB9-4E3D-A6C1-FFA53D51EF36,SEQUENCE_TABLE_SIGAP,1,Staging,SSIS,2026-09-02 02:00:00.000,2026-09-02 03:45:39.000,1,Succeeded,1105569,"/ISSERVER ""\""\SSISDB\Sequence_Table\Sequence_Table\Seq_Staging_SIGAP.dtsx\"""" /SERVER ""\"".\"""" /Par ""\""$ServerOption::LOGGING_LEVEL(Int16)\"""";1 /Par ""\""$ServerOption::SYNCHRONIZED(Boolean)\"""";True /CALLERINFO SQLAGENT /REPORTING E",TIME_OVERLAP_ONLY
1240726,Project_Fact,Inter Company Loan,FACT_INLOAN.dtsx,2026-09-02 09:20:01.0822409 +07:00,2026-09-02 09:20:50.5270746 +07:00,7,0ED3057B-8FB9-4E3D-A6C1-FFA53D51EF36,SEQUENCE_TABLE_SIGAP,1,Staging,SSIS,2026-09-02 02:00:00.000,2026-09-02 03:45:39.000,1,Succeeded,1105569,"/ISSERVER ""\""\SSISDB\Sequence_Table\Sequence_Table\Seq_Staging_SIGAP.dtsx\"""" /SERVER ""\"".\"""" /Par ""\""$ServerOption::LOGGING_LEVEL(Int16)\"""";1 /Par ""\""$ServerOption::SYNCHRONIZED(Boolean)\"""";True /CALLERINFO SQLAGENT /REPORTING E",TIME_OVERLAP_ONLY
1240727,Project_Fact,Lap Prod TBS CPO PK,Laporan Produksi TBS CPO PK.dtsx,2026-09-02 09:30:00.5495990 +07:00,2026-09-02 09:46:25.1989637 +07:00,7,0ED3057B-8FB9-4E3D-A6C1-FFA53D51EF36,SEQUENCE_TABLE_SIGAP,1,Staging,SSIS,2026-09-02 02:00:00.000,2026-09-02 03:45:39.000,1,Succeeded,1105569,"/ISSERVER ""\""\SSISDB\Sequence_Table\Sequence_Table\Seq_Staging_SIGAP.dtsx\"""" /SERVER ""\"".\"""" /Par ""\""$ServerOption::LOGGING_LEVEL(Int16)\"""";1 /Par ""\""$ServerOption::SYNCHRONIZED(Boolean)\"""";True /CALLERINFO SQLAGENT /REPORTING E",TIME_OVERLAP_ONLY
1240728,Project_Fact,COST_ELEMENT_PROJECT,FACT_COST_ELEMENT_RATE.dtsx,2026-09-02 09:40:00.9769726 +07:00,2026-09-02 09:41:39.9496256 +07:00,7,0ED3057B-8FB9-4E3D-A6C1-FFA53D51EF36,SEQUENCE_TABLE_SIGAP,1,Staging,SSIS,2026-09-02 02:00:00.000,2026-09-02 03:45:39.000,1,Succeeded,1105569,"/ISSERVER ""\""\SSISDB\Sequence_Table\Sequence_Table\Seq_Staging_SIGAP.dtsx\"""" /SERVER ""\"".\"""" /Par ""\""$ServerOption::LOGGING_LEVEL(Int16)\"""";1 /Par ""\""$ServerOption::SYNCHRONIZED(Boolean)\"""";True /CALLERINFO SQLAGENT /REPORTING E",TIME_OVERLAP_ONLY
1240729,Project_Fact,COST_ELEMENT_PROJECT,FACT_COST_ELEMENT.dtsx,2026-09-02 09:41:44.2538728 +07:00,2026-09-02 09:55:16.9794140 +07:00,7,0ED3057B-8FB9-4E3D-A6C1-FFA53D51EF36,SEQUENCE_TABLE_SIGAP,1,Staging,SSIS,2026-09-02 02:00:00.000,2026-09-02 03:45:39.000,1,Succeeded,1105569,"/ISSERVER ""\""\SSISDB\Sequence_Table\Sequence_Table\Seq_Staging_SIGAP.dtsx\"""" /SERVER ""\"".\"""" /Par ""\""$ServerOption::LOGGING_LEVEL(Int16)\"""";1 /Par ""\""$ServerOption::SYNCHRONIZED(Boolean)\"""";True /CALLERINFO SQLAGENT /REPORTING E",TIME_OVERLAP_ONLY
1240730,Project_Fact,AWL,Staging.dtsx,2026-09-02 10:05:01.0608669 +07:00,2026-09-02 10:12:48.2856202 +07:00,7,0ED3057B-8FB9-4E3D-A6C1-FFA53D51EF36,SEQUENCE_TABLE_SIGAP,1,Staging,SSIS,2026-09-02 02:00:00.000,2026-09-02 03:45:39.000,1,Succeeded,1105569,"/ISSERVER ""\""\SSISDB\Sequence_Table\Sequence_Table\Seq_Staging_SIGAP.dtsx\"""" /SERVER ""\"".\"""" /Par ""\""$ServerOption::LOGGING_LEVEL(Int16)\"""";1 /Par ""\""$ServerOption::SYNCHRONIZED(Boolean)\"""";True /CALLERINFO SQLAGENT /REPORTING E",STRONG_NAME_OR_COMMAND_MATCH
1240731,Project_Fact,AWL,Fact.dtsx,2026-09-02 10:12:51.1327823 +07:00,2026-09-02 10:12:54.3429731 +07:00,7,0ED3057B-8FB9-4E3D-A6C1-FFA53D51EF36,SEQUENCE_TABLE_SIGAP,1,Staging,SSIS,2026-09-02 02:00:00.000,2026-09-02 03:45:39.000,1,Succeeded,1105569,"/ISSERVER ""\""\SSISDB\Sequence_Table\Sequence_Table\Seq_Staging_SIGAP.dtsx\"""" /SERVER ""\"".\"""" /Par ""\""$ServerOption::LOGGING_LEVEL(Int16)\"""";1 /Par ""\""$ServerOption::SYNCHRONIZED(Boolean)\"""";True /CALLERINFO SQLAGENT /REPORTING E",TIME_OVERLAP_ONLY
1240732,Project_Fact,AWL,AWL_Warning.dtsx,2026-09-02 10:12:55.6380417 +07:00,2026-09-02 10:12:57.0981252 +07:00,7,0ED3057B-8FB9-4E3D-A6C1-FFA53D51EF36,SEQUENCE_TABLE_SIGAP,1,Staging,SSIS,2026-09-02 02:00:00.000,2026-09-02 03:45:39.000,1,Succeeded,1105569,"/ISSERVER ""\""\SSISDB\Sequence_Table\Sequence_Table\Seq_Staging_SIGAP.dtsx\"""" /SERVER ""\"".\"""" /Par ""\""$ServerOption::LOGGING_LEVEL(Int16)\"""";1 /Par ""\""$ServerOption::SYNCHRONIZED(Boolean)\"""";True /CALLERINFO SQLAGENT /REPORTING E",TIME_OVERLAP_ONLY
1240738,Sequence_Table,Sequence_Table,Seq_Staging_SPARTA_4T.dtsx,2026-09-02 12:00:00.6749857 +07:00,2026-09-02 12:14:20.7192282 +07:00,7,B43BB631-9155-44CA-BF21-BEAAA5471B45,DWH_MR,1,Process,TSQL,2026-09-02 05:00:00.000,2026-09-02 05:25:19.000,1,Succeeded,1105610," EXECUTE  [dbo].RefreshReportDetailFact 2026   ,1 GO   EXECUTE  [dbo].[RefreshConsole]  2026 ,1 GO",TIME_OVERLAP_ONLY
1240739,Sequence_Table,Sequence_Table,Seq_Staging_SAP_SALDO_TREASURY.dtsx,2026-09-02 12:00:00.7179882 +07:00,2026-09-02 12:01:28.0549877 +07:00,7,B43BB631-9155-44CA-BF21-BEAAA5471B45,DWH_MR,1,Process,TSQL,2026-09-02 05:00:00.000,2026-09-02 05:25:19.000,1,Succeeded,1105610," EXECUTE  [dbo].RefreshReportDetailFact 2026   ,1 GO   EXECUTE  [dbo].[RefreshConsole]  2026 ,1 GO",TIME_OVERLAP_ONLY
1240740,Sequence_Table,Sequence_Table,Seq_Staging_SAP_EHP8_SALDO_TREASURY.dtsx,2026-09-02 12:01:30.5531248 +07:00,2026-09-02 12:01:40.7137090 +07:00,7,B43BB631-9155-44CA-BF21-BEAAA5471B45,DWH_MR,1,Process,TSQL,2026-09-02 05:00:00.000,2026-09-02 05:25:19.000,1,Succeeded,1105610," EXECUTE  [dbo].RefreshReportDetailFact 2026   ,1 GO   EXECUTE  [dbo].[RefreshConsole]  2026 ,1 GO",TIME_OVERLAP_ONLY
1240740,Sequence_Table,Sequence_Table,Seq_Staging_SAP_EHP8_SALDO_TREASURY.dtsx,2026-09-02 12:01:30.5531248 +07:00,2026-09-02 12:01:40.7137090 +07:00,7,6D7C9921-843B-4919-B8A6-D42A047543FA,LAPORAN KEUANGAN KEBUN (LKK),3,Mapping,SSIS,2026-09-02 05:00:10.000,2026-09-02 05:11:22.000,1,Succeeded,1105607,"/ISSERVER ""\""\SSISDB\Project_Fact\DWH_LKK_PROJECT_NEW\INSERT_MAPPING_BIAYA_TANAMAN.dtsx\"""" /SERVER ""\"".\"""" /X86 /Par ""\""$ServerOption::LOGGING_LEVEL(Int16)\"""";1 /Par ""\""$ServerOption::SYNCHRONIZED(Boolean)\"""";True /CALLERINFO SQLAGENT /REPORTING E",TIME_OVERLAP_ONLY
1240740,Sequence_Table,Sequence_Table,Seq_Staging_SAP_EHP8_SALDO_TREASURY.dtsx,2026-09-02 12:01:30.5531248 +07:00,2026-09-02 12:01:40.7137090 +07:00,7,9558A386-42A0-4D60-935C-CE2295DFC697,Payment Treasury,6,Fact Performance,SSIS,2026-09-02 05:01:19.000,2026-09-02 05:01:48.000,1,Succeeded,1105597,"/ISSERVER ""\""\SSISDB\Project_Fact\PAYMENT TREASURY\FACT_PERFORMANCE_PAYMENT.dtsx\"""" /SERVER ""\"".\"""" /X86 /Par ""\""$ServerOption::LOGGING_LEVEL(Int16)\"""";1 /Par ""\""$ServerOption::SYNCHRONIZED(Boolean)\"""";True /CALLERINFO SQLAGENT /REPORTING E",TIME_OVERLAP_ONLY
1240742,Sequence_Table,Sequence_Table,Seq_Staging_SPARTA.dtsx,2026-09-02 12:05:00.7681677 +07:00,2026-09-02 12:19:53.1772709 +07:00,7,B43BB631-9155-44CA-BF21-BEAAA5471B45,DWH_MR,1,Process,TSQL,2026-09-02 05:00:00.000,2026-09-02 05:25:19.000,1,Succeeded,1105610," EXECUTE  [dbo].RefreshReportDetailFact 2026   ,1 GO   EXECUTE  [dbo].[RefreshConsole]  2026 ,1 GO",TIME_OVERLAP_ONLY
1240741,Project_Fact,AWL,Staging.dtsx,2026-09-02 12:05:00.7881723 +07:00,2026-09-02 12:14:06.4924161 +07:00,7,B43BB631-9155-44CA-BF21-BEAAA5471B45,DWH_MR,1,Process,TSQL,2026-09-02 05:00:00.000,2026-09-02 05:25:19.000,1,Succeeded,1105610," EXECUTE  [dbo].RefreshReportDetailFact 2026   ,1 GO   EXECUTE  [dbo].[RefreshConsole]  2026 ,1 GO",TIME_OVERLAP_ONLY
1240743,Project_Fact,SALDO_TREASURY,MAPPING_SALDO.dtsx,2026-09-02 12:07:01.0520562 +07:00,2026-09-02 12:07:05.2362947 +07:00,7,1225ADC7-FF0D-402D-BAEA-A97F7FC50CB1,AWL,1,Staging,SSIS,2026-09-02 05:05:00.000,2026-09-02 05:08:05.000,1,Succeeded,1105600,"/ISSERVER ""\""\SSISDB\Project_Fact\AWL\Staging.dtsx\"""" /SERVER ""\"".\"""" /X86 /Par ""\""$ServerOption::LOGGING_LEVEL(Int16)\"""";1 /Par ""\""$ServerOption::SYNCHRONIZED(Boolean)\"""";True /CALLERINFO SQLAGENT /REPORTING E",TIME_OVERLAP_ONLY
1240743,Project_Fact,SALDO_TREASURY,MAPPING_SALDO.dtsx,2026-09-02 12:07:01.0520562 +07:00,2026-09-02 12:07:05.2362947 +07:00,7,B43BB631-9155-44CA-BF21-BEAAA5471B45,DWH_MR,1,Process,TSQL,2026-09-02 05:00:00.000,2026-09-02 05:25:19.000,1,Succeeded,1105610," EXECUTE  [dbo].RefreshReportDetailFact 2026   ,1 GO   EXECUTE  [dbo].[RefreshConsole]  2026 ,1 GO",TIME_OVERLAP_ONLY
1240743,Project_Fact,SALDO_TREASURY,MAPPING_SALDO.dtsx,2026-09-02 12:07:01.0520562 +07:00,2026-09-02 12:07:05.2362947 +07:00,7,6D7C9921-843B-4919-B8A6-D42A047543FA,LAPORAN KEUANGAN KEBUN (LKK),3,Mapping,SSIS,2026-09-02 05:00:10.000,2026-09-02 05:11:22.000,1,Succeeded,1105607,"/ISSERVER ""\""\SSISDB\Project_Fact\DWH_LKK_PROJECT_NEW\INSERT_MAPPING_BIAYA_TANAMAN.dtsx\"""" /SERVER ""\"".\"""" /X86 /Par ""\""$ServerOption::LOGGING_LEVEL(Int16)\"""";1 /Par ""\""$ServerOption::SYNCHRONIZED(Boolean)\"""";True /CALLERINFO SQLAGENT /REPORTING E",TIME_OVERLAP_ONLY
1240744,Project_Fact,SALDO_TREASURY,FACT_SALDO_AKHIR_BULAN.dtsx,2026-09-02 12:07:08.0324596 +07:00,2026-09-02 12:09:27.2554364 +07:00,7,B43BB631-9155-44CA-BF21-BEAAA5471B45,DWH_MR,1,Process,TSQL,2026-09-02 05:00:00.000,2026-09-02 05:25:19.000,1,Succeeded,1105610," EXECUTE  [dbo].RefreshReportDetailFact 2026   ,1 GO   EXECUTE  [dbo].[RefreshConsole]  2026 ,1 GO",TIME_OVERLAP_ONLY
1240744,Project_Fact,SALDO_TREASURY,FACT_SALDO_AKHIR_BULAN.dtsx,2026-09-02 12:07:08.0324596 +07:00,2026-09-02 12:09:27.2554364 +07:00,7,6D7C9921-843B-4919-B8A6-D42A047543FA,LAPORAN KEUANGAN KEBUN (LKK),3,Mapping,SSIS,2026-09-02 05:00:10.000,2026-09-02 05:11:22.000,1,Succeeded,1105607,"/ISSERVER ""\""\SSISDB\Project_Fact\DWH_LKK_PROJECT_NEW\INSERT_MAPPING_BIAYA_TANAMAN.dtsx\"""" /SERVER ""\"".\"""" /X86 /Par ""\""$ServerOption::LOGGING_LEVEL(Int16)\"""";1 /Par ""\""$ServerOption::SYNCHRONIZED(Boolean)\"""";True /CALLERINFO SQLAGENT /REPORTING E",TIME_OVERLAP_ONLY
1240745,Project_Fact,SALDO_TREASURY,FACT_SALDO_HARIAN.dtsx,2026-09-02 12:09:30.4476104 +07:00,2026-09-02 12:12:02.7313434 +07:00,7,B43BB631-9155-44CA-BF21-BEAAA5471B45,DWH_MR,1,Process,TSQL,2026-09-02 05:00:00.000,2026-09-02 05:25:19.000,1,Succeeded,1105610," EXECUTE  [dbo].RefreshReportDetailFact 2026   ,1 GO   EXECUTE  [dbo].[RefreshConsole]  2026 ,1 GO",TIME_OVERLAP_ONLY
1240746,Project_Fact,AWL,Fact.dtsx,2026-09-02 12:14:08.4275397 +07:00,2026-09-02 12:14:13.2458036 +07:00,7,B43BB631-9155-44CA-BF21-BEAAA5471B45,DWH_MR,1,Process,TSQL,2026-09-02 05:00:00.000,2026-09-02 05:25:19.000,1,Succeeded,1105610," EXECUTE  [dbo].RefreshReportDetailFact 2026   ,1 GO   EXECUTE  [dbo].[RefreshConsole]  2026 ,1 GO",TIME_OVERLAP_ONLY
1240746,Project_Fact,AWL,Fact.dtsx,2026-09-02 12:14:08.4275397 +07:00,2026-09-02 12:14:13.2458036 +07:00,7,6D7C9921-843B-4919-B8A6-D42A047543FA,LAPORAN KEUANGAN KEBUN (LKK),4,Fact,SSIS,2026-09-02 05:11:22.000,2026-09-02 06:21:44.000,1,Succeeded,1105668,"/ISSERVER ""\""\SSISDB\Project_Fact\DWH_LKK_PROJECT_NEW\FACT_LKK.dtsx\"""" /SERVER ""\"".\"""" /Par ""\""$ServerOption::LOGGING_LEVEL(Int16)\"""";1 /Par ""\""$ServerOption::SYNCHRONIZED(Boolean)\"""";True /CALLERINFO SQLAGENT /REPORTING E",STRONG_NAME_OR_COMMAND_MATCH
1240747,Project_Fact,AWL,AWL_Warning.dtsx,2026-09-02 12:14:15.9289536 +07:00,2026-09-02 12:14:17.7730581 +07:00,7,B43BB631-9155-44CA-BF21-BEAAA5471B45,DWH_MR,1,Process,TSQL,2026-09-02 05:00:00.000,2026-09-02 05:25:19.000,1,Succeeded,1105610," EXECUTE  [dbo].RefreshReportDetailFact 2026   ,1 GO   EXECUTE  [dbo].[RefreshConsole]  2026 ,1 GO",TIME_OVERLAP_ONLY
1240747,Project_Fact,AWL,AWL_Warning.dtsx,2026-09-02 12:14:15.9289536 +07:00,2026-09-02 12:14:17.7730581 +07:00,7,6D7C9921-843B-4919-B8A6-D42A047543FA,LAPORAN KEUANGAN KEBUN (LKK),4,Fact,SSIS,2026-09-02 05:11:22.000,2026-09-02 06:21:44.000,1,Succeeded,1105668,"/ISSERVER ""\""\SSISDB\Project_Fact\DWH_LKK_PROJECT_NEW\FACT_LKK.dtsx\"""" /SERVER ""\"".\"""" /Par ""\""$ServerOption::LOGGING_LEVEL(Int16)\"""";1 /Par ""\""$ServerOption::SYNCHRONIZED(Boolean)\"""";True /CALLERINFO SQLAGENT /REPORTING E",TIME_OVERLAP_ONLY
1240748,Project_Fact,DWH_SMALLER_FACT,CHECK_QUERY_DATA.dtsx,2026-09-02 12:19:53.9383147 +07:00,2026-09-02 12:23:00.4139916 +07:00,7,B43BB631-9155-44CA-BF21-BEAAA5471B45,DWH_MR,1,Process,TSQL,2026-09-02 05:00:00.000,2026-09-02 05:25:19.000,1,Succeeded,1105610," EXECUTE  [dbo].RefreshReportDetailFact 2026   ,1 GO   EXECUTE  [dbo].[RefreshConsole]  2026 ,1 GO",TIME_OVERLAP_ONLY
1240748,Project_Fact,DWH_SMALLER_FACT,CHECK_QUERY_DATA.dtsx,2026-09-02 12:19:53.9383147 +07:00,2026-09-02 12:23:00.4139916 +07:00,7,6D7C9921-843B-4919-B8A6-D42A047543FA,LAPORAN KEUANGAN KEBUN (LKK),4,Fact,SSIS,2026-09-02 05:11:22.000,2026-09-02 06:21:44.000,1,Succeeded,1105668,"/ISSERVER ""\""\SSISDB\Project_Fact\DWH_LKK_PROJECT_NEW\FACT_LKK.dtsx\"""" /SERVER ""\"".\"""" /Par ""\""$ServerOption::LOGGING_LEVEL(Int16)\"""";1 /Par ""\""$ServerOption::SYNCHRONIZED(Boolean)\"""";True /CALLERINFO SQLAGENT /REPORTING E",TIME_OVERLAP_ONLY
1240749,Project_Fact,MACHINE_LEARNING,FACT_ML_YP.dtsx,2026-09-02 12:23:00.0079741 +07:00,2026-09-02 12:23:30.0986914 +07:00,7,B43BB631-9155-44CA-BF21-BEAAA5471B45,DWH_MR,1,Process,TSQL,2026-09-02 05:00:00.000,2026-09-02 05:25:19.000,1,Succeeded,1105610," EXECUTE  [dbo].RefreshReportDetailFact 2026   ,1 GO   EXECUTE  [dbo].[RefreshConsole]  2026 ,1 GO",TIME_OVERLAP_ONLY
1240749,Project_Fact,MACHINE_LEARNING,FACT_ML_YP.dtsx,2026-09-02 12:23:00.0079741 +07:00,2026-09-02 12:23:30.0986914 +07:00,7,6D7C9921-843B-4919-B8A6-D42A047543FA,LAPORAN KEUANGAN KEBUN (LKK),4,Fact,SSIS,2026-09-02 05:11:22.000,2026-09-02 06:21:44.000,1,Succeeded,1105668,"/ISSERVER ""\""\SSISDB\Project_Fact\DWH_LKK_PROJECT_NEW\FACT_LKK.dtsx\"""" /SERVER ""\"".\"""" /Par ""\""$ServerOption::LOGGING_LEVEL(Int16)\"""";1 /Par ""\""$ServerOption::SYNCHRONIZED(Boolean)\"""";True /CALLERINFO SQLAGENT /REPORTING E",TIME_OVERLAP_ONLY
1240750,Project_Fact,DWH_GRADING_TBS,Staging.dtsx,2026-09-02 12:23:00.0219716 +07:00,2026-09-02 12:23:18.5110252 +07:00,4,B43BB631-9155-44CA-BF21-BEAAA5471B45,DWH_MR,1,Process,TSQL,2026-09-02 05:00:00.000,2026-09-02 05:25:19.000,1,Succeeded,1105610," EXECUTE  [dbo].RefreshReportDetailFact 2026   ,1 GO   EXECUTE  [dbo].[RefreshConsole]  2026 ,1 GO",TIME_OVERLAP_ONLY
1240750,Project_Fact,DWH_GRADING_TBS,Staging.dtsx,2026-09-02 12:23:00.0219716 +07:00,2026-09-02 12:23:18.5110252 +07:00,4,6D7C9921-843B-4919-B8A6-D42A047543FA,LAPORAN KEUANGAN KEBUN (LKK),4,Fact,SSIS,2026-09-02 05:11:22.000,2026-09-02 06:21:44.000,1,Succeeded,1105668,"/ISSERVER ""\""\SSISDB\Project_Fact\DWH_LKK_PROJECT_NEW\FACT_LKK.dtsx\"""" /SERVER ""\"".\"""" /Par ""\""$ServerOption::LOGGING_LEVEL(Int16)\"""";1 /Par ""\""$ServerOption::SYNCHRONIZED(Boolean)\"""";True /CALLERINFO SQLAGENT /REPORTING E",TIME_OVERLAP_ONLY
1240751,Project_Fact,premi dan lembur monitoring,DWH_STG to DWH_DM.dtsx,2026-09-02 12:23:00.0539758 +07:00,2026-09-02 12:56:34.6453473 +07:00,7,6D7C9921-843B-4919-B8A6-D42A047543FA,LAPORAN KEUANGAN KEBUN (LKK),4,Fact,SSIS,2026-09-02 05:11:22.000,2026-09-02 06:21:44.000,1,Succeeded,1105668,"/ISSERVER ""\""\SSISDB\Project_Fact\DWH_LKK_PROJECT_NEW\FACT_LKK.dtsx\"""" /SERVER ""\"".\"""" /Par ""\""$ServerOption::LOGGING_LEVEL(Int16)\"""";1 /Par ""\""$ServerOption::SYNCHRONIZED(Boolean)\"""";True /CALLERINFO SQLAGENT /REPORTING E",TIME_OVERLAP_ONLY
1240752,Project_Fact,DWH_SMALLER_FACT,CHECK_QUERY_DATA.dtsx,2026-09-02 12:23:00.1319722 +07:00,2026-09-02 12:23:02.8121376 +07:00,7,B43BB631-9155-44CA-BF21-BEAAA5471B45,DWH_MR,1,Process,TSQL,2026-09-02 05:00:00.000,2026-09-02 05:25:19.000,1,Succeeded,1105610," EXECUTE  [dbo].RefreshReportDetailFact 2026   ,1 GO   EXECUTE  [dbo].[RefreshConsole]  2026 ,1 GO",TIME_OVERLAP_ONLY
1240752,Project_Fact,DWH_SMALLER_FACT,CHECK_QUERY_DATA.dtsx,2026-09-02 12:23:00.1319722 +07:00,2026-09-02 12:23:02.8121376 +07:00,7,6D7C9921-843B-4919-B8A6-D42A047543FA,LAPORAN KEUANGAN KEBUN (LKK),4,Fact,SSIS,2026-09-02 05:11:22.000,2026-09-02 06:21:44.000,1,Succeeded,1105668,"/ISSERVER ""\""\SSISDB\Project_Fact\DWH_LKK_PROJECT_NEW\FACT_LKK.dtsx\"""" /SERVER ""\"".\"""" /Par ""\""$ServerOption::LOGGING_LEVEL(Int16)\"""";1 /Par ""\""$ServerOption::SYNCHRONIZED(Boolean)\"""";True /CALLERINFO SQLAGENT /REPORTING E",TIME_OVERLAP_ONLY
1240753,Project_Fact,DWH_SMALLER_FACT,CHECK_QUERY_DATA.dtsx,2026-09-02 12:23:00.1449762 +07:00,2026-09-02 12:23:02.7831246 +07:00,7,B43BB631-9155-44CA-BF21-BEAAA5471B45,DWH_MR,1,Process,TSQL,2026-09-02 05:00:00.000,2026-09-02 05:25:19.000,1,Succeeded,1105610," EXECUTE  [dbo].RefreshReportDetailFact 2026   ,1 GO   EXECUTE  [dbo].[RefreshConsole]  2026 ,1 GO",TIME_OVERLAP_ONLY
1240753,Project_Fact,DWH_SMALLER_FACT,CHECK_QUERY_DATA.dtsx,2026-09-02 12:23:00.1449762 +07:00,2026-09-02 12:23:02.7831246 +07:00,7,6D7C9921-843B-4919-B8A6-D42A047543FA,LAPORAN KEUANGAN KEBUN (LKK),4,Fact,SSIS,2026-09-02 05:11:22.000,2026-09-02 06:21:44.000,1,Succeeded,1105668,"/ISSERVER ""\""\SSISDB\Project_Fact\DWH_LKK_PROJECT_NEW\FACT_LKK.dtsx\"""" /SERVER ""\"".\"""" /Par ""\""$ServerOption::LOGGING_LEVEL(Int16)\"""";1 /Par ""\""$ServerOption::SYNCHRONIZED(Boolean)\"""";True /CALLERINFO SQLAGENT /REPORTING E",TIME_OVERLAP_ONLY
1240754,Project_Fact,SPARTA_PROJECT,FACT_SPARTA_PAYROLL.dtsx,2026-09-02 12:23:01.4620541 +07:00,2026-09-02 12:37:54.5311996 +07:00,7,6D7C9921-843B-4919-B8A6-D42A047543FA,LAPORAN KEUANGAN KEBUN (LKK),4,Fact,SSIS,2026-09-02 05:11:22.000,2026-09-02 06:21:44.000,1,Succeeded,1105668,"/ISSERVER ""\""\SSISDB\Project_Fact\DWH_LKK_PROJECT_NEW\FACT_LKK.dtsx\"""" /SERVER ""\"".\"""" /Par ""\""$ServerOption::LOGGING_LEVEL(Int16)\"""";1 /Par ""\""$ServerOption::SYNCHRONIZED(Boolean)\"""";True /CALLERINFO SQLAGENT /REPORTING E",TIME_OVERLAP_ONLY
1240755,Project_Fact,SPARTA_PROJECT,DIMENSI_SPARTA.dtsx,2026-09-02 12:23:03.6001760 +07:00,2026-09-02 12:23:32.2168143 +07:00,7,B43BB631-9155-44CA-BF21-BEAAA5471B45,DWH_MR,1,Process,TSQL,2026-09-02 05:00:00.000,2026-09-02 05:25:19.000,1,Succeeded,1105610," EXECUTE  [dbo].RefreshReportDetailFact 2026   ,1 GO   EXECUTE  [dbo].[RefreshConsole]  2026 ,1 GO",TIME_OVERLAP_ONLY
1240755,Project_Fact,SPARTA_PROJECT,DIMENSI_SPARTA.dtsx,2026-09-02 12:23:03.6001760 +07:00,2026-09-02 12:23:32.2168143 +07:00,7,6D7C9921-843B-4919-B8A6-D42A047543FA,LAPORAN KEUANGAN KEBUN (LKK),4,Fact,SSIS,2026-09-02 05:11:22.000,2026-09-02 06:21:44.000,1,Succeeded,1105668,"/ISSERVER ""\""\SSISDB\Project_Fact\DWH_LKK_PROJECT_NEW\FACT_LKK.dtsx\"""" /SERVER ""\"".\"""" /Par ""\""$ServerOption::LOGGING_LEVEL(Int16)\"""";1 /Par ""\""$ServerOption::SYNCHRONIZED(Boolean)\"""";True /CALLERINFO SQLAGENT /REPORTING E",TIME_OVERLAP_ONLY
1240756,Project_Fact,DAILY_DASHBOARD_PROJECT,STG_OPERATIONAL_HOLIDAY.dtsx,2026-09-02 12:23:06.6693513 +07:00,2026-09-02 12:23:09.0684860 +07:00,7,B43BB631-9155-44CA-BF21-BEAAA5471B45,DWH_MR,1,Process,TSQL,2026-09-02 05:00:00.000,2026-09-02 05:25:19.000,1,Succeeded,1105610," EXECUTE  [dbo].RefreshReportDetailFact 2026   ,1 GO   EXECUTE  [dbo].[RefreshConsole]  2026 ,1 GO",TIME_OVERLAP_ONLY
1240756,Project_Fact,DAILY_DASHBOARD_PROJECT,STG_OPERATIONAL_HOLIDAY.dtsx,2026-09-02 12:23:06.6693513 +07:00,2026-09-02 12:23:09.0684860 +07:00,7,6D7C9921-843B-4919-B8A6-D42A047543FA,LAPORAN KEUANGAN KEBUN (LKK),4,Fact,SSIS,2026-09-02 05:11:22.000,2026-09-02 06:21:44.000,1,Succeeded,1105668,"/ISSERVER ""\""\SSISDB\Project_Fact\DWH_LKK_PROJECT_NEW\FACT_LKK.dtsx\"""" /SERVER ""\"".\"""" /Par ""\""$ServerOption::LOGGING_LEVEL(Int16)\"""";1 /Par ""\""$ServerOption::SYNCHRONIZED(Boolean)\"""";True /CALLERINFO SQLAGENT /REPORTING E",TIME_OVERLAP_ONLY
1240757,Project_Fact,DAILY_DASHBOARD_PROJECT,STG_DAILY_DASHBOARD.dtsx,2026-09-02 12:23:10.2755758 +07:00,2026-09-02 12:23:14.1187786 +07:00,7,B43BB631-9155-44CA-BF21-BEAAA5471B45,DWH_MR,1,Process,TSQL,2026-09-02 05:00:00.000,2026-09-02 05:25:19.000,1,Succeeded,1105610," EXECUTE  [dbo].RefreshReportDetailFact 2026   ,1 GO   EXECUTE  [dbo].[RefreshConsole]  2026 ,1 GO",TIME_OVERLAP_ONLY
1240757,Project_Fact,DAILY_DASHBOARD_PROJECT,STG_DAILY_DASHBOARD.dtsx,2026-09-02 12:23:10.2755758 +07:00,2026-09-02 12:23:14.1187786 +07:00,7,6D7C9921-843B-4919-B8A6-D42A047543FA,LAPORAN KEUANGAN KEBUN (LKK),4,Fact,SSIS,2026-09-02 05:11:22.000,2026-09-02 06:21:44.000,1,Succeeded,1105668,"/ISSERVER ""\""\SSISDB\Project_Fact\DWH_LKK_PROJECT_NEW\FACT_LKK.dtsx\"""" /SERVER ""\"".\"""" /Par ""\""$ServerOption::LOGGING_LEVEL(Int16)\"""";1 /Par ""\""$ServerOption::SYNCHRONIZED(Boolean)\"""";True /CALLERINFO SQLAGENT /REPORTING E",TIME_OVERLAP_ONLY
1240758,Project_Fact,DAILY_DASHBOARD_PROJECT,FACT_DD_TBS.dtsx,2026-09-02 12:23:16.8689323 +07:00,2026-09-02 12:40:12.3520910 +07:00,7,6D7C9921-843B-4919-B8A6-D42A047543FA,LAPORAN KEUANGAN KEBUN (LKK),4,Fact,SSIS,2026-09-02 05:11:22.000,2026-09-02 06:21:44.000,1,Succeeded,1105668,"/ISSERVER ""\""\SSISDB\Project_Fact\DWH_LKK_PROJECT_NEW\FACT_LKK.dtsx\"""" /SERVER ""\"".\"""" /Par ""\""$ServerOption::LOGGING_LEVEL(Int16)\"""";1 /Par ""\""$ServerOption::SYNCHRONIZED(Boolean)\"""";True /CALLERINFO SQLAGENT /REPORTING E",TIME_OVERLAP_ONLY
1240759,Project_Fact,MACHINE_LEARNING,FACT_AP_TBS_.dtsx,2026-09-02 12:23:32.6018363 +07:00,2026-09-02 12:28:50.3610367 +07:00,7,6D7C9921-843B-4919-B8A6-D42A047543FA,LAPORAN KEUANGAN KEBUN (LKK),4,Fact,SSIS,2026-09-02 05:11:22.000,2026-09-02 06:21:44.000,1,Succeeded,1105668,"/ISSERVER ""\""\SSISDB\Project_Fact\DWH_LKK_PROJECT_NEW\FACT_LKK.dtsx\"""" /SERVER ""\"".\"""" /Par ""\""$ServerOption::LOGGING_LEVEL(Int16)\"""";1 /Par ""\""$ServerOption::SYNCHRONIZED(Boolean)\"""";True /CALLERINFO SQLAGENT /REPORTING E",TIME_OVERLAP_ONLY
1240760,Project_Fact,SPARTA_PROJECT,FACT_SPARTA_LHA_NEW.dtsx,2026-09-02 12:23:36.7390693 +07:00,2026-09-02 12:54:24.1398655 +07:00,7,6D7C9921-843B-4919-B8A6-D42A047543FA,LAPORAN KEUANGAN KEBUN (LKK),4,Fact,SSIS,2026-09-02 05:11:22.000,2026-09-02 06:21:44.000,1,Succeeded,1105668,"/ISSERVER ""\""\SSISDB\Project_Fact\DWH_LKK_PROJECT_NEW\FACT_LKK.dtsx\"""" /SERVER ""\"".\"""" /Par ""\""$ServerOption::LOGGING_LEVEL(Int16)\"""";1 /Par ""\""$ServerOption::SYNCHRONIZED(Boolean)\"""";True /CALLERINFO SQLAGENT /REPORTING E",TIME_OVERLAP_ONLY
1240761,Project_Fact,DWH_SMALLER_FACT,STAGING_STOCK_AREA_ECC0.dtsx,2026-09-02 12:30:01.0070813 +07:00,2026-09-02 12:36:56.4798700 +07:00,7,6D7C9921-843B-4919-B8A6-D42A047543FA,LAPORAN KEUANGAN KEBUN (LKK),4,Fact,SSIS,2026-09-02 05:11:22.000,2026-09-02 06:21:44.000,1,Succeeded,1105668,"/ISSERVER ""\""\SSISDB\Project_Fact\DWH_LKK_PROJECT_NEW\FACT_LKK.dtsx\"""" /SERVER ""\"".\"""" /Par ""\""$ServerOption::LOGGING_LEVEL(Int16)\"""";1 /Par ""\""$ServerOption::SYNCHRONIZED(Boolean)\"""";True /CALLERINFO SQLAGENT /REPORTING E",TIME_OVERLAP_ONLY
1240762,Project_Fact,DWH_SMALLER_FACT,STAGING_STOCK_AREA_EHP8.dtsx,2026-09-02 12:37:00.6331055 +07:00,2026-09-02 12:37:27.1636264 +07:00,7,6D7C9921-843B-4919-B8A6-D42A047543FA,LAPORAN KEUANGAN KEBUN (LKK),4,Fact,SSIS,2026-09-02 05:11:22.000,2026-09-02 06:21:44.000,1,Succeeded,1105668,"/ISSERVER ""\""\SSISDB\Project_Fact\DWH_LKK_PROJECT_NEW\FACT_LKK.dtsx\"""" /SERVER ""\"".\"""" /Par ""\""$ServerOption::LOGGING_LEVEL(Int16)\"""";1 /Par ""\""$ServerOption::SYNCHRONIZED(Boolean)\"""";True /CALLERINFO SQLAGENT /REPORTING E",TIME_OVERLAP_ONLY
1240763,Project_Fact,DWH_SMALLER_FACT,FACT_STOCK_AREA.dtsx,2026-09-02 12:37:29.9507880 +07:00,2026-09-02 12:43:38.1458733 +07:00,7,6D7C9921-843B-4919-B8A6-D42A047543FA,LAPORAN KEUANGAN KEBUN (LKK),4,Fact,SSIS,2026-09-02 05:11:22.000,2026-09-02 06:21:44.000,1,Succeeded,1105668,"/ISSERVER ""\""\SSISDB\Project_Fact\DWH_LKK_PROJECT_NEW\FACT_LKK.dtsx\"""" /SERVER ""\"".\"""" /Par ""\""$ServerOption::LOGGING_LEVEL(Int16)\"""";1 /Par ""\""$ServerOption::SYNCHRONIZED(Boolean)\"""";True /CALLERINFO SQLAGENT /REPORTING E",TIME_OVERLAP_ONLY
1240764,Project_Fact,JOURNAL_SPARTA,FACT_JOURNAL_PAYROLL.dtsx,2026-09-02 12:37:58.9724507 +07:00,2026-09-02 13:06:14.2985341 +07:00,7,6D7C9921-843B-4919-B8A6-D42A047543FA,LAPORAN KEUANGAN KEBUN (LKK),4,Fact,SSIS,2026-09-02 05:11:22.000,2026-09-02 06:21:44.000,1,Succeeded,1105668,"/ISSERVER ""\""\SSISDB\Project_Fact\DWH_LKK_PROJECT_NEW\FACT_LKK.dtsx\"""" /SERVER ""\"".\"""" /Par ""\""$ServerOption::LOGGING_LEVEL(Int16)\"""";1 /Par ""\""$ServerOption::SYNCHRONIZED(Boolean)\"""";True /CALLERINFO SQLAGENT /REPORTING E",TIME_OVERLAP_ONLY
1240765,Project_Fact,DAILY_DASHBOARD_PROJECT,FACT_DD_SUMMARY.dtsx,2026-09-02 12:40:15.3222637 +07:00,2026-09-02 12:42:03.9944798 +07:00,7,6D7C9921-843B-4919-B8A6-D42A047543FA,LAPORAN KEUANGAN KEBUN (LKK),4,Fact,SSIS,2026-09-02 05:11:22.000,2026-09-02 06:21:44.000,1,Succeeded,1105668,"/ISSERVER ""\""\SSISDB\Project_Fact\DWH_LKK_PROJECT_NEW\FACT_LKK.dtsx\"""" /SERVER ""\"".\"""" /Par ""\""$ServerOption::LOGGING_LEVEL(Int16)\"""";1 /Par ""\""$ServerOption::SYNCHRONIZED(Boolean)\"""";True /CALLERINFO SQLAGENT /REPORTING E",TIME_OVERLAP_ONLY
1240765,Project_Fact,DAILY_DASHBOARD_PROJECT,FACT_DD_SUMMARY.dtsx,2026-09-02 12:40:15.3222637 +07:00,2026-09-02 12:42:03.9944798 +07:00,7,B1D01AEE-D0E7-4950-BF67-A01B4A28A742,RELOKASI BUDGET OPEX,2,Seq Fact,SSIS,2026-09-02 05:40:06.000,2026-09-02 05:44:14.000,1,Succeeded,1105620,"/ISSERVER ""\""\SSISDB\Project_Fact\RELOKASI_BUDGET_PROJECT\FACT_RELOCATION_BUDGET.dtsx\"""" /SERVER ""\"".\"""" /Par ""\""$ServerOption::LOGGING_LEVEL(Int16)\"""";1 /Par ""\""$ServerOption::SYNCHRONIZED(Boolean)\"""";True /CALLERINFO SQLAGENT /REPORTING E",TIME_OVERLAP_ONLY
1240766,Project_Fact,DASHBOARD_STOCK,FACT_STOCK_MANAGEMENT.dtsx,2026-09-02 12:43:43.3011660 +07:00,2026-09-02 12:49:03.6835158 +07:00,7,6D7C9921-843B-4919-B8A6-D42A047543FA,LAPORAN KEUANGAN KEBUN (LKK),4,Fact,SSIS,2026-09-02 05:11:22.000,2026-09-02 06:21:44.000,1,Succeeded,1105668,"/ISSERVER ""\""\SSISDB\Project_Fact\DWH_LKK_PROJECT_NEW\FACT_LKK.dtsx\"""" /SERVER ""\"".\"""" /Par ""\""$ServerOption::LOGGING_LEVEL(Int16)\"""";1 /Par ""\""$ServerOption::SYNCHRONIZED(Boolean)\"""";True /CALLERINFO SQLAGENT /REPORTING E",TIME_OVERLAP_ONLY
1240767,Project_Fact,SPARTA_PROJECT,FACT_SPARTA_FISIK_PREMI.dtsx,2026-09-02 12:56:16.3122908 +07:00,2026-09-02 13:08:39.6608646 +07:00,7,6D7C9921-843B-4919-B8A6-D42A047543FA,LAPORAN KEUANGAN KEBUN (LKK),4,Fact,SSIS,2026-09-02 05:11:22.000,2026-09-02 06:21:44.000,1,Succeeded,1105668,"/ISSERVER ""\""\SSISDB\Project_Fact\DWH_LKK_PROJECT_NEW\FACT_LKK.dtsx\"""" /SERVER ""\"".\"""" /Par ""\""$ServerOption::LOGGING_LEVEL(Int16)\"""";1 /Par ""\""$ServerOption::SYNCHRONIZED(Boolean)\"""";True /CALLERINFO SQLAGENT /REPORTING E",TIME_OVERLAP_ONLY
1240768,Project_Fact,DWH_SMALLER_FACT,CHECK_QUERY_DATA.dtsx,2026-09-02 13:00:01.7211977 +07:00,2026-09-02 13:00:08.3035795 +07:00,7,3126CD92-2F7B-4CED-90CA-A14AF64BD97A,AWS,1,Fact AWS,SSIS,2026-09-02 06:00:00.000,2026-09-02 06:02:31.000,1,Succeeded,1105631,"/ISSERVER ""\""\SSISDB\Project_Fact\AWS\FACT_AWS.dtsx\"""" /SERVER ""\"".\"""" /X86 /Par ""\""$ServerOption::LOGGING_LEVEL(Int16)\"""";1 /Par ""\""$ServerOption::SYNCHRONIZED(Boolean)\"""";True /CALLERINFO SQLAGENT /REPORTING E",TIME_OVERLAP_ONLY
1240768,Project_Fact,DWH_SMALLER_FACT,CHECK_QUERY_DATA.dtsx,2026-09-02 13:00:01.7211977 +07:00,2026-09-02 13:00:08.3035795 +07:00,7,6D7C9921-843B-4919-B8A6-D42A047543FA,LAPORAN KEUANGAN KEBUN (LKK),4,Fact,SSIS,2026-09-02 05:11:22.000,2026-09-02 06:21:44.000,1,Succeeded,1105668,"/ISSERVER ""\""\SSISDB\Project_Fact\DWH_LKK_PROJECT_NEW\FACT_LKK.dtsx\"""" /SERVER ""\"".\"""" /Par ""\""$ServerOption::LOGGING_LEVEL(Int16)\"""";1 /Par ""\""$ServerOption::SYNCHRONIZED(Boolean)\"""";True /CALLERINFO SQLAGENT /REPORTING E",TIME_OVERLAP_ONLY
1240768,Project_Fact,DWH_SMALLER_FACT,CHECK_QUERY_DATA.dtsx,2026-09-02 13:00:01.7211977 +07:00,2026-09-02 13:00:08.3035795 +07:00,7,4405D861-AE6C-4CD7-8E9B-33591EE6C9F8,SEQUENCE_TABLE_SPARTA_4T,1,SEQ_STAGING_SPARTA_4T,SSIS,2026-09-02 06:00:00.000,2026-09-02 06:13:55.000,1,Succeeded,1105655,"/ISSERVER ""\""\SSISDB\Sequence_Table\Sequence_Table\Seq_Staging_SPARTA_4T.dtsx\"""" /SERVER ""\"".\"""" /Par ""\""$ServerOption::LOGGING_LEVEL(Int16)\"""";1 /Par ""\""$ServerOption::SYNCHRONIZED(Boolean)\"""";True /CALLERINFO SQLAGENT /REPORTING E",TIME_OVERLAP_ONLY
1240769,Controllable Profit,ControllableProfit,Excel to STG.dtsx,2026-09-02 13:00:10.9097231 +07:00,2026-09-02 13:00:16.5300522 +07:00,7,3126CD92-2F7B-4CED-90CA-A14AF64BD97A,AWS,1,Fact AWS,SSIS,2026-09-02 06:00:00.000,2026-09-02 06:02:31.000,1,Succeeded,1105631,"/ISSERVER ""\""\SSISDB\Project_Fact\AWS\FACT_AWS.dtsx\"""" /SERVER ""\"".\"""" /X86 /Par ""\""$ServerOption::LOGGING_LEVEL(Int16)\"""";1 /Par ""\""$ServerOption::SYNCHRONIZED(Boolean)\"""";True /CALLERINFO SQLAGENT /REPORTING E",TIME_OVERLAP_ONLY
1240769,Controllable Profit,ControllableProfit,Excel to STG.dtsx,2026-09-02 13:00:10.9097231 +07:00,2026-09-02 13:00:16.5300522 +07:00,7,C6A9E91D-9B24-4AD8-B2C3-7126C3C75F9B,DWH_Bearer_Plant,2,DWH_FACT_BP_COEP,SSIS,2026-09-02 06:00:07.000,2026-09-02 06:03:27.000,1,Succeeded,1105633,"/ISSERVER ""\""\SSISDB\Project_Fact\Bearer_Plant\DWH_FACT_BP_COEP.dtsx\"""" /SERVER ""\"".\"""" /Par ""\""$ServerOption::LOGGING_LEVEL(Int16)\"""";1 /Par ""\""$ServerOption::SYNCHRONIZED(Boolean)\"""";True /CALLERINFO SQLAGENT /REPORTING E",TIME_OVERLAP_ONLY
1240769,Controllable Profit,ControllableProfit,Excel to STG.dtsx,2026-09-02 13:00:10.9097231 +07:00,2026-09-02 13:00:16.5300522 +07:00,7,6D7C9921-843B-4919-B8A6-D42A047543FA,LAPORAN KEUANGAN KEBUN (LKK),4,Fact,SSIS,2026-09-02 05:11:22.000,2026-09-02 06:21:44.000,1,Succeeded,1105668,"/ISSERVER ""\""\SSISDB\Project_Fact\DWH_LKK_PROJECT_NEW\FACT_LKK.dtsx\"""" /SERVER ""\"".\"""" /Par ""\""$ServerOption::LOGGING_LEVEL(Int16)\"""";1 /Par ""\""$ServerOption::SYNCHRONIZED(Boolean)\"""";True /CALLERINFO SQLAGENT /REPORTING E",TIME_OVERLAP_ONLY
1240769,Controllable Profit,ControllableProfit,Excel to STG.dtsx,2026-09-02 13:00:10.9097231 +07:00,2026-09-02 13:00:16.5300522 +07:00,7,2B774A9F-6DDA-413A-B1EC-74DD480BFA04,REALISASI BUDGET HO,2,Manual Upload,SSIS,2026-09-02 06:00:08.000,2026-09-02 06:00:19.000,1,Succeeded,1105629,"/ISSERVER ""\""\SSISDB\Project_Fact\REALISASI VS ANGGARAN HO PROJECT\UPLOAD_PTAB_RELOKASI_COP.dtsx\"""" /SERVER ""\"".\"""" /X86 /Par ""\""$ServerOption::LOGGING_LEVEL(Int16)\"""";1 /Par ""\""$ServerOption::SYNCHRONIZED(Boolean)\"""";True /CALLERINFO SQLAGENT /REPORTING E",TIME_OVERLAP_ONLY
1240769,Controllable Profit,ControllableProfit,Excel to STG.dtsx,2026-09-02 13:00:10.9097231 +07:00,2026-09-02 13:00:16.5300522 +07:00,7,4405D861-AE6C-4CD7-8E9B-33591EE6C9F8,SEQUENCE_TABLE_SPARTA_4T,1,SEQ_STAGING_SPARTA_4T,SSIS,2026-09-02 06:00:00.000,2026-09-02 06:13:55.000,1,Succeeded,1105655,"/ISSERVER ""\""\SSISDB\Sequence_Table\Sequence_Table\Seq_Staging_SPARTA_4T.dtsx\"""" /SERVER ""\"".\"""" /Par ""\""$ServerOption::LOGGING_LEVEL(Int16)\"""";1 /Par ""\""$ServerOption::SYNCHRONIZED(Boolean)\"""";True /CALLERINFO SQLAGENT /REPORTING E",TIME_OVERLAP_ONLY
1240771,Project_Fact,AWL,Staging.dtsx,2026-09-02 13:05:01.3693614 +07:00,2026-09-02 13:08:10.1531696 +07:00,7,6D7C9921-843B-4919-B8A6-D42A047543FA,LAPORAN KEUANGAN KEBUN (LKK),4,Fact,SSIS,2026-09-02 05:11:22.000,2026-09-02 06:21:44.000,1,Succeeded,1105668,"/ISSERVER ""\""\SSISDB\Project_Fact\DWH_LKK_PROJECT_NEW\FACT_LKK.dtsx\"""" /SERVER ""\"".\"""" /Par ""\""$ServerOption::LOGGING_LEVEL(Int16)\"""";1 /Par ""\""$ServerOption::SYNCHRONIZED(Boolean)\"""";True /CALLERINFO SQLAGENT /REPORTING E",TIME_OVERLAP_ONLY
1240771,Project_Fact,AWL,Staging.dtsx,2026-09-02 13:05:01.3693614 +07:00,2026-09-02 13:08:10.1531696 +07:00,7,2B774A9F-6DDA-413A-B1EC-74DD480BFA04,REALISASI BUDGET HO,4,Fact,SSIS,2026-09-02 06:00:50.000,2026-09-02 06:17:30.000,1,Succeeded,1105662,"/ISSERVER ""\""\SSISDB\Project_Fact\REALISASI VS ANGGARAN HO PROJECT\FACT_REALISASI_VS_ANGGARAN_HO.dtsx\"""" /SERVER ""\"".\"""" /Par ""\""$ServerOption::LOGGING_LEVEL(Int16)\"""";1 /Par ""\""$ServerOption::SYNCHRONIZED(Boolean)\"""";True /CALLERINFO SQLAGENT /REPORTING E",TIME_OVERLAP_ONLY
1240771,Project_Fact,AWL,Staging.dtsx,2026-09-02 13:05:01.3693614 +07:00,2026-09-02 13:08:10.1531696 +07:00,7,4405D861-AE6C-4CD7-8E9B-33591EE6C9F8,SEQUENCE_TABLE_SPARTA_4T,1,SEQ_STAGING_SPARTA_4T,SSIS,2026-09-02 06:00:00.000,2026-09-02 06:13:55.000,1,Succeeded,1105655,"/ISSERVER ""\""\SSISDB\Sequence_Table\Sequence_Table\Seq_Staging_SPARTA_4T.dtsx\"""" /SERVER ""\"".\"""" /Par ""\""$ServerOption::LOGGING_LEVEL(Int16)\"""";1 /Par ""\""$ServerOption::SYNCHRONIZED(Boolean)\"""";True /CALLERINFO SQLAGENT /REPORTING E",TIME_OVERLAP_ONLY
1240772,Project_Fact,SPARTA_PROJECT,FACT_SPARTA_MONITORING_INPUT.dtsx,2026-09-02 13:06:17.1426953 +07:00,2026-09-02 13:07:02.1272761 +07:00,7,1225ADC7-FF0D-402D-BAEA-A97F7FC50CB1,AWL,1,Staging,SSIS,2026-09-02 06:05:02.000,2026-09-02 06:09:54.000,1,Succeeded,1105647,"/ISSERVER ""\""\SSISDB\Project_Fact\AWL\Staging.dtsx\"""" /SERVER ""\"".\"""" /X86 /Par ""\""$ServerOption::LOGGING_LEVEL(Int16)\"""";1 /Par ""\""$ServerOption::SYNCHRONIZED(Boolean)\"""";True /CALLERINFO SQLAGENT /REPORTING E",TIME_OVERLAP_ONLY
1240772,Project_Fact,SPARTA_PROJECT,FACT_SPARTA_MONITORING_INPUT.dtsx,2026-09-02 13:06:17.1426953 +07:00,2026-09-02 13:07:02.1272761 +07:00,7,6D7C9921-843B-4919-B8A6-D42A047543FA,LAPORAN KEUANGAN KEBUN (LKK),4,Fact,SSIS,2026-09-02 05:11:22.000,2026-09-02 06:21:44.000,1,Succeeded,1105668,"/ISSERVER ""\""\SSISDB\Project_Fact\DWH_LKK_PROJECT_NEW\FACT_LKK.dtsx\"""" /SERVER ""\"".\"""" /Par ""\""$ServerOption::LOGGING_LEVEL(Int16)\"""";1 /Par ""\""$ServerOption::SYNCHRONIZED(Boolean)\"""";True /CALLERINFO SQLAGENT /REPORTING E",TIME_OVERLAP_ONLY
1240772,Project_Fact,SPARTA_PROJECT,FACT_SPARTA_MONITORING_INPUT.dtsx,2026-09-02 13:06:17.1426953 +07:00,2026-09-02 13:07:02.1272761 +07:00,7,2B774A9F-6DDA-413A-B1EC-74DD480BFA04,REALISASI BUDGET HO,4,Fact,SSIS,2026-09-02 06:00:50.000,2026-09-02 06:17:30.000,1,Succeeded,1105662,"/ISSERVER ""\""\SSISDB\Project_Fact\REALISASI VS ANGGARAN HO PROJECT\FACT_REALISASI_VS_ANGGARAN_HO.dtsx\"""" /SERVER ""\"".\"""" /Par ""\""$ServerOption::LOGGING_LEVEL(Int16)\"""";1 /Par ""\""$ServerOption::SYNCHRONIZED(Boolean)\"""";True /CALLERINFO SQLAGENT /REPORTING E",TIME_OVERLAP_ONLY
1240772,Project_Fact,SPARTA_PROJECT,FACT_SPARTA_MONITORING_INPUT.dtsx,2026-09-02 13:06:17.1426953 +07:00,2026-09-02 13:07:02.1272761 +07:00,7,4405D861-AE6C-4CD7-8E9B-33591EE6C9F8,SEQUENCE_TABLE_SPARTA_4T,1,SEQ_STAGING_SPARTA_4T,SSIS,2026-09-02 06:00:00.000,2026-09-02 06:13:55.000,1,Succeeded,1105655,"/ISSERVER ""\""\SSISDB\Sequence_Table\Sequence_Table\Seq_Staging_SPARTA_4T.dtsx\"""" /SERVER ""\"".\"""" /Par ""\""$ServerOption::LOGGING_LEVEL(Int16)\"""";1 /Par ""\""$ServerOption::SYNCHRONIZED(Boolean)\"""";True /CALLERINFO SQLAGENT /REPORTING E",TIME_OVERLAP_ONLY
1240773,Project_Fact,Risk Mitigasi Payroll,STG to DWH.dtsx,2026-09-02 13:07:04.8244269 +07:00,2026-09-02 13:09:52.3860217 +07:00,7,1225ADC7-FF0D-402D-BAEA-A97F7FC50CB1,AWL,1,Staging,SSIS,2026-09-02 06:05:02.000,2026-09-02 06:09:54.000,1,Succeeded,1105647,"/ISSERVER ""\""\SSISDB\Project_Fact\AWL\Staging.dtsx\"""" /SERVER ""\"".\"""" /X86 /Par ""\""$ServerOption::LOGGING_LEVEL(Int16)\"""";1 /Par ""\""$ServerOption::SYNCHRONIZED(Boolean)\"""";True /CALLERINFO SQLAGENT /REPORTING E",TIME_OVERLAP_ONLY
1240773,Project_Fact,Risk Mitigasi Payroll,STG to DWH.dtsx,2026-09-02 13:07:04.8244269 +07:00,2026-09-02 13:09:52.3860217 +07:00,7,C6A9E91D-9B24-4AD8-B2C3-7126C3C75F9B,DWH_Bearer_Plant,11,DWH_FACT_BEARER_PLANT_CONSOL,SSIS,2026-09-02 06:06:20.000,2026-09-02 06:15:23.000,1,Succeeded,1105656,"/ISSERVER ""\""\SSISDB\Project_Fact\Bearer_Plant_Consol\DWH_FACT_BEARER_PLANT_CONSOL.dtsx\"""" /SERVER ""\"".\"""" /Par ""\""$ServerOption::LOGGING_LEVEL(Int16)\"""";1 /Par ""\""$ServerOption::SYNCHRONIZED(Boolean)\"""";True /CALLERINFO SQLAGENT /REPORTING E",TIME_OVERLAP_ONLY
1240773,Project_Fact,Risk Mitigasi Payroll,STG to DWH.dtsx,2026-09-02 13:07:04.8244269 +07:00,2026-09-02 13:09:52.3860217 +07:00,7,6D7C9921-843B-4919-B8A6-D42A047543FA,LAPORAN KEUANGAN KEBUN (LKK),4,Fact,SSIS,2026-09-02 05:11:22.000,2026-09-02 06:21:44.000,1,Succeeded,1105668,"/ISSERVER ""\""\SSISDB\Project_Fact\DWH_LKK_PROJECT_NEW\FACT_LKK.dtsx\"""" /SERVER ""\"".\"""" /Par ""\""$ServerOption::LOGGING_LEVEL(Int16)\"""";1 /Par ""\""$ServerOption::SYNCHRONIZED(Boolean)\"""";True /CALLERINFO SQLAGENT /REPORTING E",TIME_OVERLAP_ONLY
1240773,Project_Fact,Risk Mitigasi Payroll,STG to DWH.dtsx,2026-09-02 13:07:04.8244269 +07:00,2026-09-02 13:09:52.3860217 +07:00,7,2B774A9F-6DDA-413A-B1EC-74DD480BFA04,REALISASI BUDGET HO,4,Fact,SSIS,2026-09-02 06:00:50.000,2026-09-02 06:17:30.000,1,Succeeded,1105662,"/ISSERVER ""\""\SSISDB\Project_Fact\REALISASI VS ANGGARAN HO PROJECT\FACT_REALISASI_VS_ANGGARAN_HO.dtsx\"""" /SERVER ""\"".\"""" /Par ""\""$ServerOption::LOGGING_LEVEL(Int16)\"""";1 /Par ""\""$ServerOption::SYNCHRONIZED(Boolean)\"""";True /CALLERINFO SQLAGENT /REPORTING E",TIME_OVERLAP_ONLY
1240773,Project_Fact,Risk Mitigasi Payroll,STG to DWH.dtsx,2026-09-02 13:07:04.8244269 +07:00,2026-09-02 13:09:52.3860217 +07:00,7,4405D861-AE6C-4CD7-8E9B-33591EE6C9F8,SEQUENCE_TABLE_SPARTA_4T,1,SEQ_STAGING_SPARTA_4T,SSIS,2026-09-02 06:00:00.000,2026-09-02 06:13:55.000,1,Succeeded,1105655,"/ISSERVER ""\""\SSISDB\Sequence_Table\Sequence_Table\Seq_Staging_SPARTA_4T.dtsx\"""" /SERVER ""\"".\"""" /Par ""\""$ServerOption::LOGGING_LEVEL(Int16)\"""";1 /Par ""\""$ServerOption::SYNCHRONIZED(Boolean)\"""";True /CALLERINFO SQLAGENT /REPORTING E",TIME_OVERLAP_ONLY
1240773,Project_Fact,Risk Mitigasi Payroll,STG to DWH.dtsx,2026-09-02 13:07:04.8244269 +07:00,2026-09-02 13:09:52.3860217 +07:00,7,4069B0BD-67C1-418A-8247-0DF7C76090D6,Tax - Monthly,2,SP Sparta,TSQL,2026-09-02 06:06:43.000,2026-09-02 06:13:45.000,1,Succeeded,1105653,"EXEC DWH_DM.dbo.SP_Tax_Sparta ",TIME_OVERLAP_ONLY
1240774,Project_Fact,AWL,Fact.dtsx,2026-09-02 13:08:12.5653085 +07:00,2026-09-02 13:08:26.4290996 +07:00,7,1225ADC7-FF0D-402D-BAEA-A97F7FC50CB1,AWL,1,Staging,SSIS,2026-09-02 06:05:02.000,2026-09-02 06:09:54.000,1,Succeeded,1105647,"/ISSERVER ""\""\SSISDB\Project_Fact\AWL\Staging.dtsx\"""" /SERVER ""\"".\"""" /X86 /Par ""\""$ServerOption::LOGGING_LEVEL(Int16)\"""";1 /Par ""\""$ServerOption::SYNCHRONIZED(Boolean)\"""";True /CALLERINFO SQLAGENT /REPORTING E",TIME_OVERLAP_ONLY
1240774,Project_Fact,AWL,Fact.dtsx,2026-09-02 13:08:12.5653085 +07:00,2026-09-02 13:08:26.4290996 +07:00,7,C6A9E91D-9B24-4AD8-B2C3-7126C3C75F9B,DWH_Bearer_Plant,11,DWH_FACT_BEARER_PLANT_CONSOL,SSIS,2026-09-02 06:06:20.000,2026-09-02 06:15:23.000,1,Succeeded,1105656,"/ISSERVER ""\""\SSISDB\Project_Fact\Bearer_Plant_Consol\DWH_FACT_BEARER_PLANT_CONSOL.dtsx\"""" /SERVER ""\"".\"""" /Par ""\""$ServerOption::LOGGING_LEVEL(Int16)\"""";1 /Par ""\""$ServerOption::SYNCHRONIZED(Boolean)\"""";True /CALLERINFO SQLAGENT /REPORTING E",TIME_OVERLAP_ONLY
1240774,Project_Fact,AWL,Fact.dtsx,2026-09-02 13:08:12.5653085 +07:00,2026-09-02 13:08:26.4290996 +07:00,7,4405D861-AE6C-4CD7-8E9B-33591EE6C9F8,SEQUENCE_TABLE_SPARTA_4T,1,SEQ_STAGING_SPARTA_4T,SSIS,2026-09-02 06:00:00.000,2026-09-02 06:13:55.000,1,Succeeded,1105655,"/ISSERVER ""\""\SSISDB\Sequence_Table\Sequence_Table\Seq_Staging_SPARTA_4T.dtsx\"""" /SERVER ""\"".\"""" /Par ""\""$ServerOption::LOGGING_LEVEL(Int16)\"""";1 /Par ""\""$ServerOption::SYNCHRONIZED(Boolean)\"""";True /CALLERINFO SQLAGENT /REPORTING E",TIME_OVERLAP_ONLY
1240774,Project_Fact,AWL,Fact.dtsx,2026-09-02 13:08:12.5653085 +07:00,2026-09-02 13:08:26.4290996 +07:00,7,4069B0BD-67C1-418A-8247-0DF7C76090D6,Tax - Monthly,2,SP Sparta,TSQL,2026-09-02 06:06:43.000,2026-09-02 06:13:45.000,1,Succeeded,1105653,"EXEC DWH_DM.dbo.SP_Tax_Sparta ",TIME_OVERLAP_ONLY
1240774,Project_Fact,AWL,Fact.dtsx,2026-09-02 13:08:12.5653085 +07:00,2026-09-02 13:08:26.4290996 +07:00,7,6D7C9921-843B-4919-B8A6-D42A047543FA,LAPORAN KEUANGAN KEBUN (LKK),4,Fact,SSIS,2026-09-02 05:11:22.000,2026-09-02 06:21:44.000,1,Succeeded,1105668,"/ISSERVER ""\""\SSISDB\Project_Fact\DWH_LKK_PROJECT_NEW\FACT_LKK.dtsx\"""" /SERVER ""\"".\"""" /Par ""\""$ServerOption::LOGGING_LEVEL(Int16)\"""";1 /Par ""\""$ServerOption::SYNCHRONIZED(Boolean)\"""";True /CALLERINFO SQLAGENT /REPORTING E",STRONG_NAME_OR_COMMAND_MATCH
1240774,Project_Fact,AWL,Fact.dtsx,2026-09-02 13:08:12.5653085 +07:00,2026-09-02 13:08:26.4290996 +07:00,7,2B774A9F-6DDA-413A-B1EC-74DD480BFA04,REALISASI BUDGET HO,4,Fact,SSIS,2026-09-02 06:00:50.000,2026-09-02 06:17:30.000,1,Succeeded,1105662,"/ISSERVER ""\""\SSISDB\Project_Fact\REALISASI VS ANGGARAN HO PROJECT\FACT_REALISASI_VS_ANGGARAN_HO.dtsx\"""" /SERVER ""\"".\"""" /Par ""\""$ServerOption::LOGGING_LEVEL(Int16)\"""";1 /Par ""\""$ServerOption::SYNCHRONIZED(Boolean)\"""";True /CALLERINFO SQLAGENT /REPORTING E",STRONG_NAME_OR_COMMAND_MATCH
1240775,Project_Fact,AWL,AWL_Warning.dtsx,2026-09-02 13:08:30.5933416 +07:00,2026-09-02 13:08:32.4864498 +07:00,7,1225ADC7-FF0D-402D-BAEA-A97F7FC50CB1,AWL,1,Staging,SSIS,2026-09-02 06:05:02.000,2026-09-02 06:09:54.000,1,Succeeded,1105647,"/ISSERVER ""\""\SSISDB\Project_Fact\AWL\Staging.dtsx\"""" /SERVER ""\"".\"""" /X86 /Par ""\""$ServerOption::LOGGING_LEVEL(Int16)\"""";1 /Par ""\""$ServerOption::SYNCHRONIZED(Boolean)\"""";True /CALLERINFO SQLAGENT /REPORTING E",TIME_OVERLAP_ONLY
1240775,Project_Fact,AWL,AWL_Warning.dtsx,2026-09-02 13:08:30.5933416 +07:00,2026-09-02 13:08:32.4864498 +07:00,7,C6A9E91D-9B24-4AD8-B2C3-7126C3C75F9B,DWH_Bearer_Plant,11,DWH_FACT_BEARER_PLANT_CONSOL,SSIS,2026-09-02 06:06:20.000,2026-09-02 06:15:23.000,1,Succeeded,1105656,"/ISSERVER ""\""\SSISDB\Project_Fact\Bearer_Plant_Consol\DWH_FACT_BEARER_PLANT_CONSOL.dtsx\"""" /SERVER ""\"".\"""" /Par ""\""$ServerOption::LOGGING_LEVEL(Int16)\"""";1 /Par ""\""$ServerOption::SYNCHRONIZED(Boolean)\"""";True /CALLERINFO SQLAGENT /REPORTING E",TIME_OVERLAP_ONLY
1240775,Project_Fact,AWL,AWL_Warning.dtsx,2026-09-02 13:08:30.5933416 +07:00,2026-09-02 13:08:32.4864498 +07:00,7,6D7C9921-843B-4919-B8A6-D42A047543FA,LAPORAN KEUANGAN KEBUN (LKK),4,Fact,SSIS,2026-09-02 05:11:22.000,2026-09-02 06:21:44.000,1,Succeeded,1105668,"/ISSERVER ""\""\SSISDB\Project_Fact\DWH_LKK_PROJECT_NEW\FACT_LKK.dtsx\"""" /SERVER ""\"".\"""" /Par ""\""$ServerOption::LOGGING_LEVEL(Int16)\"""";1 /Par ""\""$ServerOption::SYNCHRONIZED(Boolean)\"""";True /CALLERINFO SQLAGENT /REPORTING E",TIME_OVERLAP_ONLY
1240775,Project_Fact,AWL,AWL_Warning.dtsx,2026-09-02 13:08:30.5933416 +07:00,2026-09-02 13:08:32.4864498 +07:00,7,2B774A9F-6DDA-413A-B1EC-74DD480BFA04,REALISASI BUDGET HO,4,Fact,SSIS,2026-09-02 06:00:50.000,2026-09-02 06:17:30.000,1,Succeeded,1105662,"/ISSERVER ""\""\SSISDB\Project_Fact\REALISASI VS ANGGARAN HO PROJECT\FACT_REALISASI_VS_ANGGARAN_HO.dtsx\"""" /SERVER ""\"".\"""" /Par ""\""$ServerOption::LOGGING_LEVEL(Int16)\"""";1 /Par ""\""$ServerOption::SYNCHRONIZED(Boolean)\"""";True /CALLERINFO SQLAGENT /REPORTING E",TIME_OVERLAP_ONLY
1240775,Project_Fact,AWL,AWL_Warning.dtsx,2026-09-02 13:08:30.5933416 +07:00,2026-09-02 13:08:32.4864498 +07:00,7,4405D861-AE6C-4CD7-8E9B-33591EE6C9F8,SEQUENCE_TABLE_SPARTA_4T,1,SEQ_STAGING_SPARTA_4T,SSIS,2026-09-02 06:00:00.000,2026-09-02 06:13:55.000,1,Succeeded,1105655,"/ISSERVER ""\""\SSISDB\Sequence_Table\Sequence_Table\Seq_Staging_SPARTA_4T.dtsx\"""" /SERVER ""\"".\"""" /Par ""\""$ServerOption::LOGGING_LEVEL(Int16)\"""";1 /Par ""\""$ServerOption::SYNCHRONIZED(Boolean)\"""";True /CALLERINFO SQLAGENT /REPORTING E",TIME_OVERLAP_ONLY
1240775,Project_Fact,AWL,AWL_Warning.dtsx,2026-09-02 13:08:30.5933416 +07:00,2026-09-02 13:08:32.4864498 +07:00,7,4069B0BD-67C1-418A-8247-0DF7C76090D6,Tax - Monthly,2,SP Sparta,TSQL,2026-09-02 06:06:43.000,2026-09-02 06:13:45.000,1,Succeeded,1105653,"EXEC DWH_DM.dbo.SP_Tax_Sparta ",TIME_OVERLAP_ONLY
1240777,Project_Fact,AWL,Staging.dtsx,2026-09-02 14:05:01.0815060 +07:00,2026-09-02 14:13:47.8366708 +07:00,7,4E5F148B-7B82-46C4-AE3A-1EB4CE8F408E,Internal Audit,1,Internal Audit,SSIS,2026-09-02 06:45:01.000,2026-09-02 07:22:11.000,1,Succeeded,1105748,"/ISSERVER ""\""\SSISDB\Project_Fact\INTERNAL_AUDIT\FACT_INTERNAL_AUDIT.dtsx\"""" /SERVER ""\"".\"""" /Par ""\""$ServerOption::LOGGING_LEVEL(Int16)\"""";1 /Par ""\""$ServerOption::SYNCHRONIZED(Boolean)\"""";True /CALLERINFO SQLAGENT /REPORTING E",TIME_OVERLAP_ONLY
1240777,Project_Fact,AWL,Staging.dtsx,2026-09-02 14:05:01.0815060 +07:00,2026-09-02 14:13:47.8366708 +07:00,7,6D7C9921-843B-4919-B8A6-D42A047543FA,LAPORAN KEUANGAN KEBUN (LKK),8,Fact LKK Phase 2,SSIS,2026-09-02 06:39:59.000,2026-09-02 07:29:50.000,1,Succeeded,1105757,"/ISSERVER ""\""\SSISDB\LKK Phase 2\LKK Phase 2\STG to DWH.dtsx\"""" /SERVER ""\"".\"""" /Par ""\""$ServerOption::LOGGING_LEVEL(Int16)\"""";1 /Par ""\""$ServerOption::SYNCHRONIZED(Boolean)\"""";True /CALLERINFO SQLAGENT /REPORTING E",TIME_OVERLAP_ONLY
1240777,Project_Fact,AWL,Staging.dtsx,2026-09-02 14:05:01.0815060 +07:00,2026-09-02 14:13:47.8366708 +07:00,7,3E69F060-FAEE-453B-AA27-1C4CBC5DE307,MONITORING_CAPEX,3,Monitoring Capex,SSIS,2026-09-02 07:00:38.000,2026-09-02 07:18:50.000,1,Succeeded,1105741,"/ISSERVER ""\""\SSISDB\Project_Fact\DWH_SMALLER_FACT\FACT_MONITORING_CAPEX.dtsx\"""" /SERVER ""\"".\"""" /X86 /Par ""\""$ServerOption::LOGGING_LEVEL(Int16)\"""";1 /Par ""\""$ServerOption::SYNCHRONIZED(Boolean)\"""";True /CALLERINFO SQLAGENT /REPORTING E",TIME_OVERLAP_ONLY
1240777,Project_Fact,AWL,Staging.dtsx,2026-09-02 14:05:01.0815060 +07:00,2026-09-02 14:13:47.8366708 +07:00,7,34DE8AEE-46BD-45E9-B0B2-D068006FBBF5,Premi dan Lembur,2,SSAS Process,ANALYSISQUERY,2026-09-02 07:03:55.000,2026-09-02 07:14:20.000,1,Succeeded,1105736,"{   ""refresh"": {     ""type"": ""full"",     ""objects"": [       {         ""database"": ""premi dan lembur monitoring""       }     ]   } }",TIME_OVERLAP_ONLY
1240777,Project_Fact,AWL,Staging.dtsx,2026-09-02 14:05:01.0815060 +07:00,2026-09-02 14:13:47.8366708 +07:00,7,3B70A71E-2D5D-4F36-8BD6-58659AC0CCC6,Ranking Payroll,3,Ranking Payroll,SSIS,2026-09-02 06:50:14.000,2026-09-02 07:16:49.000,1,Succeeded,1105738,"/ISSERVER ""\""\SSISDB\Project_Fact\RANKING_PAYROLL\FACT_RANKING_PAYROLL.dtsx\"""" /SERVER ""\""BGASVR-DWH-DEV\"""" /Par ""\""$ServerOption::LOGGING_LEVEL(Int16)\"""";1 /Par ""\""$ServerOption::SYNCHRONIZED(Boolean)\"""";True /CALLERINFO SQLAGENT /REPORTING E",TIME_OVERLAP_ONLY
1240777,Project_Fact,AWL,Staging.dtsx,2026-09-02 14:05:01.0815060 +07:00,2026-09-02 14:13:47.8366708 +07:00,7,5ECE39E8-D47A-4559-A8E7-5766D4B949E0,SPARTA FACT 4T,7,Fact Sparta Fisik Premi,SSIS,2026-09-02 06:56:03.000,2026-09-02 07:22:18.000,1,Succeeded,1105750,"/ISSERVER ""\""\SSISDB\Project_Fact\SPARTA_PROJECT\FACT_SPARTA_FISIK_PREMI.dtsx\"""" /SERVER ""\"".\"""" /Par ""\""$ServerOption::LOGGING_LEVEL(Int16)\"""";1 /Par ""\""$ServerOption::SYNCHRONIZED(Boolean)\"""";True /CALLERINFO SQLAGENT /REPORTING E",TIME_OVERLAP_ONLY
1240777,Project_Fact,AWL,Staging.dtsx,2026-09-02 14:05:01.0815060 +07:00,2026-09-02 14:13:47.8366708 +07:00,7,0874DB0C-DB80-4053-8D10-B4E94CD80860,Tax - Annually,3,Annually Split,SSIS,2026-09-02 06:45:59.000,2026-09-02 07:24:29.000,1,Succeeded,1105752,"/ISSERVER ""\""\SSISDB\Project_Fact\PPH21_DJP\FACT_PPH_ANNUAL_SPLIT.dtsx\"""" /SERVER ""\"".\"""" /Par ""\""$ServerOption::LOGGING_LEVEL(Int16)\"""";1 /Par ""\""$ServerOption::SYNCHRONIZED(Boolean)\"""";True /CALLERINFO SQLAGENT /REPORTING E",TIME_OVERLAP_ONLY
1240778,Project_Fact,AWL,Fact.dtsx,2026-09-02 14:13:48.3647063 +07:00,2026-09-02 14:13:51.5688825 +07:00,7,B86C2C36-C257-4B1E-A542-3F8CFE33E27A,Alokasi Absensi HK,3,Alokasi & Absensi,SSIS,2026-09-02 07:10:08.000,2026-09-02 07:18:44.000,1,Succeeded,1105740,"/ISSERVER ""\""\SSISDB\Project_Fact\ALOKASI_DAN_ABSENSI_HK\FACT_ALOKASI_DAN_ABSENSI_HK.dtsx\"""" /SERVER ""\"".\"""" /Par ""\""$ServerOption::LOGGING_LEVEL(Int16)\"""";1 /Par ""\""$ServerOption::SYNCHRONIZED(Boolean)\"""";True /CALLERINFO SQLAGENT /REPORTING E",TIME_OVERLAP_ONLY
1240778,Project_Fact,AWL,Fact.dtsx,2026-09-02 14:13:48.3647063 +07:00,2026-09-02 14:13:51.5688825 +07:00,7,4E5F148B-7B82-46C4-AE3A-1EB4CE8F408E,Internal Audit,1,Internal Audit,SSIS,2026-09-02 06:45:01.000,2026-09-02 07:22:11.000,1,Succeeded,1105748,"/ISSERVER ""\""\SSISDB\Project_Fact\INTERNAL_AUDIT\FACT_INTERNAL_AUDIT.dtsx\"""" /SERVER ""\"".\"""" /Par ""\""$ServerOption::LOGGING_LEVEL(Int16)\"""";1 /Par ""\""$ServerOption::SYNCHRONIZED(Boolean)\"""";True /CALLERINFO SQLAGENT /REPORTING E",TIME_OVERLAP_ONLY
1240778,Project_Fact,AWL,Fact.dtsx,2026-09-02 14:13:48.3647063 +07:00,2026-09-02 14:13:51.5688825 +07:00,7,6D7C9921-843B-4919-B8A6-D42A047543FA,LAPORAN KEUANGAN KEBUN (LKK),8,Fact LKK Phase 2,SSIS,2026-09-02 06:39:59.000,2026-09-02 07:29:50.000,1,Succeeded,1105757,"/ISSERVER ""\""\SSISDB\LKK Phase 2\LKK Phase 2\STG to DWH.dtsx\"""" /SERVER ""\"".\"""" /Par ""\""$ServerOption::LOGGING_LEVEL(Int16)\"""";1 /Par ""\""$ServerOption::SYNCHRONIZED(Boolean)\"""";True /CALLERINFO SQLAGENT /REPORTING E",TIME_OVERLAP_ONLY
1240778,Project_Fact,AWL,Fact.dtsx,2026-09-02 14:13:48.3647063 +07:00,2026-09-02 14:13:51.5688825 +07:00,7,3E69F060-FAEE-453B-AA27-1C4CBC5DE307,MONITORING_CAPEX,3,Monitoring Capex,SSIS,2026-09-02 07:00:38.000,2026-09-02 07:18:50.000,1,Succeeded,1105741,"/ISSERVER ""\""\SSISDB\Project_Fact\DWH_SMALLER_FACT\FACT_MONITORING_CAPEX.dtsx\"""" /SERVER ""\"".\"""" /X86 /Par ""\""$ServerOption::LOGGING_LEVEL(Int16)\"""";1 /Par ""\""$ServerOption::SYNCHRONIZED(Boolean)\"""";True /CALLERINFO SQLAGENT /REPORTING E",TIME_OVERLAP_ONLY
1240778,Project_Fact,AWL,Fact.dtsx,2026-09-02 14:13:48.3647063 +07:00,2026-09-02 14:13:51.5688825 +07:00,7,34DE8AEE-46BD-45E9-B0B2-D068006FBBF5,Premi dan Lembur,2,SSAS Process,ANALYSISQUERY,2026-09-02 07:03:55.000,2026-09-02 07:14:20.000,1,Succeeded,1105736,"{   ""refresh"": {     ""type"": ""full"",     ""objects"": [       {         ""database"": ""premi dan lembur monitoring""       }     ]   } }",TIME_OVERLAP_ONLY
1240778,Project_Fact,AWL,Fact.dtsx,2026-09-02 14:13:48.3647063 +07:00,2026-09-02 14:13:51.5688825 +07:00,7,3B70A71E-2D5D-4F36-8BD6-58659AC0CCC6,Ranking Payroll,3,Ranking Payroll,SSIS,2026-09-02 06:50:14.000,2026-09-02 07:16:49.000,1,Succeeded,1105738,"/ISSERVER ""\""\SSISDB\Project_Fact\RANKING_PAYROLL\FACT_RANKING_PAYROLL.dtsx\"""" /SERVER ""\""BGASVR-DWH-DEV\"""" /Par ""\""$ServerOption::LOGGING_LEVEL(Int16)\"""";1 /Par ""\""$ServerOption::SYNCHRONIZED(Boolean)\"""";True /CALLERINFO SQLAGENT /REPORTING E",TIME_OVERLAP_ONLY
1240778,Project_Fact,AWL,Fact.dtsx,2026-09-02 14:13:48.3647063 +07:00,2026-09-02 14:13:51.5688825 +07:00,7,5ECE39E8-D47A-4559-A8E7-5766D4B949E0,SPARTA FACT 4T,7,Fact Sparta Fisik Premi,SSIS,2026-09-02 06:56:03.000,2026-09-02 07:22:18.000,1,Succeeded,1105750,"/ISSERVER ""\""\SSISDB\Project_Fact\SPARTA_PROJECT\FACT_SPARTA_FISIK_PREMI.dtsx\"""" /SERVER ""\"".\"""" /Par ""\""$ServerOption::LOGGING_LEVEL(Int16)\"""";1 /Par ""\""$ServerOption::SYNCHRONIZED(Boolean)\"""";True /CALLERINFO SQLAGENT /REPORTING E",TIME_OVERLAP_ONLY
1240778,Project_Fact,AWL,Fact.dtsx,2026-09-02 14:13:48.3647063 +07:00,2026-09-02 14:13:51.5688825 +07:00,7,0874DB0C-DB80-4053-8D10-B4E94CD80860,Tax - Annually,3,Annually Split,SSIS,2026-09-02 06:45:59.000,2026-09-02 07:24:29.000,1,Succeeded,1105752,"/ISSERVER ""\""\SSISDB\Project_Fact\PPH21_DJP\FACT_PPH_ANNUAL_SPLIT.dtsx\"""" /SERVER ""\"".\"""" /Par ""\""$ServerOption::LOGGING_LEVEL(Int16)\"""";1 /Par ""\""$ServerOption::SYNCHRONIZED(Boolean)\"""";True /CALLERINFO SQLAGENT /REPORTING E",TIME_OVERLAP_ONLY
1240779,Project_Fact,AWL,AWL_Warning.dtsx,2026-09-02 14:13:52.9039687 +07:00,2026-09-02 14:13:54.3080406 +07:00,7,B86C2C36-C257-4B1E-A542-3F8CFE33E27A,Alokasi Absensi HK,3,Alokasi & Absensi,SSIS,2026-09-02 07:10:08.000,2026-09-02 07:18:44.000,1,Succeeded,1105740,"/ISSERVER ""\""\SSISDB\Project_Fact\ALOKASI_DAN_ABSENSI_HK\FACT_ALOKASI_DAN_ABSENSI_HK.dtsx\"""" /SERVER ""\"".\"""" /Par ""\""$ServerOption::LOGGING_LEVEL(Int16)\"""";1 /Par ""\""$ServerOption::SYNCHRONIZED(Boolean)\"""";True /CALLERINFO SQLAGENT /REPORTING E",TIME_OVERLAP_ONLY
1240779,Project_Fact,AWL,AWL_Warning.dtsx,2026-09-02 14:13:52.9039687 +07:00,2026-09-02 14:13:54.3080406 +07:00,7,4E5F148B-7B82-46C4-AE3A-1EB4CE8F408E,Internal Audit,1,Internal Audit,SSIS,2026-09-02 06:45:01.000,2026-09-02 07:22:11.000,1,Succeeded,1105748,"/ISSERVER ""\""\SSISDB\Project_Fact\INTERNAL_AUDIT\FACT_INTERNAL_AUDIT.dtsx\"""" /SERVER ""\"".\"""" /Par ""\""$ServerOption::LOGGING_LEVEL(Int16)\"""";1 /Par ""\""$ServerOption::SYNCHRONIZED(Boolean)\"""";True /CALLERINFO SQLAGENT /REPORTING E",TIME_OVERLAP_ONLY
1240779,Project_Fact,AWL,AWL_Warning.dtsx,2026-09-02 14:13:52.9039687 +07:00,2026-09-02 14:13:54.3080406 +07:00,7,6D7C9921-843B-4919-B8A6-D42A047543FA,LAPORAN KEUANGAN KEBUN (LKK),8,Fact LKK Phase 2,SSIS,2026-09-02 06:39:59.000,2026-09-02 07:29:50.000,1,Succeeded,1105757,"/ISSERVER ""\""\SSISDB\LKK Phase 2\LKK Phase 2\STG to DWH.dtsx\"""" /SERVER ""\"".\"""" /Par ""\""$ServerOption::LOGGING_LEVEL(Int16)\"""";1 /Par ""\""$ServerOption::SYNCHRONIZED(Boolean)\"""";True /CALLERINFO SQLAGENT /REPORTING E",TIME_OVERLAP_ONLY
1240779,Project_Fact,AWL,AWL_Warning.dtsx,2026-09-02 14:13:52.9039687 +07:00,2026-09-02 14:13:54.3080406 +07:00,7,3E69F060-FAEE-453B-AA27-1C4CBC5DE307,MONITORING_CAPEX,3,Monitoring Capex,SSIS,2026-09-02 07:00:38.000,2026-09-02 07:18:50.000,1,Succeeded,1105741,"/ISSERVER ""\""\SSISDB\Project_Fact\DWH_SMALLER_FACT\FACT_MONITORING_CAPEX.dtsx\"""" /SERVER ""\"".\"""" /X86 /Par ""\""$ServerOption::LOGGING_LEVEL(Int16)\"""";1 /Par ""\""$ServerOption::SYNCHRONIZED(Boolean)\"""";True /CALLERINFO SQLAGENT /REPORTING E",TIME_OVERLAP_ONLY
1240779,Project_Fact,AWL,AWL_Warning.dtsx,2026-09-02 14:13:52.9039687 +07:00,2026-09-02 14:13:54.3080406 +07:00,7,34DE8AEE-46BD-45E9-B0B2-D068006FBBF5,Premi dan Lembur,2,SSAS Process,ANALYSISQUERY,2026-09-02 07:03:55.000,2026-09-02 07:14:20.000,1,Succeeded,1105736,"{   ""refresh"": {     ""type"": ""full"",     ""objects"": [       {         ""database"": ""premi dan lembur monitoring""       }     ]   } }",TIME_OVERLAP_ONLY
1240779,Project_Fact,AWL,AWL_Warning.dtsx,2026-09-02 14:13:52.9039687 +07:00,2026-09-02 14:13:54.3080406 +07:00,7,3B70A71E-2D5D-4F36-8BD6-58659AC0CCC6,Ranking Payroll,3,Ranking Payroll,SSIS,2026-09-02 06:50:14.000,2026-09-02 07:16:49.000,1,Succeeded,1105738,"/ISSERVER ""\""\SSISDB\Project_Fact\RANKING_PAYROLL\FACT_RANKING_PAYROLL.dtsx\"""" /SERVER ""\""BGASVR-DWH-DEV\"""" /Par ""\""$ServerOption::LOGGING_LEVEL(Int16)\"""";1 /Par ""\""$ServerOption::SYNCHRONIZED(Boolean)\"""";True /CALLERINFO SQLAGENT /REPORTING E",TIME_OVERLAP_ONLY
1240779,Project_Fact,AWL,AWL_Warning.dtsx,2026-09-02 14:13:52.9039687 +07:00,2026-09-02 14:13:54.3080406 +07:00,7,5ECE39E8-D47A-4559-A8E7-5766D4B949E0,SPARTA FACT 4T,7,Fact Sparta Fisik Premi,SSIS,2026-09-02 06:56:03.000,2026-09-02 07:22:18.000,1,Succeeded,1105750,"/ISSERVER ""\""\SSISDB\Project_Fact\SPARTA_PROJECT\FACT_SPARTA_FISIK_PREMI.dtsx\"""" /SERVER ""\"".\"""" /Par ""\""$ServerOption::LOGGING_LEVEL(Int16)\"""";1 /Par ""\""$ServerOption::SYNCHRONIZED(Boolean)\"""";True /CALLERINFO SQLAGENT /REPORTING E",TIME_OVERLAP_ONLY
1240779,Project_Fact,AWL,AWL_Warning.dtsx,2026-09-02 14:13:52.9039687 +07:00,2026-09-02 14:13:54.3080406 +07:00,7,0874DB0C-DB80-4053-8D10-B4E94CD80860,Tax - Annually,3,Annually Split,SSIS,2026-09-02 06:45:59.000,2026-09-02 07:24:29.000,1,Succeeded,1105752,"/ISSERVER ""\""\SSISDB\Project_Fact\PPH21_DJP\FACT_PPH_ANNUAL_SPLIT.dtsx\"""" /SERVER ""\"".\"""" /Par ""\""$ServerOption::LOGGING_LEVEL(Int16)\"""";1 /Par ""\""$ServerOption::SYNCHRONIZED(Boolean)\"""";True /CALLERINFO SQLAGENT /REPORTING E",TIME_OVERLAP_ONLY
1240780,Project_Fact,DAILY_DASHBOARD_PROJECT,STG_TBS_EXTERNAL.dtsx,2026-09-02 15:00:01.0065486 +07:00,2026-09-02 15:00:39.8086992 +07:00,7,6D7C9921-843B-4919-B8A6-D42A047543FA,LAPORAN KEUANGAN KEBUN (LKK),10,Fact Plasma Gapoktan,SSIS,2026-09-02 07:51:28.000,2026-09-02 08:25:10.000,1,Succeeded,1105787,"/ISSERVER ""\""\SSISDB\Project_Fact\DWH_PLASMA_GAPOKTAN\Fact.dtsx\"""" /SERVER ""\"".\"""" /Par ""\""$ServerOption::LOGGING_LEVEL(Int16)\"""";1 /Par ""\""$ServerOption::SYNCHRONIZED(Boolean)\"""";True /CALLERINFO SQLAGENT /REPORTING E",TIME_OVERLAP_ONLY
1240780,Project_Fact,DAILY_DASHBOARD_PROJECT,STG_TBS_EXTERNAL.dtsx,2026-09-02 15:00:01.0065486 +07:00,2026-09-02 15:00:39.8086992 +07:00,7,09FAE57B-5538-41B1-91A9-65019FD26DE1,SEQUENCE_TABLE_SAP,1,SEQ_STAGING,SSIS,2026-09-02 08:00:00.000,2026-09-02 08:13:12.000,1,Succeeded,1105776,"/ISSERVER ""\""\SSISDB\Sequence_Table\Sequence_Table\Seq_Staging_SAP.dtsx\"""" /SERVER ""\"".\"""" /Par ""\""$ServerOption::LOGGING_LEVEL(Int16)\"""";1 /Par ""\""$ServerOption::SYNCHRONIZED(Boolean)\"""";True /CALLERINFO SQLAGENT /REPORTING E",TIME_OVERLAP_ONLY
1240781,Project_Fact,DAILY_DASHBOARD_PROJECT,FACT_DD_TBS.dtsx,2026-09-02 15:00:44.0479483 +07:00,2026-09-02 15:12:41.9510541 +07:00,7,6D7C9921-843B-4919-B8A6-D42A047543FA,LAPORAN KEUANGAN KEBUN (LKK),10,Fact Plasma Gapoktan,SSIS,2026-09-02 07:51:28.000,2026-09-02 08:25:10.000,1,Succeeded,1105787,"/ISSERVER ""\""\SSISDB\Project_Fact\DWH_PLASMA_GAPOKTAN\Fact.dtsx\"""" /SERVER ""\"".\"""" /Par ""\""$ServerOption::LOGGING_LEVEL(Int16)\"""";1 /Par ""\""$ServerOption::SYNCHRONIZED(Boolean)\"""";True /CALLERINFO SQLAGENT /REPORTING E",TIME_OVERLAP_ONLY
1240781,Project_Fact,DAILY_DASHBOARD_PROJECT,FACT_DD_TBS.dtsx,2026-09-02 15:00:44.0479483 +07:00,2026-09-02 15:12:41.9510541 +07:00,7,7E176732-5CEB-4162-AAE4-F5A2966DFCBB,Segregation,2,Segregation,SSIS,2026-09-02 08:00:08.000,2026-09-02 08:25:06.000,1,Succeeded,1105785,"/ISSERVER ""\""\SSISDB\Project_Fact\Segregation\Segregation.dtsx\"""" /SERVER ""\""BGASVR-DWH-DEV\"""" /Par ""\""$ServerOption::LOGGING_LEVEL(Int16)\"""";1 /Par ""\""$ServerOption::SYNCHRONIZED(Boolean)\"""";True /CALLERINFO SQLAGENT /REPORTING E",TIME_OVERLAP_ONLY
1240781,Project_Fact,DAILY_DASHBOARD_PROJECT,FACT_DD_TBS.dtsx,2026-09-02 15:00:44.0479483 +07:00,2026-09-02 15:12:41.9510541 +07:00,7,09FAE57B-5538-41B1-91A9-65019FD26DE1,SEQUENCE_TABLE_SAP,1,SEQ_STAGING,SSIS,2026-09-02 08:00:00.000,2026-09-02 08:13:12.000,1,Succeeded,1105776,"/ISSERVER ""\""\SSISDB\Sequence_Table\Sequence_Table\Seq_Staging_SAP.dtsx\"""" /SERVER ""\"".\"""" /Par ""\""$ServerOption::LOGGING_LEVEL(Int16)\"""";1 /Par ""\""$ServerOption::SYNCHRONIZED(Boolean)\"""";True /CALLERINFO SQLAGENT /REPORTING E",TIME_OVERLAP_ONLY
1240782,Project_Fact,AWL,Staging.dtsx,2026-09-02 15:05:01.0406621 +07:00,2026-09-02 15:07:09.2840034 +07:00,7,6D7C9921-843B-4919-B8A6-D42A047543FA,LAPORAN KEUANGAN KEBUN (LKK),10,Fact Plasma Gapoktan,SSIS,2026-09-02 07:51:28.000,2026-09-02 08:25:10.000,1,Succeeded,1105787,"/ISSERVER ""\""\SSISDB\Project_Fact\DWH_PLASMA_GAPOKTAN\Fact.dtsx\"""" /SERVER ""\"".\"""" /Par ""\""$ServerOption::LOGGING_LEVEL(Int16)\"""";1 /Par ""\""$ServerOption::SYNCHRONIZED(Boolean)\"""";True /CALLERINFO SQLAGENT /REPORTING E",TIME_OVERLAP_ONLY
1240782,Project_Fact,AWL,Staging.dtsx,2026-09-02 15:05:01.0406621 +07:00,2026-09-02 15:07:09.2840034 +07:00,7,7E176732-5CEB-4162-AAE4-F5A2966DFCBB,Segregation,2,Segregation,SSIS,2026-09-02 08:00:08.000,2026-09-02 08:25:06.000,1,Succeeded,1105785,"/ISSERVER ""\""\SSISDB\Project_Fact\Segregation\Segregation.dtsx\"""" /SERVER ""\""BGASVR-DWH-DEV\"""" /Par ""\""$ServerOption::LOGGING_LEVEL(Int16)\"""";1 /Par ""\""$ServerOption::SYNCHRONIZED(Boolean)\"""";True /CALLERINFO SQLAGENT /REPORTING E",TIME_OVERLAP_ONLY
1240782,Project_Fact,AWL,Staging.dtsx,2026-09-02 15:05:01.0406621 +07:00,2026-09-02 15:07:09.2840034 +07:00,7,09FAE57B-5538-41B1-91A9-65019FD26DE1,SEQUENCE_TABLE_SAP,1,SEQ_STAGING,SSIS,2026-09-02 08:00:00.000,2026-09-02 08:13:12.000,1,Succeeded,1105776,"/ISSERVER ""\""\SSISDB\Sequence_Table\Sequence_Table\Seq_Staging_SAP.dtsx\"""" /SERVER ""\"".\"""" /Par ""\""$ServerOption::LOGGING_LEVEL(Int16)\"""";1 /Par ""\""$ServerOption::SYNCHRONIZED(Boolean)\"""";True /CALLERINFO SQLAGENT /REPORTING E",TIME_OVERLAP_ONLY
1240782,Project_Fact,AWL,Staging.dtsx,2026-09-02 15:05:01.0406621 +07:00,2026-09-02 15:07:09.2840034 +07:00,7,1225ADC7-FF0D-402D-BAEA-A97F7FC50CB1,AWL,1,Staging,SSIS,2026-09-02 08:05:00.000,2026-09-02 08:15:54.000,1,Succeeded,1105777,"/ISSERVER ""\""\SSISDB\Project_Fact\AWL\Staging.dtsx\"""" /SERVER ""\"".\"""" /X86 /Par ""\""$ServerOption::LOGGING_LEVEL(Int16)\"""";1 /Par ""\""$ServerOption::SYNCHRONIZED(Boolean)\"""";True /CALLERINFO SQLAGENT /REPORTING E",STRONG_NAME_OR_COMMAND_MATCH
1240783,Project_Fact,AWL,Fact.dtsx,2026-09-02 15:07:10.6280860 +07:00,2026-09-02 15:07:13.4532474 +07:00,7,1225ADC7-FF0D-402D-BAEA-A97F7FC50CB1,AWL,1,Staging,SSIS,2026-09-02 08:05:00.000,2026-09-02 08:15:54.000,1,Succeeded,1105777,"/ISSERVER ""\""\SSISDB\Project_Fact\AWL\Staging.dtsx\"""" /SERVER ""\"".\"""" /X86 /Par ""\""$ServerOption::LOGGING_LEVEL(Int16)\"""";1 /Par ""\""$ServerOption::SYNCHRONIZED(Boolean)\"""";True /CALLERINFO SQLAGENT /REPORTING E",TIME_OVERLAP_ONLY
1240783,Project_Fact,AWL,Fact.dtsx,2026-09-02 15:07:10.6280860 +07:00,2026-09-02 15:07:13.4532474 +07:00,7,7E176732-5CEB-4162-AAE4-F5A2966DFCBB,Segregation,2,Segregation,SSIS,2026-09-02 08:00:08.000,2026-09-02 08:25:06.000,1,Succeeded,1105785,"/ISSERVER ""\""\SSISDB\Project_Fact\Segregation\Segregation.dtsx\"""" /SERVER ""\""BGASVR-DWH-DEV\"""" /Par ""\""$ServerOption::LOGGING_LEVEL(Int16)\"""";1 /Par ""\""$ServerOption::SYNCHRONIZED(Boolean)\"""";True /CALLERINFO SQLAGENT /REPORTING E",TIME_OVERLAP_ONLY
1240783,Project_Fact,AWL,Fact.dtsx,2026-09-02 15:07:10.6280860 +07:00,2026-09-02 15:07:13.4532474 +07:00,7,09FAE57B-5538-41B1-91A9-65019FD26DE1,SEQUENCE_TABLE_SAP,1,SEQ_STAGING,SSIS,2026-09-02 08:00:00.000,2026-09-02 08:13:12.000,1,Succeeded,1105776,"/ISSERVER ""\""\SSISDB\Sequence_Table\Sequence_Table\Seq_Staging_SAP.dtsx\"""" /SERVER ""\"".\"""" /Par ""\""$ServerOption::LOGGING_LEVEL(Int16)\"""";1 /Par ""\""$ServerOption::SYNCHRONIZED(Boolean)\"""";True /CALLERINFO SQLAGENT /REPORTING E",TIME_OVERLAP_ONLY
1240783,Project_Fact,AWL,Fact.dtsx,2026-09-02 15:07:10.6280860 +07:00,2026-09-02 15:07:13.4532474 +07:00,7,6D7C9921-843B-4919-B8A6-D42A047543FA,LAPORAN KEUANGAN KEBUN (LKK),10,Fact Plasma Gapoktan,SSIS,2026-09-02 07:51:28.000,2026-09-02 08:25:10.000,1,Succeeded,1105787,"/ISSERVER ""\""\SSISDB\Project_Fact\DWH_PLASMA_GAPOKTAN\Fact.dtsx\"""" /SERVER ""\"".\"""" /Par ""\""$ServerOption::LOGGING_LEVEL(Int16)\"""";1 /Par ""\""$ServerOption::SYNCHRONIZED(Boolean)\"""";True /CALLERINFO SQLAGENT /REPORTING E",STRONG_NAME_OR_COMMAND_MATCH
1240784,Project_Fact,AWL,AWL_Warning.dtsx,2026-09-02 15:07:15.6113676 +07:00,2026-09-02 15:07:17.4104770 +07:00,7,1225ADC7-FF0D-402D-BAEA-A97F7FC50CB1,AWL,1,Staging,SSIS,2026-09-02 08:05:00.000,2026-09-02 08:15:54.000,1,Succeeded,1105777,"/ISSERVER ""\""\SSISDB\Project_Fact\AWL\Staging.dtsx\"""" /SERVER ""\"".\"""" /X86 /Par ""\""$ServerOption::LOGGING_LEVEL(Int16)\"""";1 /Par ""\""$ServerOption::SYNCHRONIZED(Boolean)\"""";True /CALLERINFO SQLAGENT /REPORTING E",TIME_OVERLAP_ONLY
1240784,Project_Fact,AWL,AWL_Warning.dtsx,2026-09-02 15:07:15.6113676 +07:00,2026-09-02 15:07:17.4104770 +07:00,7,6D7C9921-843B-4919-B8A6-D42A047543FA,LAPORAN KEUANGAN KEBUN (LKK),10,Fact Plasma Gapoktan,SSIS,2026-09-02 07:51:28.000,2026-09-02 08:25:10.000,1,Succeeded,1105787,"/ISSERVER ""\""\SSISDB\Project_Fact\DWH_PLASMA_GAPOKTAN\Fact.dtsx\"""" /SERVER ""\"".\"""" /Par ""\""$ServerOption::LOGGING_LEVEL(Int16)\"""";1 /Par ""\""$ServerOption::SYNCHRONIZED(Boolean)\"""";True /CALLERINFO SQLAGENT /REPORTING E",TIME_OVERLAP_ONLY
1240784,Project_Fact,AWL,AWL_Warning.dtsx,2026-09-02 15:07:15.6113676 +07:00,2026-09-02 15:07:17.4104770 +07:00,7,7E176732-5CEB-4162-AAE4-F5A2966DFCBB,Segregation,2,Segregation,SSIS,2026-09-02 08:00:08.000,2026-09-02 08:25:06.000,1,Succeeded,1105785,"/ISSERVER ""\""\SSISDB\Project_Fact\Segregation\Segregation.dtsx\"""" /SERVER ""\""BGASVR-DWH-DEV\"""" /Par ""\""$ServerOption::LOGGING_LEVEL(Int16)\"""";1 /Par ""\""$ServerOption::SYNCHRONIZED(Boolean)\"""";True /CALLERINFO SQLAGENT /REPORTING E",TIME_OVERLAP_ONLY
1240784,Project_Fact,AWL,AWL_Warning.dtsx,2026-09-02 15:07:15.6113676 +07:00,2026-09-02 15:07:17.4104770 +07:00,7,09FAE57B-5538-41B1-91A9-65019FD26DE1,SEQUENCE_TABLE_SAP,1,SEQ_STAGING,SSIS,2026-09-02 08:00:00.000,2026-09-02 08:13:12.000,1,Succeeded,1105776,"/ISSERVER ""\""\SSISDB\Sequence_Table\Sequence_Table\Seq_Staging_SAP.dtsx\"""" /SERVER ""\"".\"""" /Par ""\""$ServerOption::LOGGING_LEVEL(Int16)\"""";1 /Par ""\""$ServerOption::SYNCHRONIZED(Boolean)\"""";True /CALLERINFO SQLAGENT /REPORTING E",TIME_OVERLAP_ONLY
1240785,Project_Fact,AWL,Staging.dtsx,2026-09-02 16:05:00.3077814 +07:00,2026-09-02 16:08:57.8933933 +07:00,7,1DC093A3-2313-446F-89F5-F2436FD0E813,INVESTOR RELATION,5,Production Summary dan Areal Statement,SSIS,2026-09-02 08:24:14.000,2026-09-02 09:31:41.000,0,Failed,1105838,"/ISSERVER ""\""\SSISDB\Project_Fact\INVESTOR_RELATIONS_PROJECT\PS_AS.dtsx\"""" /SERVER ""\"".\"""" /X86 /Par ""\""$ServerOption::LOGGING_LEVEL(Int16)\"""";1 /Par ""\""$ServerOption::SYNCHRONIZED(Boolean)\"""";True /CALLERINFO SQLAGENT /REPORTING E",TIME_OVERLAP_ONLY
1240786,Project_Fact,AWL,Fact.dtsx,2026-09-02 16:08:58.3794121 +07:00,2026-09-02 16:09:01.0585761 +07:00,7,1DC093A3-2313-446F-89F5-F2436FD0E813,INVESTOR RELATION,5,Production Summary dan Areal Statement,SSIS,2026-09-02 08:24:14.000,2026-09-02 09:31:41.000,0,Failed,1105838,"/ISSERVER ""\""\SSISDB\Project_Fact\INVESTOR_RELATIONS_PROJECT\PS_AS.dtsx\"""" /SERVER ""\"".\"""" /X86 /Par ""\""$ServerOption::LOGGING_LEVEL(Int16)\"""";1 /Par ""\""$ServerOption::SYNCHRONIZED(Boolean)\"""";True /CALLERINFO SQLAGENT /REPORTING E",TIME_OVERLAP_ONLY
1240786,Project_Fact,AWL,Fact.dtsx,2026-09-02 16:08:58.3794121 +07:00,2026-09-02 16:09:01.0585761 +07:00,7,EB934AA2-8805-4B72-B55B-FBF7E84A368D,SEQUENCE_TABLE_NON_SAP,1,SEQ_STAGING,SSIS,2026-09-02 09:06:36.000,2026-09-02 09:14:14.000,1,Succeeded,1105831,"/ISSERVER ""\""\SSISDB\Sequence_Table\Sequence_Table\Seq_Staging_NON_SAP.dtsx\"""" /SERVER ""\"".\"""" /X86 /Par ""\""$ServerOption::LOGGING_LEVEL(Int16)\"""";1 /Par ""\""$ServerOption::SYNCHRONIZED(Boolean)\"""";True /CALLERINFO SQLAGENT /REPORTING E",TIME_OVERLAP_ONLY
1240787,Project_Fact,AWL,AWL_Warning.dtsx,2026-09-02 16:09:03.8767534 +07:00,2026-09-02 16:09:05.3358137 +07:00,7,1DC093A3-2313-446F-89F5-F2436FD0E813,INVESTOR RELATION,5,Production Summary dan Areal Statement,SSIS,2026-09-02 08:24:14.000,2026-09-02 09:31:41.000,0,Failed,1105838,"/ISSERVER ""\""\SSISDB\Project_Fact\INVESTOR_RELATIONS_PROJECT\PS_AS.dtsx\"""" /SERVER ""\"".\"""" /X86 /Par ""\""$ServerOption::LOGGING_LEVEL(Int16)\"""";1 /Par ""\""$ServerOption::SYNCHRONIZED(Boolean)\"""";True /CALLERINFO SQLAGENT /REPORTING E",TIME_OVERLAP_ONLY
1240787,Project_Fact,AWL,AWL_Warning.dtsx,2026-09-02 16:09:03.8767534 +07:00,2026-09-02 16:09:05.3358137 +07:00,7,EB934AA2-8805-4B72-B55B-FBF7E84A368D,SEQUENCE_TABLE_NON_SAP,1,SEQ_STAGING,SSIS,2026-09-02 09:06:36.000,2026-09-02 09:14:14.000,1,Succeeded,1105831,"/ISSERVER ""\""\SSISDB\Sequence_Table\Sequence_Table\Seq_Staging_NON_SAP.dtsx\"""" /SERVER ""\"".\"""" /X86 /Par ""\""$ServerOption::LOGGING_LEVEL(Int16)\"""";1 /Par ""\""$ServerOption::SYNCHRONIZED(Boolean)\"""";True /CALLERINFO SQLAGENT /REPORTING E",TIME_OVERLAP_ONLY
1240788,Sequence_Table,Sequence_Table,Seq_BSIS_BSAS.dtsx,2026-09-02 16:30:00.3956792 +07:00,2026-09-02 16:34:14.7572488 +07:00,7,C33585FE-F49C-4606-9195-454B11AEF3CD,Lap Prod TBS CPO PK,1,Lap Prod TBS CPO PK,SSIS,2026-09-02 09:30:00.000,2026-09-02 09:46:28.000,1,Succeeded,1105841,"/ISSERVER ""\""\SSISDB\Project_Fact\Lap Prod TBS CPO PK\Laporan Produksi TBS CPO PK.dtsx\"""" /SERVER ""\""BGASVR-DWH-DEV\"""" /Par ""\""$ServerOption::LOGGING_LEVEL(Int16)\"""";1 /Par ""\""$ServerOption::SYNCHRONIZED(Boolean)\"""";True /CALLERINFO SQLAGENT /REPORTING E",TIME_OVERLAP_ONLY
1240789,Sequence_Table,Sequence_Table,Seq_Staging_SAP_EHP8_BSIS_BSAS.dtsx,2026-09-02 16:34:17.4614064 +07:00,2026-09-02 16:34:28.9300679 +07:00,7,C33585FE-F49C-4606-9195-454B11AEF3CD,Lap Prod TBS CPO PK,1,Lap Prod TBS CPO PK,SSIS,2026-09-02 09:30:00.000,2026-09-02 09:46:28.000,1,Succeeded,1105841,"/ISSERVER ""\""\SSISDB\Project_Fact\Lap Prod TBS CPO PK\Laporan Produksi TBS CPO PK.dtsx\"""" /SERVER ""\""BGASVR-DWH-DEV\"""" /Par ""\""$ServerOption::LOGGING_LEVEL(Int16)\"""";1 /Par ""\""$ServerOption::SYNCHRONIZED(Boolean)\"""";True /CALLERINFO SQLAGENT /REPORTING E",TIME_OVERLAP_ONLY
1240790,Sequence_Table,Sequence_Table,Seq_BSIK_BSAK.dtsx,2026-09-02 16:34:33.1743118 +07:00,2026-09-02 16:35:14.9586960 +07:00,7,C33585FE-F49C-4606-9195-454B11AEF3CD,Lap Prod TBS CPO PK,1,Lap Prod TBS CPO PK,SSIS,2026-09-02 09:30:00.000,2026-09-02 09:46:28.000,1,Succeeded,1105841,"/ISSERVER ""\""\SSISDB\Project_Fact\Lap Prod TBS CPO PK\Laporan Produksi TBS CPO PK.dtsx\"""" /SERVER ""\""BGASVR-DWH-DEV\"""" /Par ""\""$ServerOption::LOGGING_LEVEL(Int16)\"""";1 /Par ""\""$ServerOption::SYNCHRONIZED(Boolean)\"""";True /CALLERINFO SQLAGENT /REPORTING E",TIME_OVERLAP_ONLY
1240791,Sequence_Table,Sequence_Table,Seq_Staging_SAP_EHP8_BSIK_BSAK.dtsx,2026-09-02 16:35:17.3418318 +07:00,2026-09-02 16:35:22.2461146 +07:00,7,C33585FE-F49C-4606-9195-454B11AEF3CD,Lap Prod TBS CPO PK,1,Lap Prod TBS CPO PK,SSIS,2026-09-02 09:30:00.000,2026-09-02 09:46:28.000,1,Succeeded,1105841,"/ISSERVER ""\""\SSISDB\Project_Fact\Lap Prod TBS CPO PK\Laporan Produksi TBS CPO PK.dtsx\"""" /SERVER ""\""BGASVR-DWH-DEV\"""" /Par ""\""$ServerOption::LOGGING_LEVEL(Int16)\"""";1 /Par ""\""$ServerOption::SYNCHRONIZED(Boolean)\"""";True /CALLERINFO SQLAGENT /REPORTING E",TIME_OVERLAP_ONLY
1240792,Sequence_Table,Sequence_Table,Seq_BSID_BSAD.dtsx,2026-09-02 16:35:24.9582731 +07:00,2026-09-02 16:36:05.7726081 +07:00,7,C33585FE-F49C-4606-9195-454B11AEF3CD,Lap Prod TBS CPO PK,1,Lap Prod TBS CPO PK,SSIS,2026-09-02 09:30:00.000,2026-09-02 09:46:28.000,1,Succeeded,1105841,"/ISSERVER ""\""\SSISDB\Project_Fact\Lap Prod TBS CPO PK\Laporan Produksi TBS CPO PK.dtsx\"""" /SERVER ""\""BGASVR-DWH-DEV\"""" /Par ""\""$ServerOption::LOGGING_LEVEL(Int16)\"""";1 /Par ""\""$ServerOption::SYNCHRONIZED(Boolean)\"""";True /CALLERINFO SQLAGENT /REPORTING E",TIME_OVERLAP_ONLY
1240793,Sequence_Table,Sequence_Table,Seq_Staging_SAP_EHP8_BSID_BSAD.dtsx,2026-09-02 16:36:06.7236635 +07:00,2026-09-02 16:36:11.8129652 +07:00,7,C33585FE-F49C-4606-9195-454B11AEF3CD,Lap Prod TBS CPO PK,1,Lap Prod TBS CPO PK,SSIS,2026-09-02 09:30:00.000,2026-09-02 09:46:28.000,1,Succeeded,1105841,"/ISSERVER ""\""\SSISDB\Project_Fact\Lap Prod TBS CPO PK\Laporan Produksi TBS CPO PK.dtsx\"""" /SERVER ""\""BGASVR-DWH-DEV\"""" /Par ""\""$ServerOption::LOGGING_LEVEL(Int16)\"""";1 /Par ""\""$ServerOption::SYNCHRONIZED(Boolean)\"""";True /CALLERINFO SQLAGENT /REPORTING E",TIME_OVERLAP_ONLY
1240794,Sequence_Table,Sequence_Table,Seq_BKPF.dtsx,2026-09-02 16:36:13.0110192 +07:00,2026-09-02 16:39:33.6745113 +07:00,7,C33585FE-F49C-4606-9195-454B11AEF3CD,Lap Prod TBS CPO PK,1,Lap Prod TBS CPO PK,SSIS,2026-09-02 09:30:00.000,2026-09-02 09:46:28.000,1,Succeeded,1105841,"/ISSERVER ""\""\SSISDB\Project_Fact\Lap Prod TBS CPO PK\Laporan Produksi TBS CPO PK.dtsx\"""" /SERVER ""\""BGASVR-DWH-DEV\"""" /Par ""\""$ServerOption::LOGGING_LEVEL(Int16)\"""";1 /Par ""\""$ServerOption::SYNCHRONIZED(Boolean)\"""";True /CALLERINFO SQLAGENT /REPORTING E",TIME_OVERLAP_ONLY
1240795,Sequence_Table,Sequence_Table,Seq_Staging_SAP_EHP8_BKPF.dtsx,2026-09-02 16:39:36.3246658 +07:00,2026-09-02 16:40:20.1431837 +07:00,7,C33585FE-F49C-4606-9195-454B11AEF3CD,Lap Prod TBS CPO PK,1,Lap Prod TBS CPO PK,SSIS,2026-09-02 09:30:00.000,2026-09-02 09:46:28.000,1,Succeeded,1105841,"/ISSERVER ""\""\SSISDB\Project_Fact\Lap Prod TBS CPO PK\Laporan Produksi TBS CPO PK.dtsx\"""" /SERVER ""\""BGASVR-DWH-DEV\"""" /Par ""\""$ServerOption::LOGGING_LEVEL(Int16)\"""";1 /Par ""\""$ServerOption::SYNCHRONIZED(Boolean)\"""";True /CALLERINFO SQLAGENT /REPORTING E",TIME_OVERLAP_ONLY
1240798,Project_Fact,AWL,Staging.dtsx,2026-09-02 17:05:00.5529502 +07:00,2026-09-02 17:09:11.1463021 +07:00,7,1225ADC7-FF0D-402D-BAEA-A97F7FC50CB1,AWL,1,Staging,SSIS,2026-09-02 10:05:00.000,2026-09-02 10:12:50.000,1,Succeeded,1105846,"/ISSERVER ""\""\SSISDB\Project_Fact\AWL\Staging.dtsx\"""" /SERVER ""\"".\"""" /X86 /Par ""\""$ServerOption::LOGGING_LEVEL(Int16)\"""";1 /Par ""\""$ServerOption::SYNCHRONIZED(Boolean)\"""";True /CALLERINFO SQLAGENT /REPORTING E",STRONG_NAME_OR_COMMAND_MATCH
1240799,Project_Fact,AWL,Fact.dtsx,2026-09-02 17:09:15.3625543 +07:00,2026-09-02 17:09:30.5924231 +07:00,7,1225ADC7-FF0D-402D-BAEA-A97F7FC50CB1,AWL,1,Staging,SSIS,2026-09-02 10:05:00.000,2026-09-02 10:12:50.000,1,Succeeded,1105846,"/ISSERVER ""\""\SSISDB\Project_Fact\AWL\Staging.dtsx\"""" /SERVER ""\"".\"""" /X86 /Par ""\""$ServerOption::LOGGING_LEVEL(Int16)\"""";1 /Par ""\""$ServerOption::SYNCHRONIZED(Boolean)\"""";True /CALLERINFO SQLAGENT /REPORTING E",TIME_OVERLAP_ONLY
1240800,Project_Fact,AWL,AWL_Warning.dtsx,2026-09-02 17:09:33.5965940 +07:00,2026-09-02 17:09:36.7597685 +07:00,7,1225ADC7-FF0D-402D-BAEA-A97F7FC50CB1,AWL,1,Staging,SSIS,2026-09-02 10:05:00.000,2026-09-02 10:12:50.000,1,Succeeded,1105846,"/ISSERVER ""\""\SSISDB\Project_Fact\AWL\Staging.dtsx\"""" /SERVER ""\"".\"""" /X86 /Par ""\""$ServerOption::LOGGING_LEVEL(Int16)\"""";1 /Par ""\""$ServerOption::SYNCHRONIZED(Boolean)\"""";True /CALLERINFO SQLAGENT /REPORTING E",TIME_OVERLAP_ONLY
1240802,Project_Fact,AWL,Staging.dtsx,2026-09-02 18:05:01.0390583 +07:00,2026-09-02 18:09:42.1578535 +07:00,7,1225ADC7-FF0D-402D-BAEA-A97F7FC50CB1,AWL,1,Staging,SSIS,2026-09-02 11:05:00.000,2026-09-02 11:12:03.000,1,Succeeded,1105850,"/ISSERVER ""\""\SSISDB\Project_Fact\AWL\Staging.dtsx\"""" /SERVER ""\"".\"""" /X86 /Par ""\""$ServerOption::LOGGING_LEVEL(Int16)\"""";1 /Par ""\""$ServerOption::SYNCHRONIZED(Boolean)\"""";True /CALLERINFO SQLAGENT /REPORTING E",STRONG_NAME_OR_COMMAND_MATCH
1240803,Project_Fact,AWL,Fact.dtsx,2026-09-02 18:09:44.4900038 +07:00,2026-09-02 18:09:48.0672312 +07:00,7,1225ADC7-FF0D-402D-BAEA-A97F7FC50CB1,AWL,1,Staging,SSIS,2026-09-02 11:05:00.000,2026-09-02 11:12:03.000,1,Succeeded,1105850,"/ISSERVER ""\""\SSISDB\Project_Fact\AWL\Staging.dtsx\"""" /SERVER ""\"".\"""" /X86 /Par ""\""$ServerOption::LOGGING_LEVEL(Int16)\"""";1 /Par ""\""$ServerOption::SYNCHRONIZED(Boolean)\"""";True /CALLERINFO SQLAGENT /REPORTING E",TIME_OVERLAP_ONLY
1240804,Project_Fact,AWL,AWL_Warning.dtsx,2026-09-02 18:09:48.4802652 +07:00,2026-09-02 18:09:49.9003487 +07:00,7,1225ADC7-FF0D-402D-BAEA-A97F7FC50CB1,AWL,1,Staging,SSIS,2026-09-02 11:05:00.000,2026-09-02 11:12:03.000,1,Succeeded,1105850,"/ISSERVER ""\""\SSISDB\Project_Fact\AWL\Staging.dtsx\"""" /SERVER ""\"".\"""" /X86 /Par ""\""$ServerOption::LOGGING_LEVEL(Int16)\"""";1 /Par ""\""$ServerOption::SYNCHRONIZED(Boolean)\"""";True /CALLERINFO SQLAGENT /REPORTING E",TIME_OVERLAP_ONLY
1240827,Project_Fact,AWL,Staging.dtsx,2026-09-02 19:05:00.3479472 +07:00,2026-09-02 19:07:27.4373726 +07:00,7,6DF699D9-EE52-4283-8C24-B72C5A2D84BF,SEQUENCE_TABLE_SPARTA,1,SEQ_STAGING_SPARTA,SSIS,2026-09-02 12:05:00.000,2026-09-02 12:19:53.000,1,Succeeded,1105867,"/ISSERVER ""\""\SSISDB\Sequence_Table\Sequence_Table\Seq_Staging_SPARTA.dtsx\"""" /SERVER ""\"".\"""" /Par ""\""$ServerOption::LOGGING_LEVEL(Int16)\"""";1 /Par ""\""$ServerOption::SYNCHRONIZED(Boolean)\"""";True /CALLERINFO SQLAGENT /REPORTING E",TIME_OVERLAP_ONLY
1240827,Project_Fact,AWL,Staging.dtsx,2026-09-02 19:05:00.3479472 +07:00,2026-09-02 19:07:27.4373726 +07:00,7,4405D861-AE6C-4CD7-8E9B-33591EE6C9F8,SEQUENCE_TABLE_SPARTA_4T,1,SEQ_STAGING_SPARTA_4T,SSIS,2026-09-02 12:00:00.000,2026-09-02 12:14:23.000,1,Succeeded,1105866,"/ISSERVER ""\""\SSISDB\Sequence_Table\Sequence_Table\Seq_Staging_SPARTA_4T.dtsx\"""" /SERVER ""\"".\"""" /Par ""\""$ServerOption::LOGGING_LEVEL(Int16)\"""";1 /Par ""\""$ServerOption::SYNCHRONIZED(Boolean)\"""";True /CALLERINFO SQLAGENT /REPORTING E",TIME_OVERLAP_ONLY
1240827,Project_Fact,AWL,Staging.dtsx,2026-09-02 19:05:00.3479472 +07:00,2026-09-02 19:07:27.4373726 +07:00,7,1225ADC7-FF0D-402D-BAEA-A97F7FC50CB1,AWL,1,Staging,SSIS,2026-09-02 12:05:00.000,2026-09-02 12:14:08.000,1,Succeeded,1105862,"/ISSERVER ""\""\SSISDB\Project_Fact\AWL\Staging.dtsx\"""" /SERVER ""\"".\"""" /X86 /Par ""\""$ServerOption::LOGGING_LEVEL(Int16)\"""";1 /Par ""\""$ServerOption::SYNCHRONIZED(Boolean)\"""";True /CALLERINFO SQLAGENT /REPORTING E",STRONG_NAME_OR_COMMAND_MATCH
1240828,Project_Fact,AWL,Fact.dtsx,2026-09-02 19:07:28.3354237 +07:00,2026-09-02 19:07:32.2066439 +07:00,7,1225ADC7-FF0D-402D-BAEA-A97F7FC50CB1,AWL,1,Staging,SSIS,2026-09-02 12:05:00.000,2026-09-02 12:14:08.000,1,Succeeded,1105862,"/ISSERVER ""\""\SSISDB\Project_Fact\AWL\Staging.dtsx\"""" /SERVER ""\"".\"""" /X86 /Par ""\""$ServerOption::LOGGING_LEVEL(Int16)\"""";1 /Par ""\""$ServerOption::SYNCHRONIZED(Boolean)\"""";True /CALLERINFO SQLAGENT /REPORTING E",TIME_OVERLAP_ONLY
1240828,Project_Fact,AWL,Fact.dtsx,2026-09-02 19:07:28.3354237 +07:00,2026-09-02 19:07:32.2066439 +07:00,7,C9AB424D-4260-4EA1-B78C-687B22E66F17,Saldo Treasury,4,Saldo Monthly,SSIS,2026-09-02 12:07:07.000,2026-09-02 12:09:29.000,1,Succeeded,1105858,"/ISSERVER ""\""\SSISDB\Project_Fact\SALDO_TREASURY\FACT_SALDO_AKHIR_BULAN.dtsx\"""" /SERVER ""\"".\"""" /Par ""\""$ServerOption::LOGGING_LEVEL(Int16)\"""";1 /Par ""\""$ServerOption::SYNCHRONIZED(Boolean)\"""";True /CALLERINFO SQLAGENT /REPORTING E",TIME_OVERLAP_ONLY
1240828,Project_Fact,AWL,Fact.dtsx,2026-09-02 19:07:28.3354237 +07:00,2026-09-02 19:07:32.2066439 +07:00,7,6DF699D9-EE52-4283-8C24-B72C5A2D84BF,SEQUENCE_TABLE_SPARTA,1,SEQ_STAGING_SPARTA,SSIS,2026-09-02 12:05:00.000,2026-09-02 12:19:53.000,1,Succeeded,1105867,"/ISSERVER ""\""\SSISDB\Sequence_Table\Sequence_Table\Seq_Staging_SPARTA.dtsx\"""" /SERVER ""\"".\"""" /Par ""\""$ServerOption::LOGGING_LEVEL(Int16)\"""";1 /Par ""\""$ServerOption::SYNCHRONIZED(Boolean)\"""";True /CALLERINFO SQLAGENT /REPORTING E",TIME_OVERLAP_ONLY
1240828,Project_Fact,AWL,Fact.dtsx,2026-09-02 19:07:28.3354237 +07:00,2026-09-02 19:07:32.2066439 +07:00,7,4405D861-AE6C-4CD7-8E9B-33591EE6C9F8,SEQUENCE_TABLE_SPARTA_4T,1,SEQ_STAGING_SPARTA_4T,SSIS,2026-09-02 12:00:00.000,2026-09-02 12:14:23.000,1,Succeeded,1105866,"/ISSERVER ""\""\SSISDB\Sequence_Table\Sequence_Table\Seq_Staging_SPARTA_4T.dtsx\"""" /SERVER ""\"".\"""" /Par ""\""$ServerOption::LOGGING_LEVEL(Int16)\"""";1 /Par ""\""$ServerOption::SYNCHRONIZED(Boolean)\"""";True /CALLERINFO SQLAGENT /REPORTING E",TIME_OVERLAP_ONLY
1240829,Project_Fact,AWL,AWL_Warning.dtsx,2026-09-02 19:07:34.8307999 +07:00,2026-09-02 19:07:36.2118731 +07:00,7,1225ADC7-FF0D-402D-BAEA-A97F7FC50CB1,AWL,1,Staging,SSIS,2026-09-02 12:05:00.000,2026-09-02 12:14:08.000,1,Succeeded,1105862,"/ISSERVER ""\""\SSISDB\Project_Fact\AWL\Staging.dtsx\"""" /SERVER ""\"".\"""" /X86 /Par ""\""$ServerOption::LOGGING_LEVEL(Int16)\"""";1 /Par ""\""$ServerOption::SYNCHRONIZED(Boolean)\"""";True /CALLERINFO SQLAGENT /REPORTING E",TIME_OVERLAP_ONLY
1240829,Project_Fact,AWL,AWL_Warning.dtsx,2026-09-02 19:07:34.8307999 +07:00,2026-09-02 19:07:36.2118731 +07:00,7,C9AB424D-4260-4EA1-B78C-687B22E66F17,Saldo Treasury,4,Saldo Monthly,SSIS,2026-09-02 12:07:07.000,2026-09-02 12:09:29.000,1,Succeeded,1105858,"/ISSERVER ""\""\SSISDB\Project_Fact\SALDO_TREASURY\FACT_SALDO_AKHIR_BULAN.dtsx\"""" /SERVER ""\"".\"""" /Par ""\""$ServerOption::LOGGING_LEVEL(Int16)\"""";1 /Par ""\""$ServerOption::SYNCHRONIZED(Boolean)\"""";True /CALLERINFO SQLAGENT /REPORTING E",TIME_OVERLAP_ONLY
1240829,Project_Fact,AWL,AWL_Warning.dtsx,2026-09-02 19:07:34.8307999 +07:00,2026-09-02 19:07:36.2118731 +07:00,7,6DF699D9-EE52-4283-8C24-B72C5A2D84BF,SEQUENCE_TABLE_SPARTA,1,SEQ_STAGING_SPARTA,SSIS,2026-09-02 12:05:00.000,2026-09-02 12:19:53.000,1,Succeeded,1105867,"/ISSERVER ""\""\SSISDB\Sequence_Table\Sequence_Table\Seq_Staging_SPARTA.dtsx\"""" /SERVER ""\"".\"""" /Par ""\""$ServerOption::LOGGING_LEVEL(Int16)\"""";1 /Par ""\""$ServerOption::SYNCHRONIZED(Boolean)\"""";True /CALLERINFO SQLAGENT /REPORTING E",TIME_OVERLAP_ONLY
1240829,Project_Fact,AWL,AWL_Warning.dtsx,2026-09-02 19:07:34.8307999 +07:00,2026-09-02 19:07:36.2118731 +07:00,7,4405D861-AE6C-4CD7-8E9B-33591EE6C9F8,SEQUENCE_TABLE_SPARTA_4T,1,SEQ_STAGING_SPARTA_4T,SSIS,2026-09-02 12:00:00.000,2026-09-02 12:14:23.000,1,Succeeded,1105866,"/ISSERVER ""\""\SSISDB\Sequence_Table\Sequence_Table\Seq_Staging_SPARTA_4T.dtsx\"""" /SERVER ""\"".\"""" /Par ""\""$ServerOption::LOGGING_LEVEL(Int16)\"""";1 /Par ""\""$ServerOption::SYNCHRONIZED(Boolean)\"""";True /CALLERINFO SQLAGENT /REPORTING E",TIME_OVERLAP_ONLY
1240830,Project_Fact,Vehicle Registration,FACT_VR.dtsx,2026-09-02 19:20:00.4134971 +07:00,2026-09-02 19:20:07.4718986 +07:00,7,4405D861-AE6C-4CD7-8E9B-33591EE6C9F8,SEQUENCE_TABLE_SPARTA_4T,2,CREATE TABLE FORMAT BPS,TSQL,2026-09-02 12:14:23.000,2026-09-02 12:22:59.000,1,Succeeded,1105871,"--SPB BLOK-- DROP TABLE DWH_STG.stg.SPARTA_SPB_BLOK  SELECT * INTO DWH_STG.stg.SPARTA_SPB_BLOK FROM DWH_STG.dbo.V_SPARTA_SPB_BLOK   --SPB-- DROP TABLE DWH_STG.stg.SPARTA_SPB  SELECT * INTO DWH_STG.stg.SPARTA_SPB FROM DWH_STG.dbo.V_SPARTA_SPB ",TIME_OVERLAP_ONLY
1240830,Project_Fact,Vehicle Registration,FACT_VR.dtsx,2026-09-02 19:20:00.4134971 +07:00,2026-09-02 19:20:07.4718986 +07:00,7,DE99768D-2EE9-43B7-999B-94D63699444F,SPARTA FACT,2,Check Query Process,SSIS,2026-09-02 12:19:53.000,2026-09-02 12:23:01.000,1,Succeeded,1105880,"/ISSERVER ""\""\SSISDB\Project_Fact\DWH_SMALLER_FACT\CHECK_QUERY_DATA.dtsx\"""" /SERVER ""\"".\"""" /Par ""\""$ServerOption::LOGGING_LEVEL(Int16)\"""";1 /Par ""\""$ServerOption::SYNCHRONIZED(Boolean)\"""";True /CALLERINFO SQLAGENT /REPORTING E",TIME_OVERLAP_ONLY
1240831,Project_Fact,MONITORING_TICKET_WB,STAGING SAP8.dtsx,2026-09-02 20:00:00.5409430 +07:00,2026-09-02 20:00:07.4433343 +07:00,7,34DE8AEE-46BD-45E9-B0B2-D068006FBBF5,Premi dan Lembur,2,SSAS Process,ANALYSISQUERY,2026-09-02 12:56:38.000,2026-09-02 13:03:55.000,1,Succeeded,1105908,"{   ""refresh"": {     ""type"": ""full"",     ""objects"": [       {         ""database"": ""premi dan lembur monitoring""       }     ]   } }",TIME_OVERLAP_ONLY
1240831,Project_Fact,MONITORING_TICKET_WB,STAGING SAP8.dtsx,2026-09-02 20:00:00.5409430 +07:00,2026-09-02 20:00:07.4433343 +07:00,7,DE99768D-2EE9-43B7-999B-94D63699444F,SPARTA FACT,4,Fact Sparta Jurnal Payroll,SSIS,2026-09-02 12:37:58.000,2026-09-02 13:06:16.000,1,Succeeded,1105910,"/ISSERVER ""\""\SSISDB\Project_Fact\JOURNAL_SPARTA\FACT_JOURNAL_PAYROLL.dtsx\"""" /SERVER ""\""BGASVR-DWH-DEV\"""" /Par ""\""$ServerOption::LOGGING_LEVEL(Int16)\"""";1 /Par ""\""$ServerOption::SYNCHRONIZED(Boolean)\"""";True /CALLERINFO SQLAGENT /REPORTING E",TIME_OVERLAP_ONLY
1240831,Project_Fact,MONITORING_TICKET_WB,STAGING SAP8.dtsx,2026-09-02 20:00:00.5409430 +07:00,2026-09-02 20:00:07.4433343 +07:00,7,5ECE39E8-D47A-4559-A8E7-5766D4B949E0,SPARTA FACT 4T,7,Fact Sparta Fisik Premi,SSIS,2026-09-02 12:56:16.000,2026-09-02 13:08:43.000,1,Succeeded,1105916,"/ISSERVER ""\""\SSISDB\Project_Fact\SPARTA_PROJECT\FACT_SPARTA_FISIK_PREMI.dtsx\"""" /SERVER ""\"".\"""" /Par ""\""$ServerOption::LOGGING_LEVEL(Int16)\"""";1 /Par ""\""$ServerOption::SYNCHRONIZED(Boolean)\"""";True /CALLERINFO SQLAGENT /REPORTING E",TIME_OVERLAP_ONLY
1240832,Project_Fact,MONITORING_TICKET_WB,STAGING.dtsx,2026-09-02 20:00:08.5754069 +07:00,2026-09-02 20:01:31.4781464 +07:00,7,34DE8AEE-46BD-45E9-B0B2-D068006FBBF5,Premi dan Lembur,2,SSAS Process,ANALYSISQUERY,2026-09-02 12:56:38.000,2026-09-02 13:03:55.000,1,Succeeded,1105908,"{   ""refresh"": {     ""type"": ""full"",     ""objects"": [       {         ""database"": ""premi dan lembur monitoring""       }     ]   } }",TIME_OVERLAP_ONLY
1240832,Project_Fact,MONITORING_TICKET_WB,STAGING.dtsx,2026-09-02 20:00:08.5754069 +07:00,2026-09-02 20:01:31.4781464 +07:00,7,DE99768D-2EE9-43B7-999B-94D63699444F,SPARTA FACT,4,Fact Sparta Jurnal Payroll,SSIS,2026-09-02 12:37:58.000,2026-09-02 13:06:16.000,1,Succeeded,1105910,"/ISSERVER ""\""\SSISDB\Project_Fact\JOURNAL_SPARTA\FACT_JOURNAL_PAYROLL.dtsx\"""" /SERVER ""\""BGASVR-DWH-DEV\"""" /Par ""\""$ServerOption::LOGGING_LEVEL(Int16)\"""";1 /Par ""\""$ServerOption::SYNCHRONIZED(Boolean)\"""";True /CALLERINFO SQLAGENT /REPORTING E",TIME_OVERLAP_ONLY
1240832,Project_Fact,MONITORING_TICKET_WB,STAGING.dtsx,2026-09-02 20:00:08.5754069 +07:00,2026-09-02 20:01:31.4781464 +07:00,7,5ECE39E8-D47A-4559-A8E7-5766D4B949E0,SPARTA FACT 4T,7,Fact Sparta Fisik Premi,SSIS,2026-09-02 12:56:16.000,2026-09-02 13:08:43.000,1,Succeeded,1105916,"/ISSERVER ""\""\SSISDB\Project_Fact\SPARTA_PROJECT\FACT_SPARTA_FISIK_PREMI.dtsx\"""" /SERVER ""\"".\"""" /Par ""\""$ServerOption::LOGGING_LEVEL(Int16)\"""";1 /Par ""\""$ServerOption::SYNCHRONIZED(Boolean)\"""";True /CALLERINFO SQLAGENT /REPORTING E",TIME_OVERLAP_ONLY
1240833,Sequence_Table,Sequence_Table,Seq_Staging_WB.dtsx,2026-09-02 20:01:00.5593813 +07:00,2026-09-02 20:01:51.7073053 +07:00,4,AFFCF0E6-37CA-42D7-8165-CB6EBE2EDB7E,Controllable Profit,4,STG to DWH,SSIS,2026-09-02 13:00:17.000,2026-09-02 13:51:04.000,1,Succeeded,1105926,"/ISSERVER ""\""\SSISDB\Controllable Profit\ControllableProfit\STG to DWH.dtsx\"""" /SERVER ""\""BGASVR-DWH-DEV\"""" /Par ""\""$ServerOption::LOGGING_LEVEL(Int16)\"""";1 /Par ""\""$ServerOption::SYNCHRONIZED(Boolean)\"""";True /CALLERINFO SQLAGENT /REPORTING E",TIME_OVERLAP_ONLY
1240833,Sequence_Table,Sequence_Table,Seq_Staging_WB.dtsx,2026-09-02 20:01:00.5593813 +07:00,2026-09-02 20:01:51.7073053 +07:00,4,34DE8AEE-46BD-45E9-B0B2-D068006FBBF5,Premi dan Lembur,2,SSAS Process,ANALYSISQUERY,2026-09-02 12:56:38.000,2026-09-02 13:03:55.000,1,Succeeded,1105908,"{   ""refresh"": {     ""type"": ""full"",     ""objects"": [       {         ""database"": ""premi dan lembur monitoring""       }     ]   } }",TIME_OVERLAP_ONLY
1240833,Sequence_Table,Sequence_Table,Seq_Staging_WB.dtsx,2026-09-02 20:01:00.5593813 +07:00,2026-09-02 20:01:51.7073053 +07:00,4,DE99768D-2EE9-43B7-999B-94D63699444F,SPARTA FACT,4,Fact Sparta Jurnal Payroll,SSIS,2026-09-02 12:37:58.000,2026-09-02 13:06:16.000,1,Succeeded,1105910,"/ISSERVER ""\""\SSISDB\Project_Fact\JOURNAL_SPARTA\FACT_JOURNAL_PAYROLL.dtsx\"""" /SERVER ""\""BGASVR-DWH-DEV\"""" /Par ""\""$ServerOption::LOGGING_LEVEL(Int16)\"""";1 /Par ""\""$ServerOption::SYNCHRONIZED(Boolean)\"""";True /CALLERINFO SQLAGENT /REPORTING E",TIME_OVERLAP_ONLY
1240833,Sequence_Table,Sequence_Table,Seq_Staging_WB.dtsx,2026-09-02 20:01:00.5593813 +07:00,2026-09-02 20:01:51.7073053 +07:00,4,5ECE39E8-D47A-4559-A8E7-5766D4B949E0,SPARTA FACT 4T,7,Fact Sparta Fisik Premi,SSIS,2026-09-02 12:56:16.000,2026-09-02 13:08:43.000,1,Succeeded,1105916,"/ISSERVER ""\""\SSISDB\Project_Fact\SPARTA_PROJECT\FACT_SPARTA_FISIK_PREMI.dtsx\"""" /SERVER ""\"".\"""" /Par ""\""$ServerOption::LOGGING_LEVEL(Int16)\"""";1 /Par ""\""$ServerOption::SYNCHRONIZED(Boolean)\"""";True /CALLERINFO SQLAGENT /REPORTING E",TIME_OVERLAP_ONLY
1240834,Project_Fact,MONITORING_TICKET_WB,FACT.dtsx,2026-09-02 20:01:32.4352014 +07:00,2026-09-02 20:01:46.4430042 +07:00,7,AFFCF0E6-37CA-42D7-8165-CB6EBE2EDB7E,Controllable Profit,4,STG to DWH,SSIS,2026-09-02 13:00:17.000,2026-09-02 13:51:04.000,1,Succeeded,1105926,"/ISSERVER ""\""\SSISDB\Controllable Profit\ControllableProfit\STG to DWH.dtsx\"""" /SERVER ""\""BGASVR-DWH-DEV\"""" /Par ""\""$ServerOption::LOGGING_LEVEL(Int16)\"""";1 /Par ""\""$ServerOption::SYNCHRONIZED(Boolean)\"""";True /CALLERINFO SQLAGENT /REPORTING E",TIME_OVERLAP_ONLY
1240834,Project_Fact,MONITORING_TICKET_WB,FACT.dtsx,2026-09-02 20:01:32.4352014 +07:00,2026-09-02 20:01:46.4430042 +07:00,7,34DE8AEE-46BD-45E9-B0B2-D068006FBBF5,Premi dan Lembur,2,SSAS Process,ANALYSISQUERY,2026-09-02 12:56:38.000,2026-09-02 13:03:55.000,1,Succeeded,1105908,"{   ""refresh"": {     ""type"": ""full"",     ""objects"": [       {         ""database"": ""premi dan lembur monitoring""       }     ]   } }",TIME_OVERLAP_ONLY
1240834,Project_Fact,MONITORING_TICKET_WB,FACT.dtsx,2026-09-02 20:01:32.4352014 +07:00,2026-09-02 20:01:46.4430042 +07:00,7,DE99768D-2EE9-43B7-999B-94D63699444F,SPARTA FACT,4,Fact Sparta Jurnal Payroll,SSIS,2026-09-02 12:37:58.000,2026-09-02 13:06:16.000,1,Succeeded,1105910,"/ISSERVER ""\""\SSISDB\Project_Fact\JOURNAL_SPARTA\FACT_JOURNAL_PAYROLL.dtsx\"""" /SERVER ""\""BGASVR-DWH-DEV\"""" /Par ""\""$ServerOption::LOGGING_LEVEL(Int16)\"""";1 /Par ""\""$ServerOption::SYNCHRONIZED(Boolean)\"""";True /CALLERINFO SQLAGENT /REPORTING E",TIME_OVERLAP_ONLY
1240834,Project_Fact,MONITORING_TICKET_WB,FACT.dtsx,2026-09-02 20:01:32.4352014 +07:00,2026-09-02 20:01:46.4430042 +07:00,7,5ECE39E8-D47A-4559-A8E7-5766D4B949E0,SPARTA FACT 4T,7,Fact Sparta Fisik Premi,SSIS,2026-09-02 12:56:16.000,2026-09-02 13:08:43.000,1,Succeeded,1105916,"/ISSERVER ""\""\SSISDB\Project_Fact\SPARTA_PROJECT\FACT_SPARTA_FISIK_PREMI.dtsx\"""" /SERVER ""\"".\"""" /Par ""\""$ServerOption::LOGGING_LEVEL(Int16)\"""";1 /Par ""\""$ServerOption::SYNCHRONIZED(Boolean)\"""";True /CALLERINFO SQLAGENT /REPORTING E",TIME_OVERLAP_ONLY
1240835,Project_Fact,AWL,Staging.dtsx,2026-09-02 20:05:00.5641224 +07:00,2026-09-02 20:09:27.2953939 +07:00,7,AFFCF0E6-37CA-42D7-8165-CB6EBE2EDB7E,Controllable Profit,4,STG to DWH,SSIS,2026-09-02 13:00:17.000,2026-09-02 13:51:04.000,1,Succeeded,1105926,"/ISSERVER ""\""\SSISDB\Controllable Profit\ControllableProfit\STG to DWH.dtsx\"""" /SERVER ""\""BGASVR-DWH-DEV\"""" /Par ""\""$ServerOption::LOGGING_LEVEL(Int16)\"""";1 /Par ""\""$ServerOption::SYNCHRONIZED(Boolean)\"""";True /CALLERINFO SQLAGENT /REPORTING E",TIME_OVERLAP_ONLY
1240836,Project_Fact,AWL,Fact.dtsx,2026-09-02 20:09:30.0675531 +07:00,2026-09-02 20:09:33.2057362 +07:00,7,AFFCF0E6-37CA-42D7-8165-CB6EBE2EDB7E,Controllable Profit,4,STG to DWH,SSIS,2026-09-02 13:00:17.000,2026-09-02 13:51:04.000,1,Succeeded,1105926,"/ISSERVER ""\""\SSISDB\Controllable Profit\ControllableProfit\STG to DWH.dtsx\"""" /SERVER ""\""BGASVR-DWH-DEV\"""" /Par ""\""$ServerOption::LOGGING_LEVEL(Int16)\"""";1 /Par ""\""$ServerOption::SYNCHRONIZED(Boolean)\"""";True /CALLERINFO SQLAGENT /REPORTING E",TIME_OVERLAP_ONLY
1240836,Project_Fact,AWL,Fact.dtsx,2026-09-02 20:09:30.0675531 +07:00,2026-09-02 20:09:33.2057362 +07:00,7,DE99768D-2EE9-43B7-999B-94D63699444F,SPARTA FACT,6,Fact Sparta Dashboard Risk Mitigasi,SSIS,2026-09-02 13:07:04.000,2026-09-02 13:09:54.000,1,Succeeded,1105917,"/ISSERVER ""\""\SSISDB\Project_Fact\Risk Mitigasi Payroll\STG to DWH.dtsx\"""" /SERVER ""\"".\"""" /Par ""\""$ServerOption::LOGGING_LEVEL(Int16)\"""";1 /Par ""\""$ServerOption::SYNCHRONIZED(Boolean)\"""";True /CALLERINFO SQLAGENT /REPORTING E",TIME_OVERLAP_ONLY
1240836,Project_Fact,AWL,Fact.dtsx,2026-09-02 20:09:30.0675531 +07:00,2026-09-02 20:09:33.2057362 +07:00,7,5ECE39E8-D47A-4559-A8E7-5766D4B949E0,SPARTA FACT 4T,8,Fact Sparta Rekap LHM,SSIS,2026-09-02 13:08:43.000,2026-09-02 13:37:14.000,1,Succeeded,1105920,"/ISSERVER ""\""\SSISDB\Project_Fact\DWH_LHM\Fact Rekap.dtsx\"""" /SERVER ""\"".\"""" /Par ""\""$ServerOption::LOGGING_LEVEL(Int16)\"""";1 /Par ""\""$ServerOption::SYNCHRONIZED(Boolean)\"""";True /CALLERINFO SQLAGENT /REPORTING E",TIME_OVERLAP_ONLY
1240837,Project_Fact,AWL,AWL_Warning.dtsx,2026-09-02 20:09:34.0377839 +07:00,2026-09-02 20:09:35.4768597 +07:00,7,AFFCF0E6-37CA-42D7-8165-CB6EBE2EDB7E,Controllable Profit,4,STG to DWH,SSIS,2026-09-02 13:00:17.000,2026-09-02 13:51:04.000,1,Succeeded,1105926,"/ISSERVER ""\""\SSISDB\Controllable Profit\ControllableProfit\STG to DWH.dtsx\"""" /SERVER ""\""BGASVR-DWH-DEV\"""" /Par ""\""$ServerOption::LOGGING_LEVEL(Int16)\"""";1 /Par ""\""$ServerOption::SYNCHRONIZED(Boolean)\"""";True /CALLERINFO SQLAGENT /REPORTING E",TIME_OVERLAP_ONLY
1240837,Project_Fact,AWL,AWL_Warning.dtsx,2026-09-02 20:09:34.0377839 +07:00,2026-09-02 20:09:35.4768597 +07:00,7,DE99768D-2EE9-43B7-999B-94D63699444F,SPARTA FACT,6,Fact Sparta Dashboard Risk Mitigasi,SSIS,2026-09-02 13:07:04.000,2026-09-02 13:09:54.000,1,Succeeded,1105917,"/ISSERVER ""\""\SSISDB\Project_Fact\Risk Mitigasi Payroll\STG to DWH.dtsx\"""" /SERVER ""\"".\"""" /Par ""\""$ServerOption::LOGGING_LEVEL(Int16)\"""";1 /Par ""\""$ServerOption::SYNCHRONIZED(Boolean)\"""";True /CALLERINFO SQLAGENT /REPORTING E",TIME_OVERLAP_ONLY
1240837,Project_Fact,AWL,AWL_Warning.dtsx,2026-09-02 20:09:34.0377839 +07:00,2026-09-02 20:09:35.4768597 +07:00,7,5ECE39E8-D47A-4559-A8E7-5766D4B949E0,SPARTA FACT 4T,8,Fact Sparta Rekap LHM,SSIS,2026-09-02 13:08:43.000,2026-09-02 13:37:14.000,1,Succeeded,1105920,"/ISSERVER ""\""\SSISDB\Project_Fact\DWH_LHM\Fact Rekap.dtsx\"""" /SERVER ""\"".\"""" /Par ""\""$ServerOption::LOGGING_LEVEL(Int16)\"""";1 /Par ""\""$ServerOption::SYNCHRONIZED(Boolean)\"""";True /CALLERINFO SQLAGENT /REPORTING E",TIME_OVERLAP_ONLY
1240838,Sequence_Table,Sequence_Table,Seq_BSIS_BSAS.dtsx,2026-09-02 20:30:00.6890264 +07:00,2026-09-02 20:32:36.4339426 +07:00,7,AFFCF0E6-37CA-42D7-8165-CB6EBE2EDB7E,Controllable Profit,4,STG to DWH,SSIS,2026-09-02 13:00:17.000,2026-09-02 13:51:04.000,1,Succeeded,1105926,"/ISSERVER ""\""\SSISDB\Controllable Profit\ControllableProfit\STG to DWH.dtsx\"""" /SERVER ""\""BGASVR-DWH-DEV\"""" /Par ""\""$ServerOption::LOGGING_LEVEL(Int16)\"""";1 /Par ""\""$ServerOption::SYNCHRONIZED(Boolean)\"""";True /CALLERINFO SQLAGENT /REPORTING E",TIME_OVERLAP_ONLY
1240838,Sequence_Table,Sequence_Table,Seq_BSIS_BSAS.dtsx,2026-09-02 20:30:00.6890264 +07:00,2026-09-02 20:32:36.4339426 +07:00,7,DE99768D-2EE9-43B7-999B-94D63699444F,SPARTA FACT,7,SSAS Lembur Mill,ANALYSISQUERY,2026-09-02 13:09:54.000,2026-09-02 13:35:37.000,1,Succeeded,1105918,"{   ""refresh"": {     ""type"": ""full"",     ""objects"": [       {         ""database"": ""LemburMill""       }     ]   } }",TIME_OVERLAP_ONLY
1240838,Sequence_Table,Sequence_Table,Seq_BSIS_BSAS.dtsx,2026-09-02 20:30:00.6890264 +07:00,2026-09-02 20:32:36.4339426 +07:00,7,5ECE39E8-D47A-4559-A8E7-5766D4B949E0,SPARTA FACT 4T,8,Fact Sparta Rekap LHM,SSIS,2026-09-02 13:08:43.000,2026-09-02 13:37:14.000,1,Succeeded,1105920,"/ISSERVER ""\""\SSISDB\Project_Fact\DWH_LHM\Fact Rekap.dtsx\"""" /SERVER ""\"".\"""" /Par ""\""$ServerOption::LOGGING_LEVEL(Int16)\"""";1 /Par ""\""$ServerOption::SYNCHRONIZED(Boolean)\"""";True /CALLERINFO SQLAGENT /REPORTING E",TIME_OVERLAP_ONLY
1240839,Sequence_Table,Sequence_Table,Seq_Staging_SAP_EHP8_BSIS_BSAS.dtsx,2026-09-02 20:32:40.4881771 +07:00,2026-09-02 20:32:51.1837888 +07:00,7,AFFCF0E6-37CA-42D7-8165-CB6EBE2EDB7E,Controllable Profit,4,STG to DWH,SSIS,2026-09-02 13:00:17.000,2026-09-02 13:51:04.000,1,Succeeded,1105926,"/ISSERVER ""\""\SSISDB\Controllable Profit\ControllableProfit\STG to DWH.dtsx\"""" /SERVER ""\""BGASVR-DWH-DEV\"""" /Par ""\""$ServerOption::LOGGING_LEVEL(Int16)\"""";1 /Par ""\""$ServerOption::SYNCHRONIZED(Boolean)\"""";True /CALLERINFO SQLAGENT /REPORTING E",TIME_OVERLAP_ONLY
1240839,Sequence_Table,Sequence_Table,Seq_Staging_SAP_EHP8_BSIS_BSAS.dtsx,2026-09-02 20:32:40.4881771 +07:00,2026-09-02 20:32:51.1837888 +07:00,7,DE99768D-2EE9-43B7-999B-94D63699444F,SPARTA FACT,7,SSAS Lembur Mill,ANALYSISQUERY,2026-09-02 13:09:54.000,2026-09-02 13:35:37.000,1,Succeeded,1105918,"{   ""refresh"": {     ""type"": ""full"",     ""objects"": [       {         ""database"": ""LemburMill""       }     ]   } }",TIME_OVERLAP_ONLY
1240839,Sequence_Table,Sequence_Table,Seq_Staging_SAP_EHP8_BSIS_BSAS.dtsx,2026-09-02 20:32:40.4881771 +07:00,2026-09-02 20:32:51.1837888 +07:00,7,5ECE39E8-D47A-4559-A8E7-5766D4B949E0,SPARTA FACT 4T,8,Fact Sparta Rekap LHM,SSIS,2026-09-02 13:08:43.000,2026-09-02 13:37:14.000,1,Succeeded,1105920,"/ISSERVER ""\""\SSISDB\Project_Fact\DWH_LHM\Fact Rekap.dtsx\"""" /SERVER ""\"".\"""" /Par ""\""$ServerOption::LOGGING_LEVEL(Int16)\"""";1 /Par ""\""$ServerOption::SYNCHRONIZED(Boolean)\"""";True /CALLERINFO SQLAGENT /REPORTING E",TIME_OVERLAP_ONLY
1240840,Sequence_Table,Sequence_Table,Seq_BSIK_BSAK.dtsx,2026-09-02 20:32:53.5599343 +07:00,2026-09-02 20:33:27.7338839 +07:00,7,AFFCF0E6-37CA-42D7-8165-CB6EBE2EDB7E,Controllable Profit,4,STG to DWH,SSIS,2026-09-02 13:00:17.000,2026-09-02 13:51:04.000,1,Succeeded,1105926,"/ISSERVER ""\""\SSISDB\Controllable Profit\ControllableProfit\STG to DWH.dtsx\"""" /SERVER ""\""BGASVR-DWH-DEV\"""" /Par ""\""$ServerOption::LOGGING_LEVEL(Int16)\"""";1 /Par ""\""$ServerOption::SYNCHRONIZED(Boolean)\"""";True /CALLERINFO SQLAGENT /REPORTING E",TIME_OVERLAP_ONLY
1240840,Sequence_Table,Sequence_Table,Seq_BSIK_BSAK.dtsx,2026-09-02 20:32:53.5599343 +07:00,2026-09-02 20:33:27.7338839 +07:00,7,DE99768D-2EE9-43B7-999B-94D63699444F,SPARTA FACT,7,SSAS Lembur Mill,ANALYSISQUERY,2026-09-02 13:09:54.000,2026-09-02 13:35:37.000,1,Succeeded,1105918,"{   ""refresh"": {     ""type"": ""full"",     ""objects"": [       {         ""database"": ""LemburMill""       }     ]   } }",TIME_OVERLAP_ONLY
1240840,Sequence_Table,Sequence_Table,Seq_BSIK_BSAK.dtsx,2026-09-02 20:32:53.5599343 +07:00,2026-09-02 20:33:27.7338839 +07:00,7,5ECE39E8-D47A-4559-A8E7-5766D4B949E0,SPARTA FACT 4T,8,Fact Sparta Rekap LHM,SSIS,2026-09-02 13:08:43.000,2026-09-02 13:37:14.000,1,Succeeded,1105920,"/ISSERVER ""\""\SSISDB\Project_Fact\DWH_LHM\Fact Rekap.dtsx\"""" /SERVER ""\"".\"""" /Par ""\""$ServerOption::LOGGING_LEVEL(Int16)\"""";1 /Par ""\""$ServerOption::SYNCHRONIZED(Boolean)\"""";True /CALLERINFO SQLAGENT /REPORTING E",TIME_OVERLAP_ONLY
1240841,Sequence_Table,Sequence_Table,Seq_Staging_SAP_EHP8_BSIK_BSAK.dtsx,2026-09-02 20:33:30.1640235 +07:00,2026-09-02 20:33:34.7452973 +07:00,7,AFFCF0E6-37CA-42D7-8165-CB6EBE2EDB7E,Controllable Profit,4,STG to DWH,SSIS,2026-09-02 13:00:17.000,2026-09-02 13:51:04.000,1,Succeeded,1105926,"/ISSERVER ""\""\SSISDB\Controllable Profit\ControllableProfit\STG to DWH.dtsx\"""" /SERVER ""\""BGASVR-DWH-DEV\"""" /Par ""\""$ServerOption::LOGGING_LEVEL(Int16)\"""";1 /Par ""\""$ServerOption::SYNCHRONIZED(Boolean)\"""";True /CALLERINFO SQLAGENT /REPORTING E",TIME_OVERLAP_ONLY
1240841,Sequence_Table,Sequence_Table,Seq_Staging_SAP_EHP8_BSIK_BSAK.dtsx,2026-09-02 20:33:30.1640235 +07:00,2026-09-02 20:33:34.7452973 +07:00,7,DE99768D-2EE9-43B7-999B-94D63699444F,SPARTA FACT,7,SSAS Lembur Mill,ANALYSISQUERY,2026-09-02 13:09:54.000,2026-09-02 13:35:37.000,1,Succeeded,1105918,"{   ""refresh"": {     ""type"": ""full"",     ""objects"": [       {         ""database"": ""LemburMill""       }     ]   } }",TIME_OVERLAP_ONLY
1240841,Sequence_Table,Sequence_Table,Seq_Staging_SAP_EHP8_BSIK_BSAK.dtsx,2026-09-02 20:33:30.1640235 +07:00,2026-09-02 20:33:34.7452973 +07:00,7,5ECE39E8-D47A-4559-A8E7-5766D4B949E0,SPARTA FACT 4T,8,Fact Sparta Rekap LHM,SSIS,2026-09-02 13:08:43.000,2026-09-02 13:37:14.000,1,Succeeded,1105920,"/ISSERVER ""\""\SSISDB\Project_Fact\DWH_LHM\Fact Rekap.dtsx\"""" /SERVER ""\"".\"""" /Par ""\""$ServerOption::LOGGING_LEVEL(Int16)\"""";1 /Par ""\""$ServerOption::SYNCHRONIZED(Boolean)\"""";True /CALLERINFO SQLAGENT /REPORTING E",TIME_OVERLAP_ONLY
1240842,Sequence_Table,Sequence_Table,Seq_BSID_BSAD.dtsx,2026-09-02 20:33:37.2644274 +07:00,2026-09-02 20:34:15.4676190 +07:00,7,AFFCF0E6-37CA-42D7-8165-CB6EBE2EDB7E,Controllable Profit,4,STG to DWH,SSIS,2026-09-02 13:00:17.000,2026-09-02 13:51:04.000,1,Succeeded,1105926,"/ISSERVER ""\""\SSISDB\Controllable Profit\ControllableProfit\STG to DWH.dtsx\"""" /SERVER ""\""BGASVR-DWH-DEV\"""" /Par ""\""$ServerOption::LOGGING_LEVEL(Int16)\"""";1 /Par ""\""$ServerOption::SYNCHRONIZED(Boolean)\"""";True /CALLERINFO SQLAGENT /REPORTING E",TIME_OVERLAP_ONLY
1240842,Sequence_Table,Sequence_Table,Seq_BSID_BSAD.dtsx,2026-09-02 20:33:37.2644274 +07:00,2026-09-02 20:34:15.4676190 +07:00,7,DE99768D-2EE9-43B7-999B-94D63699444F,SPARTA FACT,7,SSAS Lembur Mill,ANALYSISQUERY,2026-09-02 13:09:54.000,2026-09-02 13:35:37.000,1,Succeeded,1105918,"{   ""refresh"": {     ""type"": ""full"",     ""objects"": [       {         ""database"": ""LemburMill""       }     ]   } }",TIME_OVERLAP_ONLY
1240842,Sequence_Table,Sequence_Table,Seq_BSID_BSAD.dtsx,2026-09-02 20:33:37.2644274 +07:00,2026-09-02 20:34:15.4676190 +07:00,7,5ECE39E8-D47A-4559-A8E7-5766D4B949E0,SPARTA FACT 4T,8,Fact Sparta Rekap LHM,SSIS,2026-09-02 13:08:43.000,2026-09-02 13:37:14.000,1,Succeeded,1105920,"/ISSERVER ""\""\SSISDB\Project_Fact\DWH_LHM\Fact Rekap.dtsx\"""" /SERVER ""\"".\"""" /Par ""\""$ServerOption::LOGGING_LEVEL(Int16)\"""";1 /Par ""\""$ServerOption::SYNCHRONIZED(Boolean)\"""";True /CALLERINFO SQLAGENT /REPORTING E",TIME_OVERLAP_ONLY
1240843,Sequence_Table,Sequence_Table,Seq_Staging_SAP_EHP8_BSID_BSAD.dtsx,2026-09-02 20:34:17.9117552 +07:00,2026-09-02 20:34:22.9480462 +07:00,7,AFFCF0E6-37CA-42D7-8165-CB6EBE2EDB7E,Controllable Profit,4,STG to DWH,SSIS,2026-09-02 13:00:17.000,2026-09-02 13:51:04.000,1,Succeeded,1105926,"/ISSERVER ""\""\SSISDB\Controllable Profit\ControllableProfit\STG to DWH.dtsx\"""" /SERVER ""\""BGASVR-DWH-DEV\"""" /Par ""\""$ServerOption::LOGGING_LEVEL(Int16)\"""";1 /Par ""\""$ServerOption::SYNCHRONIZED(Boolean)\"""";True /CALLERINFO SQLAGENT /REPORTING E",TIME_OVERLAP_ONLY
1240843,Sequence_Table,Sequence_Table,Seq_Staging_SAP_EHP8_BSID_BSAD.dtsx,2026-09-02 20:34:17.9117552 +07:00,2026-09-02 20:34:22.9480462 +07:00,7,DE99768D-2EE9-43B7-999B-94D63699444F,SPARTA FACT,7,SSAS Lembur Mill,ANALYSISQUERY,2026-09-02 13:09:54.000,2026-09-02 13:35:37.000,1,Succeeded,1105918,"{   ""refresh"": {     ""type"": ""full"",     ""objects"": [       {         ""database"": ""LemburMill""       }     ]   } }",TIME_OVERLAP_ONLY
1240843,Sequence_Table,Sequence_Table,Seq_Staging_SAP_EHP8_BSID_BSAD.dtsx,2026-09-02 20:34:17.9117552 +07:00,2026-09-02 20:34:22.9480462 +07:00,7,5ECE39E8-D47A-4559-A8E7-5766D4B949E0,SPARTA FACT 4T,8,Fact Sparta Rekap LHM,SSIS,2026-09-02 13:08:43.000,2026-09-02 13:37:14.000,1,Succeeded,1105920,"/ISSERVER ""\""\SSISDB\Project_Fact\DWH_LHM\Fact Rekap.dtsx\"""" /SERVER ""\"".\"""" /Par ""\""$ServerOption::LOGGING_LEVEL(Int16)\"""";1 /Par ""\""$ServerOption::SYNCHRONIZED(Boolean)\"""";True /CALLERINFO SQLAGENT /REPORTING E",TIME_OVERLAP_ONLY
1240844,Sequence_Table,Sequence_Table,Seq_BKPF.dtsx,2026-09-02 20:34:25.5231892 +07:00,2026-09-02 20:37:19.1911454 +07:00,7,AFFCF0E6-37CA-42D7-8165-CB6EBE2EDB7E,Controllable Profit,4,STG to DWH,SSIS,2026-09-02 13:00:17.000,2026-09-02 13:51:04.000,1,Succeeded,1105926,"/ISSERVER ""\""\SSISDB\Controllable Profit\ControllableProfit\STG to DWH.dtsx\"""" /SERVER ""\""BGASVR-DWH-DEV\"""" /Par ""\""$ServerOption::LOGGING_LEVEL(Int16)\"""";1 /Par ""\""$ServerOption::SYNCHRONIZED(Boolean)\"""";True /CALLERINFO SQLAGENT /REPORTING E",TIME_OVERLAP_ONLY
1240845,Sequence_Table,Sequence_Table,Seq_Staging_SAP_EHP8_BKPF.dtsx,2026-09-02 20:37:20.2031957 +07:00,2026-09-02 20:37:52.4980744 +07:00,7,AFFCF0E6-37CA-42D7-8165-CB6EBE2EDB7E,Controllable Profit,4,STG to DWH,SSIS,2026-09-02 13:00:17.000,2026-09-02 13:51:04.000,1,Succeeded,1105926,"/ISSERVER ""\""\SSISDB\Controllable Profit\ControllableProfit\STG to DWH.dtsx\"""" /SERVER ""\""BGASVR-DWH-DEV\"""" /Par ""\""$ServerOption::LOGGING_LEVEL(Int16)\"""";1 /Par ""\""$ServerOption::SYNCHRONIZED(Boolean)\"""";True /CALLERINFO SQLAGENT /REPORTING E",TIME_OVERLAP_ONLY
1240845,Sequence_Table,Sequence_Table,Seq_Staging_SAP_EHP8_BKPF.dtsx,2026-09-02 20:37:20.2031957 +07:00,2026-09-02 20:37:52.4980744 +07:00,7,DE99768D-2EE9-43B7-999B-94D63699444F,SPARTA FACT,9,SSAS Premi Panen,ANALYSISQUERY,2026-09-02 13:36:38.000,2026-09-02 13:44:46.000,1,Succeeded,1105922,"{   ""refresh"": {     ""type"": ""full"",     ""objects"": [       {         ""database"": ""Premi Panen""       }     ]   } }",TIME_OVERLAP_ONLY
1240846,Project_Fact,AWL,Staging.dtsx,2026-09-02 21:05:00.8212930 +07:00,2026-09-02 21:09:07.1604028 +07:00,7,DE99768D-2EE9-43B7-999B-94D63699444F,SPARTA FACT,11,SSAS Dashboard Jurnal Payroll,ANALYSISQUERY,2026-09-02 13:48:28.000,2026-09-02 14:10:37.000,1,Succeeded,1105929,"{   ""refresh"": {     ""type"": ""full"",     ""objects"": [       {         ""database"": ""JournalPayroll""       }     ]   } } ",TIME_OVERLAP_ONLY
1240846,Project_Fact,AWL,Staging.dtsx,2026-09-02 21:05:00.8212930 +07:00,2026-09-02 21:09:07.1604028 +07:00,7,1225ADC7-FF0D-402D-BAEA-A97F7FC50CB1,AWL,1,Staging,SSIS,2026-09-02 14:05:00.000,2026-09-02 14:13:48.000,1,Succeeded,1105931,"/ISSERVER ""\""\SSISDB\Project_Fact\AWL\Staging.dtsx\"""" /SERVER ""\"".\"""" /X86 /Par ""\""$ServerOption::LOGGING_LEVEL(Int16)\"""";1 /Par ""\""$ServerOption::SYNCHRONIZED(Boolean)\"""";True /CALLERINFO SQLAGENT /REPORTING E",STRONG_NAME_OR_COMMAND_MATCH
1240847,Project_Fact,AWL,Fact.dtsx,2026-09-02 21:09:08.3944749 +07:00,2026-09-02 21:09:10.5895963 +07:00,7,1225ADC7-FF0D-402D-BAEA-A97F7FC50CB1,AWL,1,Staging,SSIS,2026-09-02 14:05:00.000,2026-09-02 14:13:48.000,1,Succeeded,1105931,"/ISSERVER ""\""\SSISDB\Project_Fact\AWL\Staging.dtsx\"""" /SERVER ""\"".\"""" /X86 /Par ""\""$ServerOption::LOGGING_LEVEL(Int16)\"""";1 /Par ""\""$ServerOption::SYNCHRONIZED(Boolean)\"""";True /CALLERINFO SQLAGENT /REPORTING E",TIME_OVERLAP_ONLY
1240847,Project_Fact,AWL,Fact.dtsx,2026-09-02 21:09:08.3944749 +07:00,2026-09-02 21:09:10.5895963 +07:00,7,DE99768D-2EE9-43B7-999B-94D63699444F,SPARTA FACT,11,SSAS Dashboard Jurnal Payroll,ANALYSISQUERY,2026-09-02 13:48:28.000,2026-09-02 14:10:37.000,1,Succeeded,1105929,"{   ""refresh"": {     ""type"": ""full"",     ""objects"": [       {         ""database"": ""JournalPayroll""       }     ]   } } ",TIME_OVERLAP_ONLY
1240848,Project_Fact,AWL,AWL_Warning.dtsx,2026-09-02 21:09:13.3807562 +07:00,2026-09-02 21:09:14.7438344 +07:00,7,1225ADC7-FF0D-402D-BAEA-A97F7FC50CB1,AWL,1,Staging,SSIS,2026-09-02 14:05:00.000,2026-09-02 14:13:48.000,1,Succeeded,1105931,"/ISSERVER ""\""\SSISDB\Project_Fact\AWL\Staging.dtsx\"""" /SERVER ""\"".\"""" /X86 /Par ""\""$ServerOption::LOGGING_LEVEL(Int16)\"""";1 /Par ""\""$ServerOption::SYNCHRONIZED(Boolean)\"""";True /CALLERINFO SQLAGENT /REPORTING E",TIME_OVERLAP_ONLY
1240848,Project_Fact,AWL,AWL_Warning.dtsx,2026-09-02 21:09:13.3807562 +07:00,2026-09-02 21:09:14.7438344 +07:00,7,DE99768D-2EE9-43B7-999B-94D63699444F,SPARTA FACT,11,SSAS Dashboard Jurnal Payroll,ANALYSISQUERY,2026-09-02 13:48:28.000,2026-09-02 14:10:37.000,1,Succeeded,1105929,"{   ""refresh"": {     ""type"": ""full"",     ""objects"": [       {         ""database"": ""JournalPayroll""       }     ]   } } ",TIME_OVERLAP_ONLY
1240858,MR,SSISMR,DWH_SMALLERTABLES.dtsx,2026-09-02 23:30:00.3924942 +07:00,2026-09-02 23:33:41.2701386 +07:00,7,FE9026B2-F82D-40D6-B45D-FC7BF486816F,SEQUENCE_TABLE_SAP_BSIS_BSAS_BSIK_BSAK_BSID_BSAD_BKPF,1,Seq BSIS_BSAS,SSIS,2026-09-02 16:30:00.000,2026-09-02 16:34:17.000,1,Succeeded,1105946,"/ISSERVER ""\""\SSISDB\Sequence_Table\Sequence_Table\Seq_BSIS_BSAS.dtsx\"""" /SERVER ""\"".\"""" /Par ""\""$ServerOption::LOGGING_LEVEL(Int16)\"""";1 /Par ""\""$ServerOption::SYNCHRONIZED(Boolean)\"""";True /CALLERINFO SQLAGENT /REPORTING E",TIME_OVERLAP_ONLY
1240867,SummaryPL,Summary PL Project,dim_company.dtsx,2026-09-03 00:00:23.8389097 +07:00,2026-09-03 00:00:35.2755647 +07:00,7,3E69F060-FAEE-453B-AA27-1C4CBC5DE307,MONITORING_CAPEX,3,Monitoring Capex,SSIS,2026-09-02 17:00:07.000,2026-09-02 17:05:12.000,1,Succeeded,1105957,"/ISSERVER ""\""\SSISDB\Project_Fact\DWH_SMALLER_FACT\FACT_MONITORING_CAPEX.dtsx\"""" /SERVER ""\"".\"""" /X86 /Par ""\""$ServerOption::LOGGING_LEVEL(Int16)\"""";1 /Par ""\""$ServerOption::SYNCHRONIZED(Boolean)\"""";True /CALLERINFO SQLAGENT /REPORTING E",TIME_OVERLAP_ONLY
1240868,SAP_to_STG_MR,SAP to STG MR,MR BAL SAP to STG.dtsx,2026-09-03 00:00:23.8669179 +07:00,2026-09-03 00:00:38.7047608 +07:00,7,3E69F060-FAEE-453B-AA27-1C4CBC5DE307,MONITORING_CAPEX,3,Monitoring Capex,SSIS,2026-09-02 17:00:07.000,2026-09-02 17:05:12.000,1,Succeeded,1105957,"/ISSERVER ""\""\SSISDB\Project_Fact\DWH_SMALLER_FACT\FACT_MONITORING_CAPEX.dtsx\"""" /SERVER ""\"".\"""" /X86 /Par ""\""$ServerOption::LOGGING_LEVEL(Int16)\"""";1 /Par ""\""$ServerOption::SYNCHRONIZED(Boolean)\"""";True /CALLERINFO SQLAGENT /REPORTING E",TIME_OVERLAP_ONLY
1240869,SummaryPL,Summary PL Project,fact_summary_pl.dtsx,2026-09-03 00:00:37.1396710 +07:00,2026-09-03 00:00:48.8103393 +07:00,7,3E69F060-FAEE-453B-AA27-1C4CBC5DE307,MONITORING_CAPEX,3,Monitoring Capex,SSIS,2026-09-02 17:00:07.000,2026-09-02 17:05:12.000,1,Succeeded,1105957,"/ISSERVER ""\""\SSISDB\Project_Fact\DWH_SMALLER_FACT\FACT_MONITORING_CAPEX.dtsx\"""" /SERVER ""\"".\"""" /X86 /Par ""\""$ServerOption::LOGGING_LEVEL(Int16)\"""";1 /Par ""\""$ServerOption::SYNCHRONIZED(Boolean)\"""";True /CALLERINFO SQLAGENT /REPORTING E",TIME_OVERLAP_ONLY
1240870,SummaryPL,Summary PL Project,dim_code_ebitda.dtsx,2026-09-03 00:00:51.3154869 +07:00,2026-09-03 00:01:06.7513700 +07:00,7,3E69F060-FAEE-453B-AA27-1C4CBC5DE307,MONITORING_CAPEX,3,Monitoring Capex,SSIS,2026-09-02 17:00:07.000,2026-09-02 17:05:12.000,1,Succeeded,1105957,"/ISSERVER ""\""\SSISDB\Project_Fact\DWH_SMALLER_FACT\FACT_MONITORING_CAPEX.dtsx\"""" /SERVER ""\"".\"""" /X86 /Par ""\""$ServerOption::LOGGING_LEVEL(Int16)\"""";1 /Par ""\""$ServerOption::SYNCHRONIZED(Boolean)\"""";True /CALLERINFO SQLAGENT /REPORTING E",TIME_OVERLAP_ONLY
1240871,SummaryPL,Summary PL Project,fact_ebitda.dtsx,2026-09-03 00:01:12.4996942 +07:00,2026-09-03 00:01:33.0858767 +07:00,7,3E69F060-FAEE-453B-AA27-1C4CBC5DE307,MONITORING_CAPEX,3,Monitoring Capex,SSIS,2026-09-02 17:00:07.000,2026-09-02 17:05:12.000,1,Succeeded,1105957,"/ISSERVER ""\""\SSISDB\Project_Fact\DWH_SMALLER_FACT\FACT_MONITORING_CAPEX.dtsx\"""" /SERVER ""\"".\"""" /X86 /Par ""\""$ServerOption::LOGGING_LEVEL(Int16)\"""";1 /Par ""\""$ServerOption::SYNCHRONIZED(Boolean)\"""";True /CALLERINFO SQLAGENT /REPORTING E",TIME_OVERLAP_ONLY
1240873,COGS,COGS,dim_cogs_measure.dtsx,2026-09-03 00:04:54.1543882 +07:00,2026-09-03 00:04:59.6977041 +07:00,7,3E69F060-FAEE-453B-AA27-1C4CBC5DE307,MONITORING_CAPEX,3,Monitoring Capex,SSIS,2026-09-02 17:00:07.000,2026-09-02 17:05:12.000,1,Succeeded,1105957,"/ISSERVER ""\""\SSISDB\Project_Fact\DWH_SMALLER_FACT\FACT_MONITORING_CAPEX.dtsx\"""" /SERVER ""\"".\"""" /X86 /Par ""\""$ServerOption::LOGGING_LEVEL(Int16)\"""";1 /Par ""\""$ServerOption::SYNCHRONIZED(Boolean)\"""";True /CALLERINFO SQLAGENT /REPORTING E",TIME_OVERLAP_ONLY
1240875,Project_Fact,AWL,Staging.dtsx,2026-09-03 00:05:01.5018070 +07:00,2026-09-03 00:09:07.9309234 +07:00,7,1225ADC7-FF0D-402D-BAEA-A97F7FC50CB1,AWL,1,Staging,SSIS,2026-09-02 17:05:00.000,2026-09-02 17:09:14.000,1,Succeeded,1105959,"/ISSERVER ""\""\SSISDB\Project_Fact\AWL\Staging.dtsx\"""" /SERVER ""\"".\"""" /X86 /Par ""\""$ServerOption::LOGGING_LEVEL(Int16)\"""";1 /Par ""\""$ServerOption::SYNCHRONIZED(Boolean)\"""";True /CALLERINFO SQLAGENT /REPORTING E",STRONG_NAME_OR_COMMAND_MATCH
1240876,COGS,COGS,dim_company.dtsx,2026-09-03 00:05:02.8998923 +07:00,2026-09-03 00:05:09.1472464 +07:00,7,1225ADC7-FF0D-402D-BAEA-A97F7FC50CB1,AWL,1,Staging,SSIS,2026-09-02 17:05:00.000,2026-09-02 17:09:14.000,1,Succeeded,1105959,"/ISSERVER ""\""\SSISDB\Project_Fact\AWL\Staging.dtsx\"""" /SERVER ""\"".\"""" /X86 /Par ""\""$ServerOption::LOGGING_LEVEL(Int16)\"""";1 /Par ""\""$ServerOption::SYNCHRONIZED(Boolean)\"""";True /CALLERINFO SQLAGENT /REPORTING E",TIME_OVERLAP_ONLY
1240876,COGS,COGS,dim_company.dtsx,2026-09-03 00:05:02.8998923 +07:00,2026-09-03 00:05:09.1472464 +07:00,7,3E69F060-FAEE-453B-AA27-1C4CBC5DE307,MONITORING_CAPEX,3,Monitoring Capex,SSIS,2026-09-02 17:00:07.000,2026-09-02 17:05:12.000,1,Succeeded,1105957,"/ISSERVER ""\""\SSISDB\Project_Fact\DWH_SMALLER_FACT\FACT_MONITORING_CAPEX.dtsx\"""" /SERVER ""\"".\"""" /X86 /Par ""\""$ServerOption::LOGGING_LEVEL(Int16)\"""";1 /Par ""\""$ServerOption::SYNCHRONIZED(Boolean)\"""";True /CALLERINFO SQLAGENT /REPORTING E",TIME_OVERLAP_ONLY
1240877,COGS,COGS,dim_report_cogs.dtsx,2026-09-03 00:05:12.2184238 +07:00,2026-09-03 00:05:14.2665396 +07:00,7,1225ADC7-FF0D-402D-BAEA-A97F7FC50CB1,AWL,1,Staging,SSIS,2026-09-02 17:05:00.000,2026-09-02 17:09:14.000,1,Succeeded,1105959,"/ISSERVER ""\""\SSISDB\Project_Fact\AWL\Staging.dtsx\"""" /SERVER ""\"".\"""" /X86 /Par ""\""$ServerOption::LOGGING_LEVEL(Int16)\"""";1 /Par ""\""$ServerOption::SYNCHRONIZED(Boolean)\"""";True /CALLERINFO SQLAGENT /REPORTING E",TIME_OVERLAP_ONLY
1240878,COGS,COGS,fact_cogs.dtsx,2026-09-03 00:05:14.7985734 +07:00,2026-09-03 00:05:17.7647393 +07:00,7,1225ADC7-FF0D-402D-BAEA-A97F7FC50CB1,AWL,1,Staging,SSIS,2026-09-02 17:05:00.000,2026-09-02 17:09:14.000,1,Succeeded,1105959,"/ISSERVER ""\""\SSISDB\Project_Fact\AWL\Staging.dtsx\"""" /SERVER ""\"".\"""" /X86 /Par ""\""$ServerOption::LOGGING_LEVEL(Int16)\"""";1 /Par ""\""$ServerOption::SYNCHRONIZED(Boolean)\"""";True /CALLERINFO SQLAGENT /REPORTING E",TIME_OVERLAP_ONLY
1240909,MR,SSISMR,DWH-COEP.dtsx,2026-09-03 01:00:01.0377639 +07:00,2026-09-03 01:03:45.4596144 +07:00,7,4405D861-AE6C-4CD7-8E9B-33591EE6C9F8,SEQUENCE_TABLE_SPARTA_4T,1,SEQ_STAGING_SPARTA_4T,SSIS,2026-09-02 18:00:00.000,2026-09-02 18:08:24.000,1,Succeeded,1105963,"/ISSERVER ""\""\SSISDB\Sequence_Table\Sequence_Table\Seq_Staging_SPARTA_4T.dtsx\"""" /SERVER ""\"".\"""" /Par ""\""$ServerOption::LOGGING_LEVEL(Int16)\"""";1 /Par ""\""$ServerOption::SYNCHRONIZED(Boolean)\"""";True /CALLERINFO SQLAGENT /REPORTING E",TIME_OVERLAP_ONLY
1240908,MR,SSISMR,DWH_ZVT_MSEGPF.dtsx,2026-09-03 01:00:01.0667660 +07:00,2026-09-03 01:02:07.6570150 +07:00,7,4405D861-AE6C-4CD7-8E9B-33591EE6C9F8,SEQUENCE_TABLE_SPARTA_4T,1,SEQ_STAGING_SPARTA_4T,SSIS,2026-09-02 18:00:00.000,2026-09-02 18:08:24.000,1,Succeeded,1105963,"/ISSERVER ""\""\SSISDB\Sequence_Table\Sequence_Table\Seq_Staging_SPARTA_4T.dtsx\"""" /SERVER ""\"".\"""" /Par ""\""$ServerOption::LOGGING_LEVEL(Int16)\"""";1 /Par ""\""$ServerOption::SYNCHRONIZED(Boolean)\"""";True /CALLERINFO SQLAGENT /REPORTING E",TIME_OVERLAP_ONLY
1240912,Project_Fact,AWL,Staging.dtsx,2026-09-03 01:05:01.0159469 +07:00,2026-09-03 01:09:39.9629176 +07:00,7,1225ADC7-FF0D-402D-BAEA-A97F7FC50CB1,AWL,1,Staging,SSIS,2026-09-02 18:05:00.000,2026-09-02 18:09:44.000,1,Succeeded,1105964,"/ISSERVER ""\""\SSISDB\Project_Fact\AWL\Staging.dtsx\"""" /SERVER ""\"".\"""" /X86 /Par ""\""$ServerOption::LOGGING_LEVEL(Int16)\"""";1 /Par ""\""$ServerOption::SYNCHRONIZED(Boolean)\"""";True /CALLERINFO SQLAGENT /REPORTING E",STRONG_NAME_OR_COMMAND_MATCH
1240913,Project_Fact,AWL,Fact.dtsx,2026-09-03 01:09:42.7950821 +07:00,2026-09-03 01:10:16.4550062 +07:00,7,4405D861-AE6C-4CD7-8E9B-33591EE6C9F8,SEQUENCE_TABLE_SPARTA_4T,2,CREATE TABLE FORMAT BPS,TSQL,2026-09-02 18:08:24.000,2026-09-02 18:16:23.000,1,Succeeded,1105968,"--SPB BLOK-- DROP TABLE DWH_STG.stg.SPARTA_SPB_BLOK  SELECT * INTO DWH_STG.stg.SPARTA_SPB_BLOK FROM DWH_STG.dbo.V_SPARTA_SPB_BLOK   --SPB-- DROP TABLE DWH_STG.stg.SPARTA_SPB  SELECT * INTO DWH_STG.stg.SPARTA_SPB FROM DWH_STG.dbo.V_SPARTA_SPB ",TIME_OVERLAP_ONLY
1240914,Project_Fact,AWL,AWL_Warning.dtsx,2026-09-03 01:10:21.0362718 +07:00,2026-09-03 01:10:25.0254977 +07:00,7,4405D861-AE6C-4CD7-8E9B-33591EE6C9F8,SEQUENCE_TABLE_SPARTA_4T,2,CREATE TABLE FORMAT BPS,TSQL,2026-09-02 18:08:24.000,2026-09-02 18:16:23.000,1,Succeeded,1105968,"--SPB BLOK-- DROP TABLE DWH_STG.stg.SPARTA_SPB_BLOK  SELECT * INTO DWH_STG.stg.SPARTA_SPB_BLOK FROM DWH_STG.dbo.V_SPARTA_SPB_BLOK   --SPB-- DROP TABLE DWH_STG.stg.SPARTA_SPB  SELECT * INTO DWH_STG.stg.SPARTA_SPB FROM DWH_STG.dbo.V_SPARTA_SPB ",TIME_OVERLAP_ONLY
1240916,Project_Fact,SPARTA_PROJECT,FACT_SPARTA_MONITORING_INPUT.dtsx,2026-09-03 01:20:37.6985928 +07:00,2026-09-03 01:21:07.1342664 +07:00,7,B37FB395-F8FE-410F-BD05-0159C3640595,Daily Opr - Produksi TBS,5,Fact Monitoring TBS,SSIS,2026-09-02 18:16:41.000,2026-09-02 18:31:55.000,1,Succeeded,1105987,"/ISSERVER ""\""\SSISDB\Project_Fact\DAILY_DASHBOARD_PROJECT\FACT_DD_TBS.dtsx\"""" /SERVER ""\"".\"""" /Par ""\""$ServerOption::LOGGING_LEVEL(Int16)\"""";1 /Par ""\""$ServerOption::SYNCHRONIZED(Boolean)\"""";True /CALLERINFO SQLAGENT /REPORTING E",TIME_OVERLAP_ONLY
1240916,Project_Fact,SPARTA_PROJECT,FACT_SPARTA_MONITORING_INPUT.dtsx,2026-09-03 01:20:37.6985928 +07:00,2026-09-03 01:21:07.1342664 +07:00,7,34DE8AEE-46BD-45E9-B0B2-D068006FBBF5,Premi dan Lembur,1,DWH_STG to DWH_DM,SSIS,2026-09-02 18:16:23.000,2026-09-02 18:43:17.000,1,Succeeded,1105997,"/ISSERVER ""\""\SSISDB\Project_Fact\premi dan lembur monitoring\DWH_STG to DWH_DM.dtsx\"""" /SERVER ""\""BGASVR-DWH-DEV\"""" /Par ""\""$ServerOption::LOGGING_LEVEL(Int16)\"""";1 /Par ""\""$ServerOption::SYNCHRONIZED(Boolean)\"""";True /CALLERINFO SQLAGENT /REPORTING E",TIME_OVERLAP_ONLY
1240916,Project_Fact,SPARTA_PROJECT,FACT_SPARTA_MONITORING_INPUT.dtsx,2026-09-03 01:20:37.6985928 +07:00,2026-09-03 01:21:07.1342664 +07:00,7,5ECE39E8-D47A-4559-A8E7-5766D4B949E0,SPARTA FACT 4T,4,Fact Sparta LHA,SSIS,2026-09-02 18:17:10.000,2026-09-02 18:45:01.000,1,Succeeded,1105998,"/ISSERVER ""\""\SSISDB\Project_Fact\SPARTA_PROJECT\FACT_SPARTA_LHA_NEW.dtsx\"""" /SERVER ""\"".\"""" /Par ""\""$ServerOption::LOGGING_LEVEL(Int16)\"""";1 /Par ""\""$ServerOption::SYNCHRONIZED(Boolean)\"""";True /CALLERINFO SQLAGENT /REPORTING E",TIME_OVERLAP_ONLY
1240917,Project_Fact,Risk Mitigasi Payroll,STG to DWH.dtsx,2026-09-03 01:21:09.2533924 +07:00,2026-09-03 01:22:47.0749936 +07:00,7,B37FB395-F8FE-410F-BD05-0159C3640595,Daily Opr - Produksi TBS,5,Fact Monitoring TBS,SSIS,2026-09-02 18:16:41.000,2026-09-02 18:31:55.000,1,Succeeded,1105987,"/ISSERVER ""\""\SSISDB\Project_Fact\DAILY_DASHBOARD_PROJECT\FACT_DD_TBS.dtsx\"""" /SERVER ""\"".\"""" /Par ""\""$ServerOption::LOGGING_LEVEL(Int16)\"""";1 /Par ""\""$ServerOption::SYNCHRONIZED(Boolean)\"""";True /CALLERINFO SQLAGENT /REPORTING E",TIME_OVERLAP_ONLY
1240917,Project_Fact,Risk Mitigasi Payroll,STG to DWH.dtsx,2026-09-03 01:21:09.2533924 +07:00,2026-09-03 01:22:47.0749936 +07:00,7,34DE8AEE-46BD-45E9-B0B2-D068006FBBF5,Premi dan Lembur,1,DWH_STG to DWH_DM,SSIS,2026-09-02 18:16:23.000,2026-09-02 18:43:17.000,1,Succeeded,1105997,"/ISSERVER ""\""\SSISDB\Project_Fact\premi dan lembur monitoring\DWH_STG to DWH_DM.dtsx\"""" /SERVER ""\""BGASVR-DWH-DEV\"""" /Par ""\""$ServerOption::LOGGING_LEVEL(Int16)\"""";1 /Par ""\""$ServerOption::SYNCHRONIZED(Boolean)\"""";True /CALLERINFO SQLAGENT /REPORTING E",TIME_OVERLAP_ONLY
1240917,Project_Fact,Risk Mitigasi Payroll,STG to DWH.dtsx,2026-09-03 01:21:09.2533924 +07:00,2026-09-03 01:22:47.0749936 +07:00,7,5ECE39E8-D47A-4559-A8E7-5766D4B949E0,SPARTA FACT 4T,4,Fact Sparta LHA,SSIS,2026-09-02 18:17:10.000,2026-09-02 18:45:01.000,1,Succeeded,1105998,"/ISSERVER ""\""\SSISDB\Project_Fact\SPARTA_PROJECT\FACT_SPARTA_LHA_NEW.dtsx\"""" /SERVER ""\"".\"""" /Par ""\""$ServerOption::LOGGING_LEVEL(Int16)\"""";1 /Par ""\""$ServerOption::SYNCHRONIZED(Boolean)\"""";True /CALLERINFO SQLAGENT /REPORTING E",TIME_OVERLAP_ONLY
1240927,Project_Fact,DWH_TURNOVER_NON_STAFF_BGA,Staging Non Staff.dtsx,2026-09-03 03:00:01.0336798 +07:00,2026-09-03 03:00:04.0722685 +07:00,7,0065998F-70D7-480E-9B20-CFA4521501E0,MONITORING_TICKET_WB,1,Staging SAP 8,SSIS,2026-09-02 20:00:00.000,2026-09-02 20:00:08.000,1,Succeeded,1106015,"/ISSERVER ""\""\SSISDB\Project_Fact\MONITORING_TICKET_WB\STAGING SAP8.dtsx\"""" /SERVER ""\"".\"""" /Par ""\""$ServerOption::LOGGING_LEVEL(Int16)\"""";1 /Par ""\""$ServerOption::SYNCHRONIZED(Boolean)\"""";True /CALLERINFO SQLAGENT /REPORTING E",TIME_OVERLAP_ONLY
1240929,Project_Fact,BIAYA_UMUM_PER_COST_ELEMENT,Mapping Biaya Umum per Komponen.dtsx,2026-09-03 03:00:01.0826913 +07:00,2026-09-03 03:00:04.5203507 +07:00,7,0065998F-70D7-480E-9B20-CFA4521501E0,MONITORING_TICKET_WB,1,Staging SAP 8,SSIS,2026-09-02 20:00:00.000,2026-09-02 20:00:08.000,1,Succeeded,1106015,"/ISSERVER ""\""\SSISDB\Project_Fact\MONITORING_TICKET_WB\STAGING SAP8.dtsx\"""" /SERVER ""\"".\"""" /Par ""\""$ServerOption::LOGGING_LEVEL(Int16)\"""";1 /Par ""\""$ServerOption::SYNCHRONIZED(Boolean)\"""";True /CALLERINFO SQLAGENT /REPORTING E",TIME_OVERLAP_ONLY
1240928,Project_Fact,DWH_GIP,Staging.dtsx,2026-09-03 03:00:01.0996946 +07:00,2026-09-03 03:00:03.5291582 +07:00,7,0065998F-70D7-480E-9B20-CFA4521501E0,MONITORING_TICKET_WB,1,Staging SAP 8,SSIS,2026-09-02 20:00:00.000,2026-09-02 20:00:08.000,1,Succeeded,1106015,"/ISSERVER ""\""\SSISDB\Project_Fact\MONITORING_TICKET_WB\STAGING SAP8.dtsx\"""" /SERVER ""\"".\"""" /Par ""\""$ServerOption::LOGGING_LEVEL(Int16)\"""";1 /Par ""\""$ServerOption::SYNCHRONIZED(Boolean)\"""";True /CALLERINFO SQLAGENT /REPORTING E",TIME_OVERLAP_ONLY
1240932,Project_Fact,BIAYA_UMUM_PER_COST_ELEMENT,Dimensi Biaya Umum.dtsx,2026-09-03 03:00:08.8281766 +07:00,2026-09-03 03:00:10.2534491 +07:00,7,0065998F-70D7-480E-9B20-CFA4521501E0,MONITORING_TICKET_WB,2,Staging,SSIS,2026-09-02 20:00:08.000,2026-09-02 20:01:32.000,1,Succeeded,1106016,"/ISSERVER ""\""\SSISDB\Project_Fact\MONITORING_TICKET_WB\STAGING.dtsx\"""" /SERVER ""\"".\"""" /X86 /Par ""\""$ServerOption::LOGGING_LEVEL(Int16)\"""";1 /Par ""\""$ServerOption::SYNCHRONIZED(Boolean)\"""";True /CALLERINFO SQLAGENT /REPORTING E",TIME_OVERLAP_ONLY
1240938,Project_Fact,AWL,Staging.dtsx,2026-09-03 03:05:01.0961997 +07:00,2026-09-03 03:07:37.3881661 +07:00,7,1225ADC7-FF0D-402D-BAEA-A97F7FC50CB1,AWL,1,Staging,SSIS,2026-09-02 20:05:00.000,2026-09-02 20:09:29.000,1,Succeeded,1106021,"/ISSERVER ""\""\SSISDB\Project_Fact\AWL\Staging.dtsx\"""" /SERVER ""\"".\"""" /X86 /Par ""\""$ServerOption::LOGGING_LEVEL(Int16)\"""";1 /Par ""\""$ServerOption::SYNCHRONIZED(Boolean)\"""";True /CALLERINFO SQLAGENT /REPORTING E",STRONG_NAME_OR_COMMAND_MATCH
1240939,Project_Fact,AWL,Fact.dtsx,2026-09-03 03:07:41.6696282 +07:00,2026-09-03 03:07:45.4090343 +07:00,7,1225ADC7-FF0D-402D-BAEA-A97F7FC50CB1,AWL,1,Staging,SSIS,2026-09-02 20:05:00.000,2026-09-02 20:09:29.000,1,Succeeded,1106021,"/ISSERVER ""\""\SSISDB\Project_Fact\AWL\Staging.dtsx\"""" /SERVER ""\"".\"""" /X86 /Par ""\""$ServerOption::LOGGING_LEVEL(Int16)\"""";1 /Par ""\""$ServerOption::SYNCHRONIZED(Boolean)\"""";True /CALLERINFO SQLAGENT /REPORTING E",TIME_OVERLAP_ONLY
1240940,Project_Fact,AWL,AWL_Warning.dtsx,2026-09-03 03:07:49.6844977 +07:00,2026-09-03 03:07:51.9147406 +07:00,7,1225ADC7-FF0D-402D-BAEA-A97F7FC50CB1,AWL,1,Staging,SSIS,2026-09-02 20:05:00.000,2026-09-02 20:09:29.000,1,Succeeded,1106021,"/ISSERVER ""\""\SSISDB\Project_Fact\AWL\Staging.dtsx\"""" /SERVER ""\"".\"""" /X86 /Par ""\""$ServerOption::LOGGING_LEVEL(Int16)\"""";1 /Par ""\""$ServerOption::SYNCHRONIZED(Boolean)\"""";True /CALLERINFO SQLAGENT /REPORTING E",TIME_OVERLAP_ONLY
1240945,Project_Fact,MILL_COST_PROJECT,STG_FOR_DIM_MILL_COST.dtsx,2026-09-03 03:30:01.3998697 +07:00,2026-09-03 03:30:03.0209628 +07:00,7,FE9026B2-F82D-40D6-B45D-FC7BF486816F,SEQUENCE_TABLE_SAP_BSIS_BSAS_BSIK_BSAK_BSID_BSAD_BKPF,1,Seq BSIS_BSAS,SSIS,2026-09-02 20:30:00.000,2026-09-02 20:32:40.000,1,Succeeded,1106025,"/ISSERVER ""\""\SSISDB\Sequence_Table\Sequence_Table\Seq_BSIS_BSAS.dtsx\"""" /SERVER ""\"".\"""" /Par ""\""$ServerOption::LOGGING_LEVEL(Int16)\"""";1 /Par ""\""$ServerOption::SYNCHRONIZED(Boolean)\"""";True /CALLERINFO SQLAGENT /REPORTING E",TIME_OVERLAP_ONLY
1240971,Project_Fact,AWL,Staging.dtsx,2026-09-03 05:05:00.6952528 +07:00,2026-09-03 05:08:32.7943988 +07:00,7,1225ADC7-FF0D-402D-BAEA-A97F7FC50CB1,AWL,1,Staging,SSIS,2026-09-02 22:05:00.000,2026-09-02 22:13:36.000,1,Succeeded,1106038,"/ISSERVER ""\""\SSISDB\Project_Fact\AWL\Staging.dtsx\"""" /SERVER ""\"".\"""" /X86 /Par ""\""$ServerOption::LOGGING_LEVEL(Int16)\"""";1 /Par ""\""$ServerOption::SYNCHRONIZED(Boolean)\"""";True /CALLERINFO SQLAGENT /REPORTING E",STRONG_NAME_OR_COMMAND_MATCH
1240972,Project_Fact,AWL,Fact.dtsx,2026-09-03 05:08:35.1695403 +07:00,2026-09-03 05:08:41.7519115 +07:00,7,1225ADC7-FF0D-402D-BAEA-A97F7FC50CB1,AWL,1,Staging,SSIS,2026-09-02 22:05:00.000,2026-09-02 22:13:36.000,1,Succeeded,1106038,"/ISSERVER ""\""\SSISDB\Project_Fact\AWL\Staging.dtsx\"""" /SERVER ""\"".\"""" /X86 /Par ""\""$ServerOption::LOGGING_LEVEL(Int16)\"""";1 /Par ""\""$ServerOption::SYNCHRONIZED(Boolean)\"""";True /CALLERINFO SQLAGENT /REPORTING E",TIME_OVERLAP_ONLY
1240973,Project_Fact,AWL,AWL_Warning.dtsx,2026-09-03 05:08:42.6679633 +07:00,2026-09-03 05:08:44.0460483 +07:00,7,1225ADC7-FF0D-402D-BAEA-A97F7FC50CB1,AWL,1,Staging,SSIS,2026-09-02 22:05:00.000,2026-09-02 22:13:36.000,1,Succeeded,1106038,"/ISSERVER ""\""\SSISDB\Project_Fact\AWL\Staging.dtsx\"""" /SERVER ""\"".\"""" /X86 /Par ""\""$ServerOption::LOGGING_LEVEL(Int16)\"""";1 /Par ""\""$ServerOption::SYNCHRONIZED(Boolean)\"""";True /CALLERINFO SQLAGENT /REPORTING E",TIME_OVERLAP_ONLY
1240974,Project_Fact,Blok Manuring System,FACT_BJR.dtsx,2026-09-03 05:10:00.7474376 +07:00,2026-09-03 05:10:05.2826902 +07:00,7,1225ADC7-FF0D-402D-BAEA-A97F7FC50CB1,AWL,1,Staging,SSIS,2026-09-02 22:05:00.000,2026-09-02 22:13:36.000,1,Succeeded,1106038,"/ISSERVER ""\""\SSISDB\Project_Fact\AWL\Staging.dtsx\"""" /SERVER ""\"".\"""" /X86 /Par ""\""$ServerOption::LOGGING_LEVEL(Int16)\"""";1 /Par ""\""$ServerOption::SYNCHRONIZED(Boolean)\"""";True /CALLERINFO SQLAGENT /REPORTING E",TIME_OVERLAP_ONLY
1240975,Project_Fact,Blok Manuring System,FACT_BMS.dtsx,2026-09-03 05:10:09.2569186 +07:00,2026-09-03 05:10:24.0077626 +07:00,7,1225ADC7-FF0D-402D-BAEA-A97F7FC50CB1,AWL,1,Staging,SSIS,2026-09-02 22:05:00.000,2026-09-02 22:13:36.000,1,Succeeded,1106038,"/ISSERVER ""\""\SSISDB\Project_Fact\AWL\Staging.dtsx\"""" /SERVER ""\"".\"""" /X86 /Par ""\""$ServerOption::LOGGING_LEVEL(Int16)\"""";1 /Par ""\""$ServerOption::SYNCHRONIZED(Boolean)\"""";True /CALLERINFO SQLAGENT /REPORTING E",TIME_OVERLAP_ONLY
1240985,Project_Fact,Bearer_Plant,DWH_DIM_BEARER_PLANT.dtsx,2026-09-03 06:00:01.1422576 +07:00,2026-09-03 06:00:04.6064573 +07:00,7,B96DE13D-F9AB-4F74-B05A-D2B91B3C4952,DWH_COEP,1,COEP,SSIS,2026-09-02 23:00:00.000,2026-09-02 23:06:13.000,1,Succeeded,1106044,"/ISSERVER ""\""\SSISDB\MR\SSISMR\DWH-COEP.dtsx\"""" /SERVER ""\"".\"""" /Par ""\""$ServerOption::LOGGING_LEVEL(Int16)\"""";1 /Par ""\""$ServerOption::SYNCHRONIZED(Boolean)\"""";True /CALLERINFO SQLAGENT /REPORTING E",TIME_OVERLAP_ONLY
1240985,Project_Fact,Bearer_Plant,DWH_DIM_BEARER_PLANT.dtsx,2026-09-03 06:00:01.1422576 +07:00,2026-09-03 06:00:04.6064573 +07:00,7,EB934AA2-8805-4B72-B55B-FBF7E84A368D,SEQUENCE_TABLE_NON_SAP,1,SEQ_STAGING,SSIS,2026-09-02 23:00:00.000,2026-09-02 23:04:11.000,1,Succeeded,1106042,"/ISSERVER ""\""\SSISDB\Sequence_Table\Sequence_Table\Seq_Staging_NON_SAP.dtsx\"""" /SERVER ""\"".\"""" /X86 /Par ""\""$ServerOption::LOGGING_LEVEL(Int16)\"""";1 /Par ""\""$ServerOption::SYNCHRONIZED(Boolean)\"""";True /CALLERINFO SQLAGENT /REPORTING E",TIME_OVERLAP_ONLY
1240987,Project_Fact,REALISASI VS ANGGARAN HO PROJECT,INSERT MAPPING.dtsx,2026-09-03 06:00:01.1822597 +07:00,2026-09-03 06:00:06.1625733 +07:00,7,B96DE13D-F9AB-4F74-B05A-D2B91B3C4952,DWH_COEP,1,COEP,SSIS,2026-09-02 23:00:00.000,2026-09-02 23:06:13.000,1,Succeeded,1106044,"/ISSERVER ""\""\SSISDB\MR\SSISMR\DWH-COEP.dtsx\"""" /SERVER ""\"".\"""" /Par ""\""$ServerOption::LOGGING_LEVEL(Int16)\"""";1 /Par ""\""$ServerOption::SYNCHRONIZED(Boolean)\"""";True /CALLERINFO SQLAGENT /REPORTING E",TIME_OVERLAP_ONLY
1240987,Project_Fact,REALISASI VS ANGGARAN HO PROJECT,INSERT MAPPING.dtsx,2026-09-03 06:00:01.1822597 +07:00,2026-09-03 06:00:06.1625733 +07:00,7,EB934AA2-8805-4B72-B55B-FBF7E84A368D,SEQUENCE_TABLE_NON_SAP,1,SEQ_STAGING,SSIS,2026-09-02 23:00:00.000,2026-09-02 23:04:11.000,1,Succeeded,1106042,"/ISSERVER ""\""\SSISDB\Sequence_Table\Sequence_Table\Seq_Staging_NON_SAP.dtsx\"""" /SERVER ""\"".\"""" /X86 /Par ""\""$ServerOption::LOGGING_LEVEL(Int16)\"""";1 /Par ""\""$ServerOption::SYNCHRONIZED(Boolean)\"""";True /CALLERINFO SQLAGENT /REPORTING E",TIME_OVERLAP_ONLY
1240988,Project_Fact,REALISASI VS ANGGARAN HO PROJECT,UPLOAD_PTAB_RELOKASI_COP.dtsx,2026-09-03 06:00:08.8046929 +07:00,2026-09-03 06:00:22.8534984 +07:00,7,B96DE13D-F9AB-4F74-B05A-D2B91B3C4952,DWH_COEP,1,COEP,SSIS,2026-09-02 23:00:00.000,2026-09-02 23:06:13.000,1,Succeeded,1106044,"/ISSERVER ""\""\SSISDB\MR\SSISMR\DWH-COEP.dtsx\"""" /SERVER ""\"".\"""" /Par ""\""$ServerOption::LOGGING_LEVEL(Int16)\"""";1 /Par ""\""$ServerOption::SYNCHRONIZED(Boolean)\"""";True /CALLERINFO SQLAGENT /REPORTING E",TIME_OVERLAP_ONLY
1240988,Project_Fact,REALISASI VS ANGGARAN HO PROJECT,UPLOAD_PTAB_RELOKASI_COP.dtsx,2026-09-03 06:00:08.8046929 +07:00,2026-09-03 06:00:22.8534984 +07:00,7,EB934AA2-8805-4B72-B55B-FBF7E84A368D,SEQUENCE_TABLE_NON_SAP,1,SEQ_STAGING,SSIS,2026-09-02 23:00:00.000,2026-09-02 23:04:11.000,1,Succeeded,1106042,"/ISSERVER ""\""\SSISDB\Sequence_Table\Sequence_Table\Seq_Staging_NON_SAP.dtsx\"""" /SERVER ""\"".\"""" /X86 /Par ""\""$ServerOption::LOGGING_LEVEL(Int16)\"""";1 /Par ""\""$ServerOption::SYNCHRONIZED(Boolean)\"""";True /CALLERINFO SQLAGENT /REPORTING E",TIME_OVERLAP_ONLY
1240989,Project_Fact,Bearer_Plant,DWH_FACT_BP_COEP.dtsx,2026-09-03 06:00:08.9637058 +07:00,2026-09-03 06:02:47.2327660 +07:00,7,B96DE13D-F9AB-4F74-B05A-D2B91B3C4952,DWH_COEP,1,COEP,SSIS,2026-09-02 23:00:00.000,2026-09-02 23:06:13.000,1,Succeeded,1106044,"/ISSERVER ""\""\SSISDB\MR\SSISMR\DWH-COEP.dtsx\"""" /SERVER ""\"".\"""" /Par ""\""$ServerOption::LOGGING_LEVEL(Int16)\"""";1 /Par ""\""$ServerOption::SYNCHRONIZED(Boolean)\"""";True /CALLERINFO SQLAGENT /REPORTING E",TIME_OVERLAP_ONLY
1240989,Project_Fact,Bearer_Plant,DWH_FACT_BP_COEP.dtsx,2026-09-03 06:00:08.9637058 +07:00,2026-09-03 06:02:47.2327660 +07:00,7,EB934AA2-8805-4B72-B55B-FBF7E84A368D,SEQUENCE_TABLE_NON_SAP,1,SEQ_STAGING,SSIS,2026-09-02 23:00:00.000,2026-09-02 23:04:11.000,1,Succeeded,1106042,"/ISSERVER ""\""\SSISDB\Sequence_Table\Sequence_Table\Seq_Staging_NON_SAP.dtsx\"""" /SERVER ""\"".\"""" /X86 /Par ""\""$ServerOption::LOGGING_LEVEL(Int16)\"""";1 /Par ""\""$ServerOption::SYNCHRONIZED(Boolean)\"""";True /CALLERINFO SQLAGENT /REPORTING E",TIME_OVERLAP_ONLY
1240990,Project_Fact,REALISASI VS ANGGARAN HO PROJECT,DIMENSI_REALIASI_VS_ANGGARAN_HO.dtsx,2026-09-03 06:00:26.2216898 +07:00,2026-09-03 06:00:42.3626176 +07:00,7,B96DE13D-F9AB-4F74-B05A-D2B91B3C4952,DWH_COEP,1,COEP,SSIS,2026-09-02 23:00:00.000,2026-09-02 23:06:13.000,1,Succeeded,1106044,"/ISSERVER ""\""\SSISDB\MR\SSISMR\DWH-COEP.dtsx\"""" /SERVER ""\"".\"""" /Par ""\""$ServerOption::LOGGING_LEVEL(Int16)\"""";1 /Par ""\""$ServerOption::SYNCHRONIZED(Boolean)\"""";True /CALLERINFO SQLAGENT /REPORTING E",TIME_OVERLAP_ONLY
1240990,Project_Fact,REALISASI VS ANGGARAN HO PROJECT,DIMENSI_REALIASI_VS_ANGGARAN_HO.dtsx,2026-09-03 06:00:26.2216898 +07:00,2026-09-03 06:00:42.3626176 +07:00,7,EB934AA2-8805-4B72-B55B-FBF7E84A368D,SEQUENCE_TABLE_NON_SAP,1,SEQ_STAGING,SSIS,2026-09-02 23:00:00.000,2026-09-02 23:04:11.000,1,Succeeded,1106042,"/ISSERVER ""\""\SSISDB\Sequence_Table\Sequence_Table\Seq_Staging_NON_SAP.dtsx\"""" /SERVER ""\"".\"""" /X86 /Par ""\""$ServerOption::LOGGING_LEVEL(Int16)\"""";1 /Par ""\""$ServerOption::SYNCHRONIZED(Boolean)\"""";True /CALLERINFO SQLAGENT /REPORTING E",TIME_OVERLAP_ONLY
1240992,Project_Fact,Bearer_Plant,DWH_FACT_BP_ZVT_MSEGPF.dtsx,2026-09-03 06:02:50.4439499 +07:00,2026-09-03 06:05:26.1268645 +07:00,7,B96DE13D-F9AB-4F74-B05A-D2B91B3C4952,DWH_COEP,1,COEP,SSIS,2026-09-02 23:00:00.000,2026-09-02 23:06:13.000,1,Succeeded,1106044,"/ISSERVER ""\""\SSISDB\MR\SSISMR\DWH-COEP.dtsx\"""" /SERVER ""\"".\"""" /Par ""\""$ServerOption::LOGGING_LEVEL(Int16)\"""";1 /Par ""\""$ServerOption::SYNCHRONIZED(Boolean)\"""";True /CALLERINFO SQLAGENT /REPORTING E",TIME_OVERLAP_ONLY
1240993,Project_Fact,PPH21_DJP,FACT_DJP.dtsx,2026-09-03 06:05:02.3545255 +07:00,2026-09-03 06:07:25.7707200 +07:00,7,1225ADC7-FF0D-402D-BAEA-A97F7FC50CB1,AWL,1,Staging,SSIS,2026-09-02 23:05:00.000,2026-09-02 23:09:01.000,1,Succeeded,1106045,"/ISSERVER ""\""\SSISDB\Project_Fact\AWL\Staging.dtsx\"""" /SERVER ""\"".\"""" /X86 /Par ""\""$ServerOption::LOGGING_LEVEL(Int16)\"""";1 /Par ""\""$ServerOption::SYNCHRONIZED(Boolean)\"""";True /CALLERINFO SQLAGENT /REPORTING E",TIME_OVERLAP_ONLY
1240995,Selling Expenses,Selling Expenses,source to staging.dtsx,2026-09-03 06:05:03.1305526 +07:00,2026-09-03 06:05:15.8432754 +07:00,7,1225ADC7-FF0D-402D-BAEA-A97F7FC50CB1,AWL,1,Staging,SSIS,2026-09-02 23:05:00.000,2026-09-02 23:09:01.000,1,Succeeded,1106045,"/ISSERVER ""\""\SSISDB\Project_Fact\AWL\Staging.dtsx\"""" /SERVER ""\"".\"""" /X86 /Par ""\""$ServerOption::LOGGING_LEVEL(Int16)\"""";1 /Par ""\""$ServerOption::SYNCHRONIZED(Boolean)\"""";True /CALLERINFO SQLAGENT /REPORTING E",TIME_OVERLAP_ONLY
1240995,Selling Expenses,Selling Expenses,source to staging.dtsx,2026-09-03 06:05:03.1305526 +07:00,2026-09-03 06:05:15.8432754 +07:00,7,B96DE13D-F9AB-4F74-B05A-D2B91B3C4952,DWH_COEP,1,COEP,SSIS,2026-09-02 23:00:00.000,2026-09-02 23:06:13.000,1,Succeeded,1106044,"/ISSERVER ""\""\SSISDB\MR\SSISMR\DWH-COEP.dtsx\"""" /SERVER ""\"".\"""" /Par ""\""$ServerOption::LOGGING_LEVEL(Int16)\"""";1 /Par ""\""$ServerOption::SYNCHRONIZED(Boolean)\"""";True /CALLERINFO SQLAGENT /REPORTING E",TIME_OVERLAP_ONLY
1240996,Selling Expenses,Selling Expenses,staging to dwh.dtsx,2026-09-03 06:05:19.4264826 +07:00,2026-09-03 06:05:50.3022555 +07:00,7,1225ADC7-FF0D-402D-BAEA-A97F7FC50CB1,AWL,1,Staging,SSIS,2026-09-02 23:05:00.000,2026-09-02 23:09:01.000,1,Succeeded,1106045,"/ISSERVER ""\""\SSISDB\Project_Fact\AWL\Staging.dtsx\"""" /SERVER ""\"".\"""" /X86 /Par ""\""$ServerOption::LOGGING_LEVEL(Int16)\"""";1 /Par ""\""$ServerOption::SYNCHRONIZED(Boolean)\"""";True /CALLERINFO SQLAGENT /REPORTING E",TIME_OVERLAP_ONLY
1240996,Selling Expenses,Selling Expenses,staging to dwh.dtsx,2026-09-03 06:05:19.4264826 +07:00,2026-09-03 06:05:50.3022555 +07:00,7,B96DE13D-F9AB-4F74-B05A-D2B91B3C4952,DWH_COEP,1,COEP,SSIS,2026-09-02 23:00:00.000,2026-09-02 23:06:13.000,1,Succeeded,1106044,"/ISSERVER ""\""\SSISDB\MR\SSISMR\DWH-COEP.dtsx\"""" /SERVER ""\"".\"""" /Par ""\""$ServerOption::LOGGING_LEVEL(Int16)\"""";1 /Par ""\""$ServerOption::SYNCHRONIZED(Boolean)\"""";True /CALLERINFO SQLAGENT /REPORTING E",TIME_OVERLAP_ONLY
1240997,Project_Fact,Bearer_Plant,DWH_FACT_BP_FAGLFLEXT.dtsx,2026-09-03 06:05:30.9061385 +07:00,2026-09-03 06:05:53.7754500 +07:00,7,1225ADC7-FF0D-402D-BAEA-A97F7FC50CB1,AWL,1,Staging,SSIS,2026-09-02 23:05:00.000,2026-09-02 23:09:01.000,1,Succeeded,1106045,"/ISSERVER ""\""\SSISDB\Project_Fact\AWL\Staging.dtsx\"""" /SERVER ""\"".\"""" /X86 /Par ""\""$ServerOption::LOGGING_LEVEL(Int16)\"""";1 /Par ""\""$ServerOption::SYNCHRONIZED(Boolean)\"""";True /CALLERINFO SQLAGENT /REPORTING E",TIME_OVERLAP_ONLY
1240997,Project_Fact,Bearer_Plant,DWH_FACT_BP_FAGLFLEXT.dtsx,2026-09-03 06:05:30.9061385 +07:00,2026-09-03 06:05:53.7754500 +07:00,7,B96DE13D-F9AB-4F74-B05A-D2B91B3C4952,DWH_COEP,1,COEP,SSIS,2026-09-02 23:00:00.000,2026-09-02 23:06:13.000,1,Succeeded,1106044,"/ISSERVER ""\""\SSISDB\MR\SSISMR\DWH-COEP.dtsx\"""" /SERVER ""\"".\"""" /Par ""\""$ServerOption::LOGGING_LEVEL(Int16)\"""";1 /Par ""\""$ServerOption::SYNCHRONIZED(Boolean)\"""";True /CALLERINFO SQLAGENT /REPORTING E",TIME_OVERLAP_ONLY
1240998,Project_Fact,Bearer_Plant,DWH_FACT_BP_Excel_Manual_Upload.dtsx,2026-09-03 06:05:57.1726430 +07:00,2026-09-03 06:06:00.2788222 +07:00,7,1225ADC7-FF0D-402D-BAEA-A97F7FC50CB1,AWL,1,Staging,SSIS,2026-09-02 23:05:00.000,2026-09-02 23:09:01.000,1,Succeeded,1106045,"/ISSERVER ""\""\SSISDB\Project_Fact\AWL\Staging.dtsx\"""" /SERVER ""\"".\"""" /X86 /Par ""\""$ServerOption::LOGGING_LEVEL(Int16)\"""";1 /Par ""\""$ServerOption::SYNCHRONIZED(Boolean)\"""";True /CALLERINFO SQLAGENT /REPORTING E",TIME_OVERLAP_ONLY
1240998,Project_Fact,Bearer_Plant,DWH_FACT_BP_Excel_Manual_Upload.dtsx,2026-09-03 06:05:57.1726430 +07:00,2026-09-03 06:06:00.2788222 +07:00,7,B96DE13D-F9AB-4F74-B05A-D2B91B3C4952,DWH_COEP,1,COEP,SSIS,2026-09-02 23:00:00.000,2026-09-02 23:06:13.000,1,Succeeded,1106044,"/ISSERVER ""\""\SSISDB\MR\SSISMR\DWH-COEP.dtsx\"""" /SERVER ""\"".\"""" /Par ""\""$ServerOption::LOGGING_LEVEL(Int16)\"""";1 /Par ""\""$ServerOption::SYNCHRONIZED(Boolean)\"""";True /CALLERINFO SQLAGENT /REPORTING E",TIME_OVERLAP_ONLY
1240999,Project_Fact,Bearer_Plant,Generate YTD.dtsx,2026-09-03 06:06:03.6080186 +07:00,2026-09-03 06:06:22.2740795 +07:00,7,1225ADC7-FF0D-402D-BAEA-A97F7FC50CB1,AWL,1,Staging,SSIS,2026-09-02 23:05:00.000,2026-09-02 23:09:01.000,1,Succeeded,1106045,"/ISSERVER ""\""\SSISDB\Project_Fact\AWL\Staging.dtsx\"""" /SERVER ""\"".\"""" /X86 /Par ""\""$ServerOption::LOGGING_LEVEL(Int16)\"""";1 /Par ""\""$ServerOption::SYNCHRONIZED(Boolean)\"""";True /CALLERINFO SQLAGENT /REPORTING E",TIME_OVERLAP_ONLY
1241000,Project_Fact,Bearer_Plant,Generate MTD.dtsx,2026-09-03 06:06:25.2662509 +07:00,2026-09-03 06:06:35.3018281 +07:00,7,1225ADC7-FF0D-402D-BAEA-A97F7FC50CB1,AWL,1,Staging,SSIS,2026-09-02 23:05:00.000,2026-09-02 23:09:01.000,1,Succeeded,1106045,"/ISSERVER ""\""\SSISDB\Project_Fact\AWL\Staging.dtsx\"""" /SERVER ""\"".\"""" /X86 /Par ""\""$ServerOption::LOGGING_LEVEL(Int16)\"""";1 /Par ""\""$ServerOption::SYNCHRONIZED(Boolean)\"""";True /CALLERINFO SQLAGENT /REPORTING E",TIME_OVERLAP_ONLY
1241000,Project_Fact,Bearer_Plant,Generate MTD.dtsx,2026-09-03 06:06:25.2662509 +07:00,2026-09-03 06:06:35.3018281 +07:00,7,B96DE13D-F9AB-4F74-B05A-D2B91B3C4952,DWH_COEP,2,COEP EHP 8,SSIS,2026-09-02 23:06:13.000,2026-09-02 23:10:20.000,1,Succeeded,1106049,"/ISSERVER ""\""\SSISDB\Sequence_Table\Sequence_Table\Seq_Staging_SAP_EHP8_COEP.dtsx\"""" /SERVER ""\"".\"""" /Par ""\""$ServerOption::LOGGING_LEVEL(Int16)\"""";1 /Par ""\""$ServerOption::SYNCHRONIZED(Boolean)\"""";True /CALLERINFO SQLAGENT /REPORTING E",TIME_OVERLAP_ONLY
1241001,Project_Fact,Bearer_Plant,DWH_FACT_BEARER_PLANT_SUMMARIZE.dtsx,2026-09-03 06:06:39.2160534 +07:00,2026-09-03 06:06:51.2077383 +07:00,7,1225ADC7-FF0D-402D-BAEA-A97F7FC50CB1,AWL,1,Staging,SSIS,2026-09-02 23:05:00.000,2026-09-02 23:09:01.000,1,Succeeded,1106045,"/ISSERVER ""\""\SSISDB\Project_Fact\AWL\Staging.dtsx\"""" /SERVER ""\"".\"""" /X86 /Par ""\""$ServerOption::LOGGING_LEVEL(Int16)\"""";1 /Par ""\""$ServerOption::SYNCHRONIZED(Boolean)\"""";True /CALLERINFO SQLAGENT /REPORTING E",TIME_OVERLAP_ONLY
1241001,Project_Fact,Bearer_Plant,DWH_FACT_BEARER_PLANT_SUMMARIZE.dtsx,2026-09-03 06:06:39.2160534 +07:00,2026-09-03 06:06:51.2077383 +07:00,7,B96DE13D-F9AB-4F74-B05A-D2B91B3C4952,DWH_COEP,2,COEP EHP 8,SSIS,2026-09-02 23:06:13.000,2026-09-02 23:10:20.000,1,Succeeded,1106049,"/ISSERVER ""\""\SSISDB\Sequence_Table\Sequence_Table\Seq_Staging_SAP_EHP8_COEP.dtsx\"""" /SERVER ""\"".\"""" /Par ""\""$ServerOption::LOGGING_LEVEL(Int16)\"""";1 /Par ""\""$ServerOption::SYNCHRONIZED(Boolean)\"""";True /CALLERINFO SQLAGENT /REPORTING E",TIME_OVERLAP_ONLY
1241002,Project_Fact,Bearer_Plant,DWH_FACT_BEARER_PLANT_SUMMARIZE_Excel.dtsx,2026-09-03 06:06:54.0248986 +07:00,2026-09-03 06:07:00.6652777 +07:00,7,1225ADC7-FF0D-402D-BAEA-A97F7FC50CB1,AWL,1,Staging,SSIS,2026-09-02 23:05:00.000,2026-09-02 23:09:01.000,1,Succeeded,1106045,"/ISSERVER ""\""\SSISDB\Project_Fact\AWL\Staging.dtsx\"""" /SERVER ""\"".\"""" /X86 /Par ""\""$ServerOption::LOGGING_LEVEL(Int16)\"""";1 /Par ""\""$ServerOption::SYNCHRONIZED(Boolean)\"""";True /CALLERINFO SQLAGENT /REPORTING E",TIME_OVERLAP_ONLY
1241002,Project_Fact,Bearer_Plant,DWH_FACT_BEARER_PLANT_SUMMARIZE_Excel.dtsx,2026-09-03 06:06:54.0248986 +07:00,2026-09-03 06:07:00.6652777 +07:00,7,B96DE13D-F9AB-4F74-B05A-D2B91B3C4952,DWH_COEP,2,COEP EHP 8,SSIS,2026-09-02 23:06:13.000,2026-09-02 23:10:20.000,1,Succeeded,1106049,"/ISSERVER ""\""\SSISDB\Sequence_Table\Sequence_Table\Seq_Staging_SAP_EHP8_COEP.dtsx\"""" /SERVER ""\"".\"""" /Par ""\""$ServerOption::LOGGING_LEVEL(Int16)\"""";1 /Par ""\""$ServerOption::SYNCHRONIZED(Boolean)\"""";True /CALLERINFO SQLAGENT /REPORTING E",TIME_OVERLAP_ONLY
1241003,Project_Fact,Bearer_Plant_Consol,Group_Pipeline_Dim_Bearer_Plant_Consol.dtsx,2026-09-03 06:07:03.9194731 +07:00,2026-09-03 06:07:13.4810153 +07:00,7,1225ADC7-FF0D-402D-BAEA-A97F7FC50CB1,AWL,1,Staging,SSIS,2026-09-02 23:05:00.000,2026-09-02 23:09:01.000,1,Succeeded,1106045,"/ISSERVER ""\""\SSISDB\Project_Fact\AWL\Staging.dtsx\"""" /SERVER ""\"".\"""" /X86 /Par ""\""$ServerOption::LOGGING_LEVEL(Int16)\"""";1 /Par ""\""$ServerOption::SYNCHRONIZED(Boolean)\"""";True /CALLERINFO SQLAGENT /REPORTING E",TIME_OVERLAP_ONLY
1241003,Project_Fact,Bearer_Plant_Consol,Group_Pipeline_Dim_Bearer_Plant_Consol.dtsx,2026-09-03 06:07:03.9194731 +07:00,2026-09-03 06:07:13.4810153 +07:00,7,B96DE13D-F9AB-4F74-B05A-D2B91B3C4952,DWH_COEP,2,COEP EHP 8,SSIS,2026-09-02 23:06:13.000,2026-09-02 23:10:20.000,1,Succeeded,1106049,"/ISSERVER ""\""\SSISDB\Sequence_Table\Sequence_Table\Seq_Staging_SAP_EHP8_COEP.dtsx\"""" /SERVER ""\"".\"""" /Par ""\""$ServerOption::LOGGING_LEVEL(Int16)\"""";1 /Par ""\""$ServerOption::SYNCHRONIZED(Boolean)\"""";True /CALLERINFO SQLAGENT /REPORTING E",TIME_OVERLAP_ONLY
1241005,Project_Fact,AWL,Fact.dtsx,2026-09-03 06:09:25.6285809 +07:00,2026-09-03 06:09:43.8766264 +07:00,7,B96DE13D-F9AB-4F74-B05A-D2B91B3C4952,DWH_COEP,2,COEP EHP 8,SSIS,2026-09-02 23:06:13.000,2026-09-02 23:10:20.000,1,Succeeded,1106049,"/ISSERVER ""\""\SSISDB\Sequence_Table\Sequence_Table\Seq_Staging_SAP_EHP8_COEP.dtsx\"""" /SERVER ""\"".\"""" /Par ""\""$ServerOption::LOGGING_LEVEL(Int16)\"""";1 /Par ""\""$ServerOption::SYNCHRONIZED(Boolean)\"""";True /CALLERINFO SQLAGENT /REPORTING E",TIME_OVERLAP_ONLY
1241006,Project_Fact,AWL,AWL_Warning.dtsx,2026-09-03 06:09:47.3188249 +07:00,2026-09-03 06:09:52.8611409 +07:00,7,B96DE13D-F9AB-4F74-B05A-D2B91B3C4952,DWH_COEP,2,COEP EHP 8,SSIS,2026-09-02 23:06:13.000,2026-09-02 23:10:20.000,1,Succeeded,1106049,"/ISSERVER ""\""\SSISDB\Sequence_Table\Sequence_Table\Seq_Staging_SAP_EHP8_COEP.dtsx\"""" /SERVER ""\"".\"""" /Par ""\""$ServerOption::LOGGING_LEVEL(Int16)\"""";1 /Par ""\""$ServerOption::SYNCHRONIZED(Boolean)\"""";True /CALLERINFO SQLAGENT /REPORTING E",TIME_OVERLAP_ONLY
1241014,Project_Fact,PPH21_DJP,FACT_UNIFIKASI.dtsx,2026-09-03 06:30:00.2602852 +07:00,2026-09-03 06:30:28.0568773 +07:00,7,4315C553-D919-4F86-9441-B6B3B1C5C154,DWH_MR_ETC_SAP,1,SAP FAST TABLES,SSIS,2026-09-02 23:30:00.000,2026-09-02 23:33:42.000,1,Succeeded,1106051,"/ISSERVER ""\""\SSISDB\MR\SSISMR\DWH_SMALLERTABLES.dtsx\"""" /SERVER ""\"".\"""" /Par ""\""$ServerOption::LOGGING_LEVEL(Int16)\"""";1 /Par ""\""$ServerOption::SYNCHRONIZED(Boolean)\"""";True /CALLERINFO SQLAGENT /REPORTING E",TIME_OVERLAP_ONLY
1241015,Project_Fact,PAYMENT_REALIZATION,Dim_Payment_Mapping.dtsx,2026-09-03 06:30:00.5022964 +07:00,2026-09-03 06:30:03.0664434 +07:00,7,4315C553-D919-4F86-9441-B6B3B1C5C154,DWH_MR_ETC_SAP,1,SAP FAST TABLES,SSIS,2026-09-02 23:30:00.000,2026-09-02 23:33:42.000,1,Succeeded,1106051,"/ISSERVER ""\""\SSISDB\MR\SSISMR\DWH_SMALLERTABLES.dtsx\"""" /SERVER ""\"".\"""" /Par ""\""$ServerOption::LOGGING_LEVEL(Int16)\"""";1 /Par ""\""$ServerOption::SYNCHRONIZED(Boolean)\"""";True /CALLERINFO SQLAGENT /REPORTING E",TIME_OVERLAP_ONLY
1241016,Project_Fact,PAYMENT_REALIZATION,Fact_Payment.dtsx,2026-09-03 06:30:06.9936714 +07:00,2026-09-03 06:30:32.1671092 +07:00,7,4315C553-D919-4F86-9441-B6B3B1C5C154,DWH_MR_ETC_SAP,1,SAP FAST TABLES,SSIS,2026-09-02 23:30:00.000,2026-09-02 23:33:42.000,1,Succeeded,1106051,"/ISSERVER ""\""\SSISDB\MR\SSISMR\DWH_SMALLERTABLES.dtsx\"""" /SERVER ""\"".\"""" /Par ""\""$ServerOption::LOGGING_LEVEL(Int16)\"""";1 /Par ""\""$ServerOption::SYNCHRONIZED(Boolean)\"""";True /CALLERINFO SQLAGENT /REPORTING E",TIME_OVERLAP_ONLY
