execution_id,folder_name,project_name,package_name,environment_folder_name,environment_name,executed_as_name,use32bitruntime,reference_id,start_time,end_time,duration_ms,status,caller_name,server_name
1240268,Project_Fact,DWH_GRADING_TBS,Fact.dtsx,NULL,NULL,BUMITAMA\sqlservice,0,NULL,2026-09-01 06:23:21.5343664 +07:00,2026-09-01 07:33:22.1309247 +07:00,4200596,7,BUMITAMA\sqlservice,BGASVR-DWH-DEV
1240269,Project_Fact,SPARTA_PROJECT,FACT_SPARTA_LHA_NEW.dtsx,NULL,NULL,BUMITAMA\sqlservice,0,NULL,2026-09-01 06:23:55.5913178 +07:00,2026-09-01 07:04:56.6162546 +07:00,2461025,7,BUMITAMA\sqlservice,BGASVR-DWH-DEV
1240277,Project_Fact,INTERNAL_AUDIT,FACT_INTERNAL_AUDIT.dtsx,NULL,NULL,BUMITAMA\sqlservice,0,NULL,2026-09-01 06:45:00.8077707 +07:00,2026-09-01 07:21:36.3405107 +07:00,2195533,7,BUMITAMA\sqlservice,BGASVR-DWH-DEV
1240278,Project_Fact,PPH21_DJP,FACT_PPH_ANNUAL_SPLIT.dtsx,NULL,NULL,BUMITAMA\sqlservice,0,NULL,2026-09-01 06:47:34.2495580 +07:00,2026-09-01 07:24:45.2623203 +07:00,2231013,7,BUMITAMA\sqlservice,BGASVR-DWH-DEV
1240280,Project_Fact,RANKING_PAYROLL,FACT_RANKING_PAYROLL.dtsx,NULL,NULL,BUMITAMA\sqlservice,0,NULL,2026-09-01 06:50:15.3567888 +07:00,2026-09-01 07:29:32.6807859 +07:00,2357324,7,BUMITAMA\sqlservice,BGASVR-DWH-DEV
1240281,Project_Fact,TBS_ANGKUT_PROJECT,UPLOAD_TBS_ANGKUT.dtsx,NULL,NULL,BUMITAMA\sqlservice,1,NULL,2026-09-01 06:58:28.3600163 +07:00,2026-09-01 07:01:46.2063557 +07:00,197846,7,BUMITAMA\sqlservice,BGASVR-DWH-DEV
1240282,Project_Fact,TBS_EXTERNAL_PROJECT,Fact_TBS_External.dtsx,NULL,NULL,BUMITAMA\sqlservice,1,NULL,2026-09-01 07:00:16.3782069 +07:00,2026-09-01 07:04:41.9114195 +07:00,265533,7,BUMITAMA\sqlservice,BGASVR-DWH-DEV
1240283,Project_Fact,DWH_SMALLER_FACT,FACT_COST_TO_MATURITY.dtsx,NULL,NULL,BUMITAMA\sqlservice,1,NULL,2026-09-01 07:00:16.4052035 +07:00,2026-09-01 07:01:44.5962585 +07:00,88191,7,BUMITAMA\sqlservice,BGASVR-DWH-DEV
1240284,Project_Fact,DWH_SMALLER_FACT,CHECK_QUERY_DATA.dtsx,NULL,NULL,BUMITAMA\sqlservice,0,NULL,2026-09-01 07:00:16.4172054 +07:00,2026-09-01 07:00:22.5655579 +07:00,6148,7,BUMITAMA\sqlservice,BGASVR-DWH-DEV
1240285,Project_Fact,DWH_SMALLER_FACT,CHECK_QUERY_DATA.dtsx,NULL,NULL,BUMITAMA\sqlservice,0,NULL,2026-09-01 07:00:16.5632170 +07:00,2026-09-01 07:00:22.5565565 +07:00,5993,7,BUMITAMA\sqlservice,BGASVR-DWH-DEV
1240286,Project_Fact,ANALISA_LOW_YIELD,Fact.dtsx,NULL,NULL,BUMITAMA\sqlservice,0,NULL,2026-09-01 07:00:25.0787079 +07:00,2026-09-01 07:04:25.2534577 +07:00,240175,7,BUMITAMA\sqlservice,BGASVR-DWH-DEV
1240287,Project_Fact,DWH_SMALLER_FACT,FACT_MONITORING_CAPEX.dtsx,NULL,NULL,BUMITAMA\sqlservice,1,NULL,2026-09-01 07:00:25.5637354 +07:00,2026-09-01 07:16:05.7965727 +07:00,940233,7,BUMITAMA\sqlservice,BGASVR-DWH-DEV
1240288,LKK Phase 2,LKK Phase 2,STG to DWH.dtsx,NULL,NULL,BUMITAMA\sqlservice,0,NULL,2026-09-01 07:01:51.2866452 +07:00,2026-09-01 07:39:50.4731604 +07:00,2279187,7,BUMITAMA\sqlservice,BGASVR-DWH-DEV
1240289,Sequence_Table,Sequence_Table,Seq_Staging_Power_Monitoring.dtsx,NULL,NULL,BUMITAMA\sqlservice,0,NULL,2026-09-01 07:05:01.7965547 +07:00,2026-09-01 07:05:32.4283057 +07:00,30632,7,BUMITAMA\sqlservice,BGASVR-DWH-DEV
1240290,Project_Fact,AWL,Staging.dtsx,NULL,NULL,BUMITAMA\sqlservice,1,NULL,2026-09-01 07:05:02.0355676 +07:00,2026-09-01 07:08:12.0484559 +07:00,190013,7,BUMITAMA\sqlservice,BGASVR-DWH-DEV
1240291,Project_Fact,DWH_POWER_MONITORING,Fact.dtsx,NULL,NULL,BUMITAMA\sqlservice,0,NULL,2026-09-01 07:05:37.3275845 +07:00,2026-09-01 07:07:02.0584356 +07:00,84731,7,BUMITAMA\sqlservice,BGASVR-DWH-DEV
1240292,Project_Fact,SPARTA_PROJECT,FACT_SPARTA_FISIK_PREMI.dtsx,NULL,NULL,BUMITAMA\sqlservice,0,NULL,2026-09-01 07:06:28.1114925 +07:00,2026-09-01 07:23:46.8549762 +07:00,1038743,7,BUMITAMA\sqlservice,BGASVR-DWH-DEV
1240293,Project_Fact,AWL,Fact.dtsx,NULL,NULL,BUMITAMA\sqlservice,0,NULL,2026-09-01 07:08:36.4118426 +07:00,2026-09-01 07:08:59.5081635 +07:00,23097,7,BUMITAMA\sqlservice,BGASVR-DWH-DEV
1240294,Project_Fact,AWL,AWL_Warning.dtsx,NULL,NULL,BUMITAMA\sqlservice,0,NULL,2026-09-01 07:09:02.0923133 +07:00,2026-09-01 07:09:06.2045459 +07:00,4112,7,BUMITAMA\sqlservice,BGASVR-DWH-DEV
1240295,Project_Fact,Audit HO,STG Audit.dtsx,NULL,NULL,BUMITAMA\sqlservice,1,NULL,2026-09-01 07:10:04.3618796 +07:00,2026-09-01 07:10:09.0651702 +07:00,4704,7,BUMITAMA\sqlservice,BGASVR-DWH-DEV
1240296,Project_Fact,DWH_COST_PER_HECTAR,Fact.dtsx,NULL,NULL,BUMITAMA\sqlservice,0,NULL,2026-09-01 07:10:04.4538812 +07:00,2026-09-01 07:11:38.3032572 +07:00,93850,7,BUMITAMA\sqlservice,BGASVR-DWH-DEV
1240297,Project_Fact,DWH_SMALLER_FACT,CHECK_QUERY_DATA.dtsx,NULL,NULL,BUMITAMA\sqlservice,0,NULL,2026-09-01 07:10:04.9579120 +07:00,2026-09-01 07:10:11.1842715 +07:00,6227,7,BUMITAMA\sqlservice,BGASVR-DWH-DEV
1240298,Project_Fact,ALOKASI_DAN_ABSENSI_HK,FACT_ALOKASI_DAN_ABSENSI_HK.dtsx,NULL,NULL,BUMITAMA\sqlservice,0,NULL,2026-09-01 07:10:13.9754307 +07:00,2026-09-01 07:26:51.2305372 +07:00,997255,7,BUMITAMA\sqlservice,BGASVR-DWH-DEV
1240300,Project_Fact,DWH_TRAKSI,STG_TRAKSI_LHT.dtsx,NULL,NULL,BUMITAMA\sqlservice,1,NULL,2026-09-01 07:20:00.7070313 +07:00,2026-09-01 07:21:56.1306414 +07:00,115423,7,BUMITAMA\sqlservice,BGASVR-DWH-DEV
1240299,Project_Fact,Vehicle Registration,FACT_VR.dtsx,NULL,NULL,BUMITAMA\sqlservice,0,NULL,2026-09-01 07:20:00.7150254 +07:00,2026-09-01 07:20:25.9794736 +07:00,25264,7,BUMITAMA\sqlservice,BGASVR-DWH-DEV
1240301,Project_Fact,DWH_TRAKSI,FACT_TRAKSI_LHT.dtsx,NULL,NULL,BUMITAMA\sqlservice,0,NULL,2026-09-01 07:22:00.9819154 +07:00,2026-09-01 07:25:52.0981503 +07:00,231117,7,BUMITAMA\sqlservice,BGASVR-DWH-DEV
1240302,Project_Fact,DWH_LHM,Fact Rekap.dtsx,NULL,NULL,BUMITAMA\sqlservice,0,NULL,2026-09-01 07:23:52.8403208 +07:00,2026-09-01 07:33:36.4137399 +07:00,583573,7,BUMITAMA\sqlservice,BGASVR-DWH-DEV
1240303,Project_Fact,DWH_TRAKSI,FACT_LHT_AB.dtsx,NULL,NULL,BUMITAMA\sqlservice,0,NULL,2026-09-01 07:25:53.0132020 +07:00,2026-09-01 07:26:53.2216534 +07:00,60208,7,BUMITAMA\sqlservice,BGASVR-DWH-DEV
1240304,Project_Fact,ALOKASI_DAN_ABSENSI_HK,FACT_PUSINGAN_PANEN_DAN_RAWAT.dtsx,NULL,NULL,BUMITAMA\sqlservice,0,NULL,2026-09-01 07:26:53.7626853 +07:00,2026-09-01 07:29:39.2141623 +07:00,165452,7,BUMITAMA\sqlservice,BGASVR-DWH-DEV
1240305,Project_Fact,DAILY_DASHBOARD_PROJECT,STG_TBS_EXTERNAL.dtsx,NULL,NULL,BUMITAMA\sqlservice,0,NULL,2026-09-01 07:30:00.7193883 +07:00,2026-09-01 07:33:37.0817780 +07:00,216362,7,BUMITAMA\sqlservice,BGASVR-DWH-DEV
1240306,Project_Fact,UANG_MUKA_PROJECT,FACT_UANG_MUKA.dtsx,NULL,NULL,BUMITAMA\sqlservice,0,NULL,2026-09-01 07:30:00.7423915 +07:00,2026-09-01 07:31:24.3701789 +07:00,83628,7,BUMITAMA\sqlservice,BGASVR-DWH-DEV
1240307,Project_Fact,Rekapitulasi,Fact_Rekapitulasi.dtsx,NULL,NULL,BUMITAMA\sqlservice,1,NULL,2026-09-01 07:30:00.7643872 +07:00,2026-09-01 07:30:10.3959451 +07:00,9631,7,BUMITAMA\sqlservice,BGASVR-DWH-DEV
1240308,Project_Fact,DAILY_DASHBOARD_PROJECT,FACT_DD_TBS.dtsx,NULL,NULL,BUMITAMA\sqlservice,0,NULL,2026-09-01 07:33:41.3280191 +07:00,2026-09-01 07:47:46.2104036 +07:00,844882,7,BUMITAMA\sqlservice,BGASVR-DWH-DEV
1240309,Project_Fact,SPK_BAPP,SPK_BAPP.dtsx,NULL,NULL,BUMITAMA\sqlservice,0,NULL,2026-09-01 07:45:01.9269954 +07:00,2026-09-01 07:46:16.1522468 +07:00,74226,7,BUMITAMA\sqlservice,BGASVR-DWH-DEV
1240310,Project_Fact,CIVIL_ENGINEERING_PROJECT,FACT_CIVIL_ENGINEERING.dtsx,NULL,NULL,BUMITAMA\sqlservice,0,NULL,2026-09-01 07:46:18.9084092 +07:00,2026-09-01 07:48:36.1962665 +07:00,137288,7,BUMITAMA\sqlservice,BGASVR-DWH-DEV
1240311,Project_Fact,SPK_BAPP,Payment.dtsx,NULL,NULL,BUMITAMA\sqlservice,0,NULL,2026-09-01 07:48:39.1004363 +07:00,2026-09-01 07:49:46.0982713 +07:00,66998,7,BUMITAMA\sqlservice,BGASVR-DWH-DEV
1240312,Project_Fact,DWH_PLASMA_GAPOKTAN,Fact.dtsx,NULL,NULL,BUMITAMA\sqlservice,0,NULL,2026-09-01 07:56:38.8249169 +07:00,2026-09-01 08:32:04.8036556 +07:00,2125979,7,BUMITAMA\sqlservice,BGASVR-DWH-DEV
1240314,Project_Fact,Segregation,Staging Segregation.dtsx,NULL,NULL,BUMITAMA\sqlservice,1,NULL,2026-09-01 08:00:01.4685158 +07:00,2026-09-01 08:00:16.9554008 +07:00,15487,7,BUMITAMA\sqlservice,BGASVR-DWH-DEV
1240313,Sequence_Table,Sequence_Table,Seq_Staging_SAP.dtsx,NULL,NULL,BUMITAMA\sqlservice,0,NULL,2026-09-01 08:00:01.5455180 +07:00,2026-09-01 08:12:41.4800351 +07:00,759935,7,BUMITAMA\sqlservice,BGASVR-DWH-DEV
1240315,Project_Fact,Segregation,Segregation.dtsx,NULL,NULL,BUMITAMA\sqlservice,0,NULL,2026-09-01 08:00:20.2225950 +07:00,2026-09-01 08:24:12.6336183 +07:00,1432411,7,BUMITAMA\sqlservice,BGASVR-DWH-DEV
1240317,Project_Fact,AWL,Staging.dtsx,NULL,NULL,BUMITAMA\sqlservice,1,NULL,2026-09-01 08:05:03.2307888 +07:00,2026-09-01 08:19:22.4719975 +07:00,859241,7,BUMITAMA\sqlservice,BGASVR-DWH-DEV
1240316,Project_Fact,PEMAKAIAN_PUPUK_PROJECT,AKTUAL_PEMAKAIAN_PUPUK.dtsx,NULL,NULL,BUMITAMA\sqlservice,0,NULL,2026-09-01 08:05:03.2347952 +07:00,2026-09-01 08:07:10.1400579 +07:00,126906,7,BUMITAMA\sqlservice,BGASVR-DWH-DEV
1240318,Sequence_Table,Sequence_Table,Seq_Staging_SAP_EHP8.dtsx,NULL,NULL,BUMITAMA\sqlservice,0,NULL,2026-09-01 08:12:45.7322766 +07:00,2026-09-01 08:17:47.9945875 +07:00,302262,7,BUMITAMA\sqlservice,BGASVR-DWH-DEV
1240319,Project_Fact,AWL,Fact.dtsx,NULL,NULL,BUMITAMA\sqlservice,0,NULL,2026-09-01 08:19:26.2442176 +07:00,2026-09-01 08:19:29.8174181 +07:00,3573,7,BUMITAMA\sqlservice,BGASVR-DWH-DEV
1240320,Project_Fact,AWL,AWL_Warning.dtsx,NULL,NULL,BUMITAMA\sqlservice,0,NULL,2026-09-01 08:19:33.7416395 +07:00,2026-09-01 08:19:35.1297255 +07:00,1388,7,BUMITAMA\sqlservice,BGASVR-DWH-DEV
1240321,Project_Fact,PRPOGR_Dashboard,Fact - fact_pr_po_gr.dtsx,NULL,NULL,BUMITAMA\sqlservice,0,NULL,2026-09-01 08:20:00.7901977 +07:00,2026-09-01 08:38:18.1600412 +07:00,1097370,7,BUMITAMA\sqlservice,BGASVR-DWH-DEV
1240322,Project_Fact,PAYMENT TREASURY,DIM_PAYMENT.dtsx,NULL,NULL,BUMITAMA\sqlservice,1,NULL,2026-09-01 08:25:01.1183920 +07:00,2026-09-01 08:25:09.0928490 +07:00,7974,7,BUMITAMA\sqlservice,BGASVR-DWH-DEV
1240323,Project_Fact,PAYMENT TREASURY,MAPPING_GROUP_PAYMENT.dtsx,NULL,NULL,BUMITAMA\sqlservice,1,NULL,2026-09-01 08:25:11.6459928 +07:00,2026-09-01 08:25:20.9215211 +07:00,9276,7,BUMITAMA\sqlservice,BGASVR-DWH-DEV
1240324,Project_Fact,PAYMENT TREASURY,FACT_SUMMARY_PAYMENT.dtsx,NULL,NULL,BUMITAMA\sqlservice,1,NULL,2026-09-01 08:25:22.1865950 +07:00,2026-09-01 08:25:56.8455796 +07:00,34659,7,BUMITAMA\sqlservice,BGASVR-DWH-DEV
1240325,Project_Fact,PAYMENT TREASURY,FACT_DETAIL_PAYMENT.dtsx,NULL,NULL,BUMITAMA\sqlservice,1,NULL,2026-09-01 08:25:59.4767343 +07:00,2026-09-01 08:26:11.7824366 +07:00,12306,7,BUMITAMA\sqlservice,BGASVR-DWH-DEV
1240326,Project_Fact,PAYMENT TREASURY,FACT_OUTSTANDING_PAYMENT.dtsx,NULL,NULL,BUMITAMA\sqlservice,1,NULL,2026-09-01 08:26:14.9726229 +07:00,2026-09-01 08:26:26.4222742 +07:00,11450,7,BUMITAMA\sqlservice,BGASVR-DWH-DEV
1240327,Project_Fact,PAYMENT TREASURY,FACT_PERFORMANCE_PAYMENT.dtsx,NULL,NULL,BUMITAMA\sqlservice,1,NULL,2026-09-01 08:26:30.7255198 +07:00,2026-09-01 08:27:28.5788323 +07:00,57853,7,BUMITAMA\sqlservice,BGASVR-DWH-DEV
1240328,Project_Fact,PAYMENT TREASURY,FACT_BALANCE_PAYMENT.dtsx,NULL,NULL,BUMITAMA\sqlservice,1,NULL,2026-09-01 08:27:32.9500877 +07:00,2026-09-01 08:27:35.1432205 +07:00,2193,7,BUMITAMA\sqlservice,BGASVR-DWH-DEV
1240329,Project_Fact,End to End CAPEX,Excel to STG.dtsx,NULL,NULL,BUMITAMA\sqlservice,1,NULL,2026-09-01 08:30:00.9955690 +07:00,2026-09-01 08:30:05.4878222 +07:00,4492,7,BUMITAMA\sqlservice,BGASVR-DWH-DEV
1240330,Project_Fact,End to End CAPEX,STG to DWH.dtsx,NULL,NULL,BUMITAMA\sqlservice,0,NULL,2026-09-01 08:30:08.2619779 +07:00,2026-09-01 08:30:40.8468470 +07:00,32585,7,BUMITAMA\sqlservice,BGASVR-DWH-DEV
1240331,Project_Fact,LKK Dashboard,FACT_LKK_DASHBOARD.dtsx,NULL,NULL,BUMITAMA\sqlservice,0,NULL,2026-09-01 08:33:10.8194563 +07:00,2026-09-01 08:53:40.7628743 +07:00,1229943,7,BUMITAMA\sqlservice,BGASVR-DWH-DEV
1240332,Project_Fact,DWH_LKK_PROJECT_NEW,FACT_LKK_BIAYA_UPAH_PANEN_PENGENDALIAN_GULMA.dtsx,NULL,NULL,BUMITAMA\sqlservice,0,NULL,2026-09-01 08:53:45.2781269 +07:00,2026-09-01 09:03:28.8735526 +07:00,583595,7,BUMITAMA\sqlservice,BGASVR-DWH-DEV
1240333,Project_Fact,MONITORING_TICKET_WB,STAGING SAP8.dtsx,NULL,NULL,BUMITAMA\sqlservice,0,NULL,2026-09-01 09:00:00.4166125 +07:00,2026-09-01 09:00:09.7851467 +07:00,9369,7,BUMITAMA\sqlservice,BGASVR-DWH-DEV
1240335,Project_Fact,ESTATE_MILL_COST_PROJECT,INSERT_REPORT_LEVEL_ESTATE_MILL.dtsx,NULL,NULL,BUMITAMA\sqlservice,1,NULL,2026-09-01 09:00:00.4386180 +07:00,2026-09-01 09:00:02.5647306 +07:00,2126,7,BUMITAMA\sqlservice,BGASVR-DWH-DEV
1240334,Sequence_Table,Sequence_Table,Seq_Staging_NON_SAP.dtsx,NULL,NULL,BUMITAMA\sqlservice,1,NULL,2026-09-01 09:00:00.4886153 +07:00,2026-09-01 09:05:00.4167920 +07:00,299928,7,BUMITAMA\sqlservice,BGASVR-DWH-DEV
1240336,Sequence_Table,Sequence_Table,Seq_Staging_SAP_SALDO_TREASURY.dtsx,NULL,NULL,BUMITAMA\sqlservice,0,NULL,2026-09-01 09:00:00.5196151 +07:00,2026-09-01 09:01:54.8821647 +07:00,114363,7,BUMITAMA\sqlservice,BGASVR-DWH-DEV
1240337,Project_Fact,ESTATE_MILL_COST_PROJECT,FACT_ESTATE_MILL_COST.dtsx,NULL,NULL,BUMITAMA\sqlservice,0,NULL,2026-09-01 09:00:02.9777591 +07:00,2026-09-01 09:00:27.9821937 +07:00,25005,7,BUMITAMA\sqlservice,BGASVR-DWH-DEV
1240338,Project_Fact,MONITORING_TICKET_WB,STAGING.dtsx,NULL,NULL,BUMITAMA\sqlservice,1,NULL,2026-09-01 09:00:14.0733910 +07:00,2026-09-01 09:02:49.8773121 +07:00,155804,7,BUMITAMA\sqlservice,BGASVR-DWH-DEV
1240339,Sequence_Table,Sequence_Table,Seq_Staging_WB.dtsx,NULL,NULL,BUMITAMA\sqlservice,0,NULL,2026-09-01 09:01:00.6840618 +07:00,2026-09-01 09:02:06.0558040 +07:00,65371,4,BUMITAMA\sqlservice,BGASVR-DWH-DEV
1240340,Sequence_Table,Sequence_Table,Seq_Staging_SAP_EHP8_SALDO_TREASURY.dtsx,NULL,NULL,BUMITAMA\sqlservice,0,NULL,2026-09-01 09:01:59.1724084 +07:00,2026-09-01 09:02:12.1791585 +07:00,13007,7,BUMITAMA\sqlservice,BGASVR-DWH-DEV
1240341,Project_Fact,MONITORING_TICKET_WB,FACT.dtsx,NULL,NULL,BUMITAMA\sqlservice,0,NULL,2026-09-01 09:02:52.1024422 +07:00,2026-09-01 09:03:11.5805568 +07:00,19478,7,BUMITAMA\sqlservice,BGASVR-DWH-DEV
1240342,Project_Fact,AWL,Staging.dtsx,NULL,NULL,BUMITAMA\sqlservice,1,NULL,2026-09-01 09:05:00.5697976 +07:00,2026-09-01 09:07:55.2928094 +07:00,174723,7,BUMITAMA\sqlservice,BGASVR-DWH-DEV
1240343,Project_Fact,AWL,Fact.dtsx,NULL,NULL,BUMITAMA\sqlservice,0,NULL,2026-09-01 09:07:56.2788619 +07:00,2026-09-01 09:08:00.8941276 +07:00,4616,7,BUMITAMA\sqlservice,BGASVR-DWH-DEV
1240344,Project_Fact,AWL,AWL_Warning.dtsx,NULL,NULL,BUMITAMA\sqlservice,0,NULL,2026-09-01 09:08:02.7862364 +07:00,2026-09-01 09:08:04.6523453 +07:00,1866,7,BUMITAMA\sqlservice,BGASVR-DWH-DEV
1240345,Project_Fact,SALDO_TREASURY,MAPPING_SALDO.dtsx,NULL,NULL,BUMITAMA\sqlservice,1,NULL,2026-09-01 09:10:00.3039645 +07:00,2026-09-01 09:10:02.1380706 +07:00,1835,7,BUMITAMA\sqlservice,BGASVR-DWH-DEV
1240346,Project_Fact,SALDO_TREASURY,FACT_SALDO_AKHIR_BULAN.dtsx,NULL,NULL,BUMITAMA\sqlservice,0,NULL,2026-09-01 09:10:06.2923072 +07:00,2026-09-01 09:11:48.7611756 +07:00,102469,7,BUMITAMA\sqlservice,BGASVR-DWH-DEV
1240347,Project_Fact,SALDO_TREASURY,FACT_SALDO_HARIAN.dtsx,NULL,NULL,BUMITAMA\sqlservice,0,NULL,2026-09-01 09:11:51.3923307 +07:00,2026-09-01 09:13:37.6254188 +07:00,106233,7,BUMITAMA\sqlservice,BGASVR-DWH-DEV
1240348,Project_Fact,Inter Company Loan,FACT_INLOAN.dtsx,NULL,NULL,BUMITAMA\sqlservice,0,NULL,2026-09-01 09:20:00.3573279 +07:00,2026-09-01 09:20:58.4706543 +07:00,58113,7,BUMITAMA\sqlservice,BGASVR-DWH-DEV
1240349,Project_Fact,Lap Prod TBS CPO PK,Laporan Produksi TBS CPO PK.dtsx,NULL,NULL,BUMITAMA\sqlservice,0,NULL,2026-09-01 09:30:00.5457095 +07:00,2026-09-01 09:52:42.7457067 +07:00,1362200,7,BUMITAMA\sqlservice,BGASVR-DWH-DEV
1240350,Project_Fact,COST_ELEMENT_PROJECT,FACT_COST_ELEMENT_RATE.dtsx,NULL,NULL,BUMITAMA\sqlservice,0,NULL,2026-09-01 09:40:01.0200843 +07:00,2026-09-01 09:41:30.1721898 +07:00,89152,7,BUMITAMA\sqlservice,BGASVR-DWH-DEV
1240351,Project_Fact,COST_ELEMENT_PROJECT,FACT_COST_ELEMENT.dtsx,NULL,NULL,BUMITAMA\sqlservice,0,NULL,2026-09-01 09:41:33.1493877 +07:00,2026-09-01 10:00:25.2251936 +07:00,1132076,7,BUMITAMA\sqlservice,BGASVR-DWH-DEV
1240352,Project_Fact,AWL,Staging.dtsx,NULL,NULL,BUMITAMA\sqlservice,1,NULL,2026-09-01 10:05:00.7469800 +07:00,2026-09-01 10:12:17.5869888 +07:00,436840,7,BUMITAMA\sqlservice,BGASVR-DWH-DEV
1240353,Project_Fact,AWL,Fact.dtsx,NULL,NULL,BUMITAMA\sqlservice,0,NULL,2026-09-01 10:12:18.7880754 +07:00,2026-09-01 10:12:22.4852696 +07:00,3697,7,BUMITAMA\sqlservice,BGASVR-DWH-DEV
1240354,Project_Fact,AWL,AWL_Warning.dtsx,NULL,NULL,BUMITAMA\sqlservice,0,NULL,2026-09-01 10:12:25.2844324 +07:00,2026-09-01 10:12:26.6935090 +07:00,1409,7,BUMITAMA\sqlservice,BGASVR-DWH-DEV
1240355,Project_Fact,PEMAKAIAN_PUPUK_PROJECT,MAPPING_BAHAN_PUPUK.dtsx,NULL,NULL,BUMITAMA\admin.ajay,1,NULL,2026-09-01 10:58:37.2491671 +07:00,2026-09-01 10:58:38.7962626 +07:00,1547,7,BUMITAMA\admin.ajay,BGASVR-DWH-DEV
1240356,Project_Fact,AWL,Staging.dtsx,NULL,NULL,BUMITAMA\sqlservice,1,NULL,2026-09-01 11:05:01.0571484 +07:00,2026-09-01 11:09:49.8806929 +07:00,288823,7,BUMITAMA\sqlservice,BGASVR-DWH-DEV
1240357,Project_Fact,AWL,Fact.dtsx,NULL,NULL,BUMITAMA\sqlservice,0,NULL,2026-09-01 11:09:54.1109306 +07:00,2026-09-01 11:09:57.8741544 +07:00,3764,7,BUMITAMA\sqlservice,BGASVR-DWH-DEV
1240358,Project_Fact,AWL,AWL_Warning.dtsx,NULL,NULL,BUMITAMA\sqlservice,0,NULL,2026-09-01 11:10:02.0914020 +07:00,2026-09-01 11:10:03.8154894 +07:00,1724,7,BUMITAMA\sqlservice,BGASVR-DWH-DEV
1240361,Sequence_Table,Sequence_Table,Seq_Staging_SAP_SALDO_TREASURY.dtsx,NULL,NULL,BUMITAMA\sqlservice,0,NULL,2026-09-01 12:00:01.0071291 +07:00,2026-09-01 12:01:22.9128172 +07:00,81905,7,BUMITAMA\sqlservice,BGASVR-DWH-DEV
1240362,Sequence_Table,Sequence_Table,Seq_Staging_SPARTA_4T.dtsx,NULL,NULL,BUMITAMA\sqlservice,0,NULL,2026-09-01 12:00:01.0331565 +07:00,2026-09-01 12:15:58.7519716 +07:00,957718,7,BUMITAMA\sqlservice,BGASVR-DWH-DEV
1240363,Sequence_Table,Sequence_Table,Seq_Staging_SAP_EHP8_SALDO_TREASURY.dtsx,NULL,NULL,BUMITAMA\sqlservice,0,NULL,2026-09-01 12:01:25.4729584 +07:00,2026-09-01 12:01:35.9575610 +07:00,10485,7,BUMITAMA\sqlservice,BGASVR-DWH-DEV
1240364,Sequence_Table,Sequence_Table,Seq_Staging_SPARTA.dtsx,NULL,NULL,BUMITAMA\sqlservice,0,NULL,2026-09-01 12:05:00.9283064 +07:00,2026-09-01 12:21:39.5954886 +07:00,998667,7,BUMITAMA\sqlservice,BGASVR-DWH-DEV
1240365,Project_Fact,AWL,Staging.dtsx,NULL,NULL,BUMITAMA\sqlservice,1,NULL,2026-09-01 12:05:00.9413038 +07:00,2026-09-01 12:14:03.4623672 +07:00,542521,7,BUMITAMA\sqlservice,BGASVR-DWH-DEV
1240366,Project_Fact,SALDO_TREASURY,MAPPING_SALDO.dtsx,NULL,NULL,BUMITAMA\sqlservice,1,NULL,2026-09-01 12:07:01.0611864 +07:00,2026-09-01 12:07:05.8024579 +07:00,4741,7,BUMITAMA\sqlservice,BGASVR-DWH-DEV
1240367,Project_Fact,SALDO_TREASURY,FACT_SALDO_AKHIR_BULAN.dtsx,NULL,NULL,BUMITAMA\sqlservice,0,NULL,2026-09-01 12:07:06.6775232 +07:00,2026-09-01 12:09:34.8619862 +07:00,148184,7,BUMITAMA\sqlservice,BGASVR-DWH-DEV
1240368,Project_Fact,SALDO_TREASURY,FACT_SALDO_HARIAN.dtsx,NULL,NULL,BUMITAMA\sqlservice,0,NULL,2026-09-01 12:09:39.7992777 +07:00,2026-09-01 12:12:18.2583447 +07:00,158459,7,BUMITAMA\sqlservice,BGASVR-DWH-DEV
1240369,Project_Fact,AWL,Fact.dtsx,NULL,NULL,BUMITAMA\sqlservice,0,NULL,2026-09-01 12:14:07.5806138 +07:00,2026-09-01 12:14:18.3012179 +07:00,10721,7,BUMITAMA\sqlservice,BGASVR-DWH-DEV
1240370,Project_Fact,AWL,AWL_Warning.dtsx,NULL,NULL,BUMITAMA\sqlservice,0,NULL,2026-09-01 12:14:22.1564361 +07:00,2026-09-01 12:14:23.7165280 +07:00,1560,7,BUMITAMA\sqlservice,BGASVR-DWH-DEV
1240371,Project_Fact,DWH_SMALLER_FACT,CHECK_QUERY_DATA.dtsx,NULL,NULL,BUMITAMA\sqlservice,0,NULL,2026-09-01 12:21:41.3465904 +07:00,2026-09-01 12:23:17.4170907 +07:00,96071,7,BUMITAMA\sqlservice,BGASVR-DWH-DEV
1240372,Project_Fact,MACHINE_LEARNING,FACT_ML_YP.dtsx,NULL,NULL,BUMITAMA\sqlservice,0,NULL,2026-09-01 12:23:15.3059703 +07:00,2026-09-01 12:23:34.0000457 +07:00,18695,7,BUMITAMA\sqlservice,BGASVR-DWH-DEV
1240373,Project_Fact,DWH_GRADING_TBS,Staging.dtsx,NULL,NULL,BUMITAMA\sqlservice,0,NULL,2026-09-01 12:23:15.5739992 +07:00,2026-09-01 12:25:06.4393313 +07:00,110866,7,BUMITAMA\sqlservice,BGASVR-DWH-DEV
1240374,Project_Fact,DWH_SMALLER_FACT,CHECK_QUERY_DATA.dtsx,NULL,NULL,BUMITAMA\sqlservice,0,NULL,2026-09-01 12:23:15.5959929 +07:00,2026-09-01 12:23:18.1831364 +07:00,2588,7,BUMITAMA\sqlservice,BGASVR-DWH-DEV
1240375,Project_Fact,premi dan lembur monitoring,DWH_STG to DWH_DM.dtsx,NULL,NULL,BUMITAMA\sqlservice,0,NULL,2026-09-01 12:23:16.5240451 +07:00,2026-09-01 12:55:22.2253204 +07:00,1925701,7,BUMITAMA\sqlservice,BGASVR-DWH-DEV
1240376,Project_Fact,DWH_SMALLER_FACT,CHECK_QUERY_DATA.dtsx,NULL,NULL,BUMITAMA\sqlservice,0,NULL,2026-09-01 12:23:16.8170577 +07:00,2026-09-01 12:23:19.8322288 +07:00,3015,7,BUMITAMA\sqlservice,BGASVR-DWH-DEV
1240377,Project_Fact,SPARTA_PROJECT,FACT_SPARTA_PAYROLL.dtsx,NULL,NULL,BUMITAMA\sqlservice,0,NULL,2026-09-01 12:23:19.8602269 +07:00,2026-09-01 12:38:00.2676463 +07:00,880407,7,BUMITAMA\sqlservice,BGASVR-DWH-DEV
1240378,Project_Fact,SPARTA_PROJECT,DIMENSI_SPARTA.dtsx,NULL,NULL,BUMITAMA\sqlservice,0,NULL,2026-09-01 12:23:20.5562746 +07:00,2026-09-01 12:23:56.8953629 +07:00,36339,7,BUMITAMA\sqlservice,BGASVR-DWH-DEV
1240379,Project_Fact,DAILY_DASHBOARD_PROJECT,STG_OPERATIONAL_HOLIDAY.dtsx,NULL,NULL,BUMITAMA\sqlservice,1,NULL,2026-09-01 12:23:21.8683433 +07:00,2026-09-01 12:23:24.1114739 +07:00,2243,7,BUMITAMA\sqlservice,BGASVR-DWH-DEV
1240380,Project_Fact,DAILY_DASHBOARD_PROJECT,STG_DAILY_DASHBOARD.dtsx,NULL,NULL,BUMITAMA\sqlservice,1,NULL,2026-09-01 12:23:26.5536237 +07:00,2026-09-01 12:23:30.1018173 +07:00,3548,7,BUMITAMA\sqlservice,BGASVR-DWH-DEV
1240381,Project_Fact,DAILY_DASHBOARD_PROJECT,FACT_DD_TBS.dtsx,NULL,NULL,BUMITAMA\sqlservice,0,NULL,2026-09-01 12:23:32.8609789 +07:00,2026-09-01 12:41:22.9082521 +07:00,1070048,7,BUMITAMA\sqlservice,BGASVR-DWH-DEV
1240382,Project_Fact,MACHINE_LEARNING,FACT_AP_TBS_.dtsx,NULL,NULL,BUMITAMA\sqlservice,0,NULL,2026-09-01 12:23:37.0292121 +07:00,2026-09-01 12:28:55.8434720 +07:00,318814,7,BUMITAMA\sqlservice,BGASVR-DWH-DEV
1240383,Project_Fact,SPARTA_PROJECT,FACT_SPARTA_LHA_NEW.dtsx,NULL,NULL,BUMITAMA\sqlservice,0,NULL,2026-09-01 12:24:01.3026088 +07:00,2026-09-01 13:05:46.6330763 +07:00,2505331,7,BUMITAMA\sqlservice,BGASVR-DWH-DEV
1240384,Project_Fact,DWH_GRADING_TBS,Fact.dtsx,NULL,NULL,BUMITAMA\sqlservice,0,NULL,2026-09-01 12:25:09.0514847 +07:00,2026-09-01 13:27:37.1051241 +07:00,3748054,7,BUMITAMA\sqlservice,BGASVR-DWH-DEV
1240385,Project_Fact,DWH_SMALLER_FACT,STAGING_STOCK_AREA_ECC0.dtsx,NULL,NULL,BUMITAMA\sqlservice,0,NULL,2026-09-01 12:30:00.8161914 +07:00,2026-09-01 12:36:45.0623397 +07:00,404246,7,BUMITAMA\sqlservice,BGASVR-DWH-DEV
1240386,Project_Fact,DWH_SMALLER_FACT,STAGING_STOCK_AREA_EHP8.dtsx,NULL,NULL,BUMITAMA\sqlservice,0,NULL,2026-09-01 12:36:49.8716139 +07:00,2026-09-01 12:37:41.3305623 +07:00,51459,7,BUMITAMA\sqlservice,BGASVR-DWH-DEV
1240387,Project_Fact,DWH_SMALLER_FACT,FACT_STOCK_AREA.dtsx,NULL,NULL,BUMITAMA\sqlservice,0,NULL,2026-09-01 12:37:44.6247512 +07:00,2026-09-01 12:44:48.9020466 +07:00,424278,7,BUMITAMA\sqlservice,BGASVR-DWH-DEV
1240388,Project_Fact,JOURNAL_SPARTA,FACT_JOURNAL_PAYROLL.dtsx,NULL,NULL,BUMITAMA\sqlservice,0,NULL,2026-09-01 12:38:04.0778648 +07:00,2026-09-01 12:59:37.0359108 +07:00,1292958,7,BUMITAMA\sqlservice,BGASVR-DWH-DEV
1240389,Project_Fact,DAILY_DASHBOARD_PROJECT,FACT_DD_SUMMARY.dtsx,NULL,NULL,BUMITAMA\sqlservice,0,NULL,2026-09-01 12:41:25.8874210 +07:00,2026-09-01 12:42:29.7850807 +07:00,63898,7,BUMITAMA\sqlservice,BGASVR-DWH-DEV
1240390,Project_Fact,DASHBOARD_STOCK,FACT_STOCK_MANAGEMENT.dtsx,NULL,NULL,BUMITAMA\sqlservice,0,NULL,2026-09-01 12:44:49.9591083 +07:00,2026-09-01 12:50:49.3696900 +07:00,359410,7,BUMITAMA\sqlservice,BGASVR-DWH-DEV
1240391,Project_Fact,SPARTA_PROJECT,FACT_SPARTA_MONITORING_INPUT.dtsx,NULL,NULL,BUMITAMA\sqlservice,0,NULL,2026-09-01 12:59:41.6591715 +07:00,2026-09-01 13:00:43.9637434 +07:00,62304,7,BUMITAMA\sqlservice,BGASVR-DWH-DEV
1240392,Project_Fact,DWH_SMALLER_FACT,CHECK_QUERY_DATA.dtsx,NULL,NULL,BUMITAMA\sqlservice,0,NULL,2026-09-01 13:00:01.0492925 +07:00,2026-09-01 13:00:09.3997755 +07:00,8350,7,BUMITAMA\sqlservice,BGASVR-DWH-DEV
1240393,Controllable Profit,ControllableProfit,Excel to STG.dtsx,NULL,NULL,BUMITAMA\sqlservice,1,NULL,2026-09-01 13:00:12.4659405 +07:00,2026-09-01 13:00:21.8014725 +07:00,9336,7,BUMITAMA\sqlservice,BGASVR-DWH-DEV
1240394,Controllable Profit,ControllableProfit,STG to DWH.dtsx,NULL,NULL,BUMITAMA\sqlservice,0,NULL,2026-09-01 13:00:23.2335554 +07:00,2026-09-01 14:01:38.3610170 +07:00,3675128,7,BUMITAMA\sqlservice,BGASVR-DWH-DEV
1240395,Project_Fact,Risk Mitigasi Payroll,STG to DWH.dtsx,NULL,NULL,BUMITAMA\sqlservice,0,NULL,2026-09-01 13:00:46.9699155 +07:00,2026-09-01 13:05:01.0774697 +07:00,254108,7,BUMITAMA\sqlservice,BGASVR-DWH-DEV
1240396,Project_Fact,AWL,Staging.dtsx,NULL,NULL,BUMITAMA\sqlservice,1,NULL,2026-09-01 13:05:01.1934740 +07:00,2026-09-01 13:08:57.6870159 +07:00,236494,7,BUMITAMA\sqlservice,BGASVR-DWH-DEV
1240397,Project_Fact,SPARTA_PROJECT,FACT_SPARTA_FISIK_PREMI.dtsx,NULL,NULL,BUMITAMA\sqlservice,0,NULL,2026-09-01 13:07:15.9241927 +07:00,2026-09-01 13:28:46.1370748 +07:00,1290213,7,BUMITAMA\sqlservice,BGASVR-DWH-DEV
1240398,Project_Fact,AWL,Fact.dtsx,NULL,NULL,BUMITAMA\sqlservice,0,NULL,2026-09-01 13:09:02.2122725 +07:00,2026-09-01 13:10:20.3587531 +07:00,78146,7,BUMITAMA\sqlservice,BGASVR-DWH-DEV
1240399,Project_Fact,AWL,AWL_Warning.dtsx,NULL,NULL,BUMITAMA\sqlservice,0,NULL,2026-09-01 13:10:23.5479299 +07:00,2026-09-01 13:10:48.7803784 +07:00,25233,7,BUMITAMA\sqlservice,BGASVR-DWH-DEV
1240400,Project_Fact,DWH_LHM,Fact Rekap.dtsx,NULL,NULL,BUMITAMA\sqlservice,0,NULL,2026-09-01 13:28:48.5502152 +07:00,2026-09-01 13:43:29.6696776 +07:00,881119,7,BUMITAMA\sqlservice,BGASVR-DWH-DEV
1240401,Project_Fact,AWL,Staging.dtsx,NULL,NULL,BUMITAMA\sqlservice,1,NULL,2026-09-01 14:05:01.6086581 +07:00,2026-09-01 14:10:57.5250486 +07:00,355917,7,BUMITAMA\sqlservice,BGASVR-DWH-DEV
1240402,Project_Fact,AWL,Fact.dtsx,NULL,NULL,BUMITAMA\sqlservice,0,NULL,2026-09-01 14:11:00.5072135 +07:00,2026-09-01 14:11:15.5110694 +07:00,15004,7,BUMITAMA\sqlservice,BGASVR-DWH-DEV
1240403,Project_Fact,AWL,AWL_Warning.dtsx,NULL,NULL,BUMITAMA\sqlservice,0,NULL,2026-09-01 14:11:19.6063131 +07:00,2026-09-01 14:11:25.0436509 +07:00,5437,7,BUMITAMA\sqlservice,BGASVR-DWH-DEV
1240404,Sequence_Table,Sequence_Table,Seq_Staging_SAP_SALDO_TREASURY.dtsx,NULL,NULL,BUMITAMA\sqlservice,0,NULL,2026-09-01 14:55:14.5389578 +07:00,2026-09-01 14:55:46.4787868 +07:00,31940,7,BUMITAMA\sqlservice,BGASVR-DWH-DEV
1240405,Sequence_Table,Sequence_Table,Seq_Staging_SAP_EHP8_SALDO_TREASURY.dtsx,NULL,NULL,BUMITAMA\sqlservice,0,NULL,2026-09-01 14:55:50.5670193 +07:00,2026-09-01 14:55:56.7133734 +07:00,6146,7,BUMITAMA\sqlservice,BGASVR-DWH-DEV
1240406,Project_Fact,SALDO_TREASURY,MAPPING_SALDO.dtsx,NULL,NULL,BUMITAMA\sqlservice,1,NULL,2026-09-01 14:57:45.6736127 +07:00,2026-09-01 14:57:47.8847381 +07:00,2211,7,BUMITAMA\sqlservice,BGASVR-DWH-DEV
1240407,Project_Fact,SALDO_TREASURY,FACT_SALDO_AKHIR_BULAN.dtsx,NULL,NULL,BUMITAMA\sqlservice,0,NULL,2026-09-01 14:57:50.6408961 +07:00,2026-09-01 14:59:24.4622742 +07:00,93822,7,BUMITAMA\sqlservice,BGASVR-DWH-DEV
1240408,Project_Fact,SALDO_TREASURY,FACT_SALDO_HARIAN.dtsx,NULL,NULL,BUMITAMA\sqlservice,0,NULL,2026-09-01 14:59:25.1383108 +07:00,2026-09-01 15:01:16.7106979 +07:00,111572,7,BUMITAMA\sqlservice,BGASVR-DWH-DEV
1240409,Project_Fact,DAILY_DASHBOARD_PROJECT,STG_TBS_EXTERNAL.dtsx,NULL,NULL,BUMITAMA\sqlservice,0,NULL,2026-09-01 15:00:00.5933427 +07:00,2026-09-01 15:00:29.8290123 +07:00,29236,7,BUMITAMA\sqlservice,BGASVR-DWH-DEV
1240410,Project_Fact,DAILY_DASHBOARD_PROJECT,FACT_DD_TBS.dtsx,NULL,NULL,BUMITAMA\sqlservice,0,NULL,2026-09-01 15:00:32.6501750 +07:00,2026-09-01 15:11:46.5147648 +07:00,673864,7,BUMITAMA\sqlservice,BGASVR-DWH-DEV
1240411,Project_Fact,AWL,Staging.dtsx,NULL,NULL,BUMITAMA\sqlservice,1,NULL,2026-09-01 15:05:01.1925638 +07:00,2026-09-01 15:08:26.6933200 +07:00,205501,7,BUMITAMA\sqlservice,BGASVR-DWH-DEV
1240412,Project_Fact,AWL,Fact.dtsx,NULL,NULL,BUMITAMA\sqlservice,0,NULL,2026-09-01 15:08:29.2594667 +07:00,2026-09-01 15:08:33.9387358 +07:00,4679,7,BUMITAMA\sqlservice,BGASVR-DWH-DEV
1240413,Project_Fact,AWL,AWL_Warning.dtsx,NULL,NULL,BUMITAMA\sqlservice,0,NULL,2026-09-01 15:08:35.2698120 +07:00,2026-09-01 15:08:36.8619067 +07:00,1592,7,BUMITAMA\sqlservice,BGASVR-DWH-DEV
1240414,Project_Fact,AWL,Staging.dtsx,NULL,NULL,BUMITAMA\sqlservice,1,NULL,2026-09-01 16:05:00.3916676 +07:00,2026-09-01 16:09:24.3187821 +07:00,263927,7,BUMITAMA\sqlservice,BGASVR-DWH-DEV
1240415,Project_Fact,AWL,Fact.dtsx,NULL,NULL,BUMITAMA\sqlservice,0,NULL,2026-09-01 16:09:26.9749343 +07:00,2026-09-01 16:09:29.5070770 +07:00,2533,7,BUMITAMA\sqlservice,BGASVR-DWH-DEV
1240416,Project_Fact,AWL,AWL_Warning.dtsx,NULL,NULL,BUMITAMA\sqlservice,0,NULL,2026-09-01 16:09:33.5103134 +07:00,2026-09-01 16:09:34.9873943 +07:00,1477,7,BUMITAMA\sqlservice,BGASVR-DWH-DEV
1240417,Sequence_Table,Sequence_Table,Seq_BSIS_BSAS.dtsx,NULL,NULL,BUMITAMA\sqlservice,0,NULL,2026-09-01 16:30:00.9235994 +07:00,2026-09-01 16:34:31.7991103 +07:00,270876,7,BUMITAMA\sqlservice,BGASVR-DWH-DEV
1240418,Sequence_Table,Sequence_Table,Seq_Staging_SAP_EHP8_BSIS_BSAS.dtsx,NULL,NULL,BUMITAMA\sqlservice,0,NULL,2026-09-01 16:34:35.8843752 +07:00,2026-09-01 16:34:47.5120058 +07:00,11628,7,BUMITAMA\sqlservice,BGASVR-DWH-DEV
1240419,Sequence_Table,Sequence_Table,Seq_BSIK_BSAK.dtsx,NULL,NULL,BUMITAMA\sqlservice,0,NULL,2026-09-01 16:34:51.6122530 +07:00,2026-09-01 16:35:38.2669176 +07:00,46654,7,BUMITAMA\sqlservice,BGASVR-DWH-DEV
1240420,Sequence_Table,Sequence_Table,Seq_Staging_SAP_EHP8_BSIK_BSAK.dtsx,NULL,NULL,BUMITAMA\sqlservice,0,NULL,2026-09-01 16:35:41.8131223 +07:00,2026-09-01 16:35:47.2474312 +07:00,5434,7,BUMITAMA\sqlservice,BGASVR-DWH-DEV
1240421,Sequence_Table,Sequence_Table,Seq_BSID_BSAD.dtsx,NULL,NULL,BUMITAMA\sqlservice,0,NULL,2026-09-01 16:35:51.5296904 +07:00,2026-09-01 16:36:34.9151849 +07:00,43386,7,BUMITAMA\sqlservice,BGASVR-DWH-DEV
1240422,Sequence_Table,Sequence_Table,Seq_Staging_SAP_EHP8_BSID_BSAD.dtsx,NULL,NULL,BUMITAMA\sqlservice,0,NULL,2026-09-01 16:36:39.2514171 +07:00,2026-09-01 16:36:44.6337184 +07:00,5382,7,BUMITAMA\sqlservice,BGASVR-DWH-DEV
1240423,Sequence_Table,Sequence_Table,Seq_BKPF.dtsx,NULL,NULL,BUMITAMA\sqlservice,0,NULL,2026-09-01 16:36:47.4668795 +07:00,2026-09-01 16:40:06.3782701 +07:00,198912,7,BUMITAMA\sqlservice,BGASVR-DWH-DEV
1240424,Sequence_Table,Sequence_Table,Seq_Staging_SAP_EHP8_BKPF.dtsx,NULL,NULL,BUMITAMA\sqlservice,0,NULL,2026-09-01 16:40:08.7944373 +07:00,2026-09-01 16:40:56.0151143 +07:00,47221,7,BUMITAMA\sqlservice,BGASVR-DWH-DEV
1240425,Project_Fact,DWH_SMALLER_FACT,CHECK_QUERY_DATA.dtsx,NULL,NULL,BUMITAMA\sqlservice,0,NULL,2026-09-01 17:00:01.0756863 +07:00,2026-09-01 17:00:04.6978934 +07:00,3622,7,BUMITAMA\sqlservice,BGASVR-DWH-DEV
1240426,Project_Fact,DWH_SMALLER_FACT,FACT_MONITORING_CAPEX.dtsx,NULL,NULL,BUMITAMA\sqlservice,1,NULL,2026-09-01 17:00:07.0790332 +07:00,2026-09-01 17:05:06.1031550 +07:00,299024,7,BUMITAMA\sqlservice,BGASVR-DWH-DEV
1240427,Project_Fact,AWL,Staging.dtsx,NULL,NULL,BUMITAMA\sqlservice,1,NULL,2026-09-01 17:05:02.4589459 +07:00,2026-09-01 17:07:52.5076845 +07:00,170049,7,BUMITAMA\sqlservice,BGASVR-DWH-DEV
1240428,Project_Fact,AWL,Fact.dtsx,NULL,NULL,BUMITAMA\sqlservice,0,NULL,2026-09-01 17:07:53.5147450 +07:00,2026-09-01 17:07:58.2920147 +07:00,4778,7,BUMITAMA\sqlservice,BGASVR-DWH-DEV
1240429,Project_Fact,AWL,AWL_Warning.dtsx,NULL,NULL,BUMITAMA\sqlservice,0,NULL,2026-09-01 17:07:59.5580859 +07:00,2026-09-01 17:08:01.6182047 +07:00,2060,7,BUMITAMA\sqlservice,BGASVR-DWH-DEV
1240430,Sequence_Table,Sequence_Table,Seq_Staging_SPARTA_4T.dtsx,NULL,NULL,BUMITAMA\sqlservice,0,NULL,2026-09-01 18:00:00.8168374 +07:00,2026-09-01 18:18:30.6393867 +07:00,1109823,7,BUMITAMA\sqlservice,BGASVR-DWH-DEV
1240431,Project_Fact,AWL,Staging.dtsx,NULL,NULL,BUMITAMA\sqlservice,1,NULL,2026-09-01 18:05:01.1080283 +07:00,2026-09-01 18:09:23.1040429 +07:00,261996,7,BUMITAMA\sqlservice,BGASVR-DWH-DEV
1240432,Project_Fact,AWL,Fact.dtsx,NULL,NULL,BUMITAMA\sqlservice,0,NULL,2026-09-01 18:09:27.1152846 +07:00,2026-09-01 18:09:29.9104201 +07:00,2795,7,BUMITAMA\sqlservice,BGASVR-DWH-DEV
1240433,Project_Fact,AWL,AWL_Warning.dtsx,NULL,NULL,BUMITAMA\sqlservice,0,NULL,2026-09-01 18:09:32.6115813 +07:00,2026-09-01 18:09:34.0836625 +07:00,1472,7,BUMITAMA\sqlservice,BGASVR-DWH-DEV
1240434,Project_Fact,DWH_GRADING_TBS,Staging.dtsx,NULL,NULL,BUMITAMA\sqlservice,0,NULL,2026-09-01 18:26:14.0069217 +07:00,2026-09-01 18:27:41.5929390 +07:00,87586,7,BUMITAMA\sqlservice,BGASVR-DWH-DEV
1240435,Project_Fact,MACHINE_LEARNING,FACT_ML_YP.dtsx,NULL,NULL,BUMITAMA\sqlservice,0,NULL,2026-09-01 18:26:14.0239220 +07:00,2026-09-01 18:26:51.7950828 +07:00,37772,7,BUMITAMA\sqlservice,BGASVR-DWH-DEV
1240436,Project_Fact,premi dan lembur monitoring,DWH_STG to DWH_DM.dtsx,NULL,NULL,BUMITAMA\sqlservice,0,NULL,2026-09-01 18:26:14.0439231 +07:00,2026-09-01 18:48:41.4460832 +07:00,1347403,7,BUMITAMA\sqlservice,BGASVR-DWH-DEV
1240437,Project_Fact,DWH_SMALLER_FACT,CHECK_QUERY_DATA.dtsx,NULL,NULL,BUMITAMA\sqlservice,0,NULL,2026-09-01 18:26:14.1859282 +07:00,2026-09-01 18:26:17.0561018 +07:00,2871,7,BUMITAMA\sqlservice,BGASVR-DWH-DEV
1240438,Project_Fact,DWH_SMALLER_FACT,CHECK_QUERY_DATA.dtsx,NULL,NULL,BUMITAMA\sqlservice,0,NULL,2026-09-01 18:26:14.1929345 +07:00,2026-09-01 18:26:17.0561018 +07:00,2864,7,BUMITAMA\sqlservice,BGASVR-DWH-DEV
1240439,Project_Fact,SPARTA_PROJECT,DIMENSI_SPARTA.dtsx,NULL,NULL,BUMITAMA\sqlservice,0,NULL,2026-09-01 18:26:19.7022437 +07:00,2026-09-01 18:26:54.5132406 +07:00,34811,7,BUMITAMA\sqlservice,BGASVR-DWH-DEV
1240440,Project_Fact,DAILY_DASHBOARD_PROJECT,STG_OPERATIONAL_HOLIDAY.dtsx,NULL,NULL,BUMITAMA\sqlservice,1,NULL,2026-09-01 18:26:21.1913334 +07:00,2026-09-01 18:26:23.7434801 +07:00,2552,7,BUMITAMA\sqlservice,BGASVR-DWH-DEV
1240441,Project_Fact,DAILY_DASHBOARD_PROJECT,STG_DAILY_DASHBOARD.dtsx,NULL,NULL,BUMITAMA\sqlservice,1,NULL,2026-09-01 18:26:24.9985517 +07:00,2026-09-01 18:26:30.0628373 +07:00,5064,7,BUMITAMA\sqlservice,BGASVR-DWH-DEV
1240442,Project_Fact,DAILY_DASHBOARD_PROJECT,FACT_DD_TBS.dtsx,NULL,NULL,BUMITAMA\sqlservice,0,NULL,2026-09-01 18:26:32.8129994 +07:00,2026-09-01 18:41:45.1252423 +07:00,912313,7,BUMITAMA\sqlservice,BGASVR-DWH-DEV
1240443,Project_Fact,MACHINE_LEARNING,FACT_AP_TBS_.dtsx,NULL,NULL,BUMITAMA\sqlservice,0,NULL,2026-09-01 18:26:54.7682614 +07:00,2026-09-01 18:31:22.8966089 +07:00,268128,7,BUMITAMA\sqlservice,BGASVR-DWH-DEV
1240444,Project_Fact,SPARTA_PROJECT,FACT_SPARTA_LHA_NEW.dtsx,NULL,NULL,BUMITAMA\sqlservice,0,NULL,2026-09-01 18:26:57.3524777 +07:00,2026-09-01 18:55:43.8812747 +07:00,1726529,7,BUMITAMA\sqlservice,BGASVR-DWH-DEV
1240445,Project_Fact,DWH_GRADING_TBS,Fact.dtsx,NULL,NULL,BUMITAMA\sqlservice,0,NULL,2026-09-01 18:27:44.2290909 +07:00,2026-09-01 19:25:21.3030637 +07:00,3457074,7,BUMITAMA\sqlservice,BGASVR-DWH-DEV
1240446,Sequence_Table,Sequence_Table,Seq_BSIS_BSAS.dtsx,NULL,NULL,BUMITAMA\sqlservice,0,NULL,2026-09-01 18:30:01.6279535 +07:00,2026-09-01 18:34:55.1357612 +07:00,293508,7,BUMITAMA\sqlservice,BGASVR-DWH-DEV
1240447,Sequence_Table,Sequence_Table,Seq_Staging_SAP_EHP8_BSIS_BSAS.dtsx,NULL,NULL,BUMITAMA\sqlservice,0,NULL,2026-09-01 18:34:59.6550203 +07:00,2026-09-01 18:35:24.2794341 +07:00,24624,7,BUMITAMA\sqlservice,BGASVR-DWH-DEV
1240448,Sequence_Table,Sequence_Table,Seq_BSIK_BSAK.dtsx,NULL,NULL,BUMITAMA\sqlservice,0,NULL,2026-09-01 18:35:28.6097122 +07:00,2026-09-01 18:36:20.0996308 +07:00,51490,7,BUMITAMA\sqlservice,BGASVR-DWH-DEV
1240449,Sequence_Table,Sequence_Table,Seq_Staging_SAP_EHP8_BSIK_BSAK.dtsx,NULL,NULL,BUMITAMA\sqlservice,0,NULL,2026-09-01 18:36:23.0177943 +07:00,2026-09-01 18:36:30.4272268 +07:00,7410,7,BUMITAMA\sqlservice,BGASVR-DWH-DEV
1240450,Sequence_Table,Sequence_Table,Seq_BSID_BSAD.dtsx,NULL,NULL,BUMITAMA\sqlservice,0,NULL,2026-09-01 18:36:32.1283172 +07:00,2026-09-01 18:37:48.0576653 +07:00,75929,7,BUMITAMA\sqlservice,BGASVR-DWH-DEV
1240451,Sequence_Table,Sequence_Table,Seq_Staging_SAP_EHP8_BSID_BSAD.dtsx,NULL,NULL,BUMITAMA\sqlservice,0,NULL,2026-09-01 18:37:52.9419446 +07:00,2026-09-01 18:38:06.7687360 +07:00,13827,7,BUMITAMA\sqlservice,BGASVR-DWH-DEV
1240452,Sequence_Table,Sequence_Table,Seq_BKPF.dtsx,NULL,NULL,BUMITAMA\sqlservice,0,NULL,2026-09-01 18:38:10.1849348 +07:00,2026-09-01 18:43:03.6597394 +07:00,293475,7,BUMITAMA\sqlservice,BGASVR-DWH-DEV
1240453,Project_Fact,DAILY_DASHBOARD_PROJECT,FACT_DD_SUMMARY.dtsx,NULL,NULL,BUMITAMA\sqlservice,0,NULL,2026-09-01 18:41:47.7263883 +07:00,2026-09-01 18:42:33.7630297 +07:00,46037,7,BUMITAMA\sqlservice,BGASVR-DWH-DEV
1240454,Sequence_Table,Sequence_Table,Seq_Staging_SAP_EHP8_BKPF.dtsx,NULL,NULL,BUMITAMA\sqlservice,0,NULL,2026-09-01 18:43:06.4748993 +07:00,2026-09-01 18:43:56.9747900 +07:00,50500,7,BUMITAMA\sqlservice,BGASVR-DWH-DEV
1240455,Project_Fact,SPARTA_PROJECT,FACT_SPARTA_FISIK_PREMI.dtsx,NULL,NULL,BUMITAMA\sqlservice,0,NULL,2026-09-01 18:56:51.5621512 +07:00,2026-09-01 19:03:27.8378473 +07:00,396275,7,BUMITAMA\sqlservice,BGASVR-DWH-DEV
1240456,Project_Fact,DWH_LHM,Fact Rekap.dtsx,NULL,NULL,BUMITAMA\sqlservice,0,NULL,2026-09-01 19:03:32.0850869 +07:00,2026-09-01 19:09:06.6842505 +07:00,334599,7,BUMITAMA\sqlservice,BGASVR-DWH-DEV
1240457,Project_Fact,AWL,Staging.dtsx,NULL,NULL,BUMITAMA\sqlservice,1,NULL,2026-09-01 19:05:23.8934927 +07:00,2026-09-01 19:08:12.5821503 +07:00,168689,7,BUMITAMA\sqlservice,BGASVR-DWH-DEV
1240458,Project_Fact,AWL,Fact.dtsx,NULL,NULL,BUMITAMA\sqlservice,0,NULL,2026-09-01 19:08:13.8512358 +07:00,2026-09-01 19:08:18.7365035 +07:00,4885,7,BUMITAMA\sqlservice,BGASVR-DWH-DEV
1240459,Project_Fact,AWL,AWL_Warning.dtsx,NULL,NULL,BUMITAMA\sqlservice,0,NULL,2026-09-01 19:08:19.8175814 +07:00,2026-09-01 19:08:21.2126572 +07:00,1395,7,BUMITAMA\sqlservice,BGASVR-DWH-DEV
1240460,Project_Fact,Vehicle Registration,FACT_VR.dtsx,NULL,NULL,BUMITAMA\sqlservice,0,NULL,2026-09-01 19:20:01.0697260 +07:00,2026-09-01 19:20:06.8030500 +07:00,5734,7,BUMITAMA\sqlservice,BGASVR-DWH-DEV
1240461,Project_Fact,MONITORING_TICKET_WB,STAGING SAP8.dtsx,NULL,NULL,BUMITAMA\sqlservice,0,NULL,2026-09-01 20:00:00.2051187 +07:00,2026-09-01 20:00:06.1704598 +07:00,5965,7,BUMITAMA\sqlservice,BGASVR-DWH-DEV
1240462,Project_Fact,MONITORING_TICKET_WB,STAGING.dtsx,NULL,NULL,BUMITAMA\sqlservice,1,NULL,2026-09-01 20:00:10.2416901 +07:00,2026-09-01 20:01:47.1572385 +07:00,96916,7,BUMITAMA\sqlservice,BGASVR-DWH-DEV
1240463,Sequence_Table,Sequence_Table,Seq_Staging_WB.dtsx,NULL,NULL,BUMITAMA\sqlservice,0,NULL,2026-09-01 20:01:00.2125523 +07:00,2026-09-01 20:01:04.3507858 +07:00,4138,7,BUMITAMA\sqlservice,BGASVR-DWH-DEV
1240464,Project_Fact,MONITORING_TICKET_WB,FACT.dtsx,NULL,NULL,BUMITAMA\sqlservice,0,NULL,2026-09-01 20:01:50.9794575 +07:00,2026-09-01 20:02:03.8891969 +07:00,12910,7,BUMITAMA\sqlservice,BGASVR-DWH-DEV
1240465,Project_Fact,AWL,Staging.dtsx,NULL,NULL,BUMITAMA\sqlservice,1,NULL,2026-09-01 20:05:00.2192941 +07:00,2026-09-01 20:10:08.8459704 +07:00,308626,7,BUMITAMA\sqlservice,BGASVR-DWH-DEV
1240466,Project_Fact,AWL,Fact.dtsx,NULL,NULL,BUMITAMA\sqlservice,0,NULL,2026-09-01 20:10:09.7210197 +07:00,2026-09-01 20:10:12.2501637 +07:00,2529,7,BUMITAMA\sqlservice,BGASVR-DWH-DEV
1240467,Project_Fact,AWL,AWL_Warning.dtsx,NULL,NULL,BUMITAMA\sqlservice,0,NULL,2026-09-01 20:10:13.1972255 +07:00,2026-09-01 20:10:14.6042986 +07:00,1407,7,BUMITAMA\sqlservice,BGASVR-DWH-DEV
1240468,Sequence_Table,Sequence_Table,Seq_BSIS_BSAS.dtsx,NULL,NULL,BUMITAMA\sqlservice,0,NULL,2026-09-01 20:30:00.3232010 +07:00,2026-09-01 20:32:41.1084084 +07:00,160785,7,BUMITAMA\sqlservice,BGASVR-DWH-DEV
1240469,Sequence_Table,Sequence_Table,Seq_Staging_SAP_EHP8_BSIS_BSAS.dtsx,NULL,NULL,BUMITAMA\sqlservice,0,NULL,2026-09-01 20:32:41.9814591 +07:00,2026-09-01 20:32:52.6130688 +07:00,10632,7,BUMITAMA\sqlservice,BGASVR-DWH-DEV
1240470,Sequence_Table,Sequence_Table,Seq_BSIK_BSAK.dtsx,NULL,NULL,BUMITAMA\sqlservice,0,NULL,2026-09-01 20:32:55.0702053 +07:00,2026-09-01 20:33:29.6311865 +07:00,34561,7,BUMITAMA\sqlservice,BGASVR-DWH-DEV
1240471,Sequence_Table,Sequence_Table,Seq_Staging_SAP_EHP8_BSIK_BSAK.dtsx,NULL,NULL,BUMITAMA\sqlservice,0,NULL,2026-09-01 20:33:32.2643379 +07:00,2026-09-01 20:33:36.6985922 +07:00,4434,7,BUMITAMA\sqlservice,BGASVR-DWH-DEV
1240472,Sequence_Table,Sequence_Table,Seq_BSID_BSAD.dtsx,NULL,NULL,BUMITAMA\sqlservice,0,NULL,2026-09-01 20:33:39.3627442 +07:00,2026-09-01 20:34:17.8279470 +07:00,38465,7,BUMITAMA\sqlservice,BGASVR-DWH-DEV
1240473,Sequence_Table,Sequence_Table,Seq_Staging_SAP_EHP8_BSID_BSAD.dtsx,NULL,NULL,BUMITAMA\sqlservice,0,NULL,2026-09-01 20:34:21.3741475 +07:00,2026-09-01 20:34:26.7604577 +07:00,5386,7,BUMITAMA\sqlservice,BGASVR-DWH-DEV
1240474,Sequence_Table,Sequence_Table,Seq_BKPF.dtsx,NULL,NULL,BUMITAMA\sqlservice,0,NULL,2026-09-01 20:34:29.5656194 +07:00,2026-09-01 20:37:27.6158150 +07:00,178050,7,BUMITAMA\sqlservice,BGASVR-DWH-DEV
1240475,Sequence_Table,Sequence_Table,Seq_Staging_SAP_EHP8_BKPF.dtsx,NULL,NULL,BUMITAMA\sqlservice,0,NULL,2026-09-01 20:37:30.1819628 +07:00,2026-09-01 20:38:02.7488273 +07:00,32567,7,BUMITAMA\sqlservice,BGASVR-DWH-DEV
1240476,Project_Fact,AWL,Staging.dtsx,NULL,NULL,BUMITAMA\sqlservice,1,NULL,2026-09-01 21:05:00.4574755 +07:00,2026-09-01 21:10:51.9255964 +07:00,351468,7,BUMITAMA\sqlservice,BGASVR-DWH-DEV
1240477,Project_Fact,AWL,Fact.dtsx,NULL,NULL,BUMITAMA\sqlservice,0,NULL,2026-09-01 21:10:54.4177396 +07:00,2026-09-01 21:10:57.6269235 +07:00,3209,7,BUMITAMA\sqlservice,BGASVR-DWH-DEV
1240478,Project_Fact,AWL,AWL_Warning.dtsx,NULL,NULL,BUMITAMA\sqlservice,0,NULL,2026-09-01 21:10:58.8789941 +07:00,2026-09-01 21:11:00.2690746 +07:00,1391,7,BUMITAMA\sqlservice,BGASVR-DWH-DEV
1240479,Project_Fact,AWL,Staging.dtsx,NULL,NULL,BUMITAMA\sqlservice,1,NULL,2026-09-01 22:05:00.7076416 +07:00,2026-09-01 22:09:49.0211541 +07:00,288314,7,BUMITAMA\sqlservice,BGASVR-DWH-DEV
1240480,Project_Fact,AWL,Fact.dtsx,NULL,NULL,BUMITAMA\sqlservice,0,NULL,2026-09-01 22:09:51.7163098 +07:00,2026-09-01 22:09:54.0704530 +07:00,2354,7,BUMITAMA\sqlservice,BGASVR-DWH-DEV
1240481,Project_Fact,AWL,AWL_Warning.dtsx,NULL,NULL,BUMITAMA\sqlservice,0,NULL,2026-09-01 22:09:55.4475216 +07:00,2026-09-01 22:09:56.8606018 +07:00,1413,7,BUMITAMA\sqlservice,BGASVR-DWH-DEV
1240483,Sequence_Table,Sequence_Table,Seq_Staging_NON_SAP.dtsx,NULL,NULL,BUMITAMA\sqlservice,1,NULL,2026-09-01 23:00:00.9816424 +07:00,2026-09-01 23:04:21.5905619 +07:00,260609,7,BUMITAMA\sqlservice,BGASVR-DWH-DEV
1240482,MR,SSISMR,DWH-COEP.dtsx,NULL,NULL,BUMITAMA\sqlservice,0,NULL,2026-09-01 23:00:01.0186511 +07:00,2026-09-01 23:01:46.3346744 +07:00,105316,7,BUMITAMA\sqlservice,BGASVR-DWH-DEV
1240484,Sequence_Table,Sequence_Table,Seq_Staging_SAP_EHP8_COEP.dtsx,NULL,NULL,BUMITAMA\sqlservice,0,NULL,2026-09-01 23:01:50.6839208 +07:00,2026-09-01 23:03:33.7558243 +07:00,103072,7,BUMITAMA\sqlservice,BGASVR-DWH-DEV
1240485,Project_Fact,AWL,Staging.dtsx,NULL,NULL,BUMITAMA\sqlservice,1,NULL,2026-09-01 23:05:00.9388225 +07:00,2026-09-01 23:07:42.7760824 +07:00,161838,7,BUMITAMA\sqlservice,BGASVR-DWH-DEV
1240486,Project_Fact,AWL,Fact.dtsx,NULL,NULL,BUMITAMA\sqlservice,0,NULL,2026-09-01 23:07:43.8861470 +07:00,2026-09-01 23:07:46.8903213 +07:00,3004,7,BUMITAMA\sqlservice,BGASVR-DWH-DEV
1240487,Project_Fact,AWL,AWL_Warning.dtsx,NULL,NULL,BUMITAMA\sqlservice,0,NULL,2026-09-01 23:07:49.3794645 +07:00,2026-09-01 23:07:50.7305379 +07:00,1351,7,BUMITAMA\sqlservice,BGASVR-DWH-DEV
1240488,MR,SSISMR,DWH_SMALLERTABLES.dtsx,NULL,NULL,BUMITAMA\sqlservice,0,NULL,2026-09-01 23:30:01.0597274 +07:00,2026-09-01 23:33:53.2770394 +07:00,232218,7,BUMITAMA\sqlservice,BGASVR-DWH-DEV
1240489,COGS,COGS,stg_CogsReport.dtsx,NULL,NULL,BUMITAMA\sqlservice,0,NULL,2026-09-02 00:00:00.4552180 +07:00,2026-09-02 00:04:31.9428430 +07:00,271487,7,BUMITAMA\sqlservice,BGASVR-DWH-DEV
1240490,Komparasi Overhead Metro,Komparasi Overhead Metro,DWH_STG_to_DWH_DM.dtsx,NULL,NULL,BUMITAMA\sqlservice,0,NULL,2026-09-02 00:00:00.4852201 +07:00,2026-09-02 00:21:53.2954738 +07:00,1312810,7,BUMITAMA\sqlservice,BGASVR-DWH-DEV
1240491,Areal Statement,Areal Statement,SOURCE_to_DWH_STG.dtsx,NULL,NULL,BUMITAMA\sqlservice,1,NULL,2026-09-02 00:00:00.5102168 +07:00,2026-09-02 00:02:11.6838037 +07:00,131173,7,BUMITAMA\sqlservice,BGASVR-DWH-DEV
1240492,SAP_to_STG_MR,SAP to STG MR,Elim KG SAP to STG.dtsx,NULL,NULL,BUMITAMA\sqlservice,0,NULL,2026-09-02 00:00:00.5252291 +07:00,2026-09-02 00:00:16.1051875 +07:00,15580,7,BUMITAMA\sqlservice,BGASVR-DWH-DEV
1240494,Sequence_Table,Sequence_Table,Seq_Staging_SPARTA_4T.dtsx,NULL,NULL,BUMITAMA\sqlservice,0,NULL,2026-09-02 00:00:00.5652227 +07:00,2026-09-02 00:17:29.3653603 +07:00,1048800,7,BUMITAMA\sqlservice,BGASVR-DWH-DEV
1240493,SummaryPL,Summary PL Project,dim_coa.dtsx,NULL,NULL,BUMITAMA\sqlservice,0,NULL,2026-09-02 00:00:00.5812199 +07:00,2026-09-02 00:00:11.5569232 +07:00,10975,7,BUMITAMA\sqlservice,BGASVR-DWH-DEV
1240497,SummaryPL,Summary PL Project,dim_company.dtsx,NULL,NULL,BUMITAMA\sqlservice,0,NULL,2026-09-02 00:00:15.0201312 +07:00,2026-09-02 00:00:33.8932036 +07:00,18873,7,BUMITAMA\sqlservice,BGASVR-DWH-DEV
1240498,SAP_to_STG_MR,SAP to STG MR,MR BAL SAP to STG.dtsx,NULL,NULL,BUMITAMA\sqlservice,0,NULL,2026-09-02 00:00:18.7453390 +07:00,2026-09-02 00:00:37.8754414 +07:00,19130,7,BUMITAMA\sqlservice,BGASVR-DWH-DEV
1240499,SummaryPL,Summary PL Project,fact_summary_pl.dtsx,NULL,NULL,BUMITAMA\sqlservice,0,NULL,2026-09-02 00:00:37.2784041 +07:00,2026-09-02 00:00:54.1533728 +07:00,16875,7,BUMITAMA\sqlservice,BGASVR-DWH-DEV
1240500,SummaryPL,Summary PL Project,dim_code_ebitda.dtsx,NULL,NULL,BUMITAMA\sqlservice,0,NULL,2026-09-02 00:00:57.3995517 +07:00,2026-09-02 00:01:12.1293973 +07:00,14730,7,BUMITAMA\sqlservice,BGASVR-DWH-DEV
1240501,SummaryPL,Summary PL Project,fact_ebitda.dtsx,NULL,NULL,BUMITAMA\sqlservice,0,NULL,2026-09-02 00:01:16.0016183 +07:00,2026-09-02 00:01:40.0529952 +07:00,24051,7,BUMITAMA\sqlservice,BGASVR-DWH-DEV
1240502,Areal Statement,Areal Statement,DWH_STG_to_DWH_DM.dtsx,NULL,NULL,BUMITAMA\sqlservice,1,NULL,2026-09-02 00:02:16.8991069 +07:00,2026-09-02 00:10:40.7869623 +07:00,503887,7,BUMITAMA\sqlservice,BGASVR-DWH-DEV
1240503,COGS,COGS,dim_cogs_measure.dtsx,NULL,NULL,BUMITAMA\sqlservice,0,NULL,2026-09-02 00:04:38.0061839 +07:00,2026-09-02 00:04:43.2834970 +07:00,5277,7,BUMITAMA\sqlservice,BGASVR-DWH-DEV
1240504,COGS,COGS,dim_company.dtsx,NULL,NULL,BUMITAMA\sqlservice,0,NULL,2026-09-02 00:04:46.5576741 +07:00,2026-09-02 00:04:51.1589383 +07:00,4601,7,BUMITAMA\sqlservice,BGASVR-DWH-DEV
1240505,COGS,COGS,dim_report_cogs.dtsx,NULL,NULL,BUMITAMA\sqlservice,0,NULL,2026-09-02 00:04:53.0300509 +07:00,2026-09-02 00:04:55.4211832 +07:00,2391,7,BUMITAMA\sqlservice,BGASVR-DWH-DEV
1240506,COGS,COGS,fact_cogs.dtsx,NULL,NULL,BUMITAMA\sqlservice,0,NULL,2026-09-02 00:04:58.0293310 +07:00,2026-09-02 00:05:02.1075716 +07:00,4078,7,BUMITAMA\sqlservice,BGASVR-DWH-DEV
1240508,Project_Fact,AWL,Staging.dtsx,NULL,NULL,BUMITAMA\sqlservice,1,NULL,2026-09-02 00:05:00.5684795 +07:00,2026-09-02 00:17:01.2067433 +07:00,720638,7,BUMITAMA\sqlservice,BGASVR-DWH-DEV
1240507,Sequence_Table,Sequence_Table,Seq_Staging_SPARTA.dtsx,NULL,NULL,BUMITAMA\sqlservice,0,NULL,2026-09-02 00:05:00.5754750 +07:00,2026-09-02 00:24:57.8520433 +07:00,1197277,7,BUMITAMA\sqlservice,BGASVR-DWH-DEV
1240509,Sequence_Table,Sequence_Table,Seq_BSIS_BSAS.dtsx,NULL,NULL,BUMITAMA\sqlservice,0,NULL,2026-09-02 00:10:10.6452366 +07:00,2026-09-02 00:16:02.5333831 +07:00,351888,7,BUMITAMA\sqlservice,BGASVR-DWH-DEV
1240510,Sequence_Table,Sequence_Table,Seq_Staging_SAP_EHP8_BSIS_BSAS.dtsx,NULL,NULL,BUMITAMA\sqlservice,0,NULL,2026-09-02 00:16:06.1745921 +07:00,2026-09-02 00:16:28.2418574 +07:00,22067,7,BUMITAMA\sqlservice,BGASVR-DWH-DEV
1240511,Sequence_Table,Sequence_Table,Seq_BSIK_BSAK.dtsx,NULL,NULL,BUMITAMA\sqlservice,0,NULL,2026-09-02 00:16:46.2278859 +07:00,2026-09-02 00:17:38.2228638 +07:00,51995,7,BUMITAMA\sqlservice,BGASVR-DWH-DEV
1240512,Project_Fact,AWL,Fact.dtsx,NULL,NULL,BUMITAMA\sqlservice,0,NULL,2026-09-02 00:17:03.5198776 +07:00,2026-09-02 00:17:09.0852292 +07:00,5566,7,BUMITAMA\sqlservice,BGASVR-DWH-DEV
1240513,Project_Fact,AWL,AWL_Warning.dtsx,NULL,NULL,BUMITAMA\sqlservice,0,NULL,2026-09-02 00:17:11.5033396 +07:00,2026-09-02 00:17:13.5264530 +07:00,2023,7,BUMITAMA\sqlservice,BGASVR-DWH-DEV
1240514,Sequence_Table,Sequence_Table,Seq_Staging_SAP_EHP8_BSIK_BSAK.dtsx,NULL,NULL,BUMITAMA\sqlservice,0,NULL,2026-09-02 00:17:39.6969535 +07:00,2026-09-02 00:17:55.6158600 +07:00,15919,7,BUMITAMA\sqlservice,BGASVR-DWH-DEV
1240515,Sequence_Table,Sequence_Table,Seq_BSID_BSAD.dtsx,NULL,NULL,BUMITAMA\sqlservice,0,NULL,2026-09-02 00:17:59.8491060 +07:00,2026-09-02 00:19:12.2112454 +07:00,72362,7,BUMITAMA\sqlservice,BGASVR-DWH-DEV
1240516,Sequence_Table,Sequence_Table,Seq_Staging_SAP_EHP8_BSID_BSAD.dtsx,NULL,NULL,BUMITAMA\sqlservice,0,NULL,2026-09-02 00:19:14.7103943 +07:00,2026-09-02 00:19:21.3167669 +07:00,6606,7,BUMITAMA\sqlservice,BGASVR-DWH-DEV
1240517,Sequence_Table,Sequence_Table,Seq_BKPF.dtsx,NULL,NULL,BUMITAMA\sqlservice,0,NULL,2026-09-02 00:19:25.0219824 +07:00,2026-09-02 00:23:22.7456050 +07:00,237724,7,BUMITAMA\sqlservice,BGASVR-DWH-DEV
1240518,Sequence_Table,Sequence_Table,Seq_Staging_SAP_EHP8_BKPF.dtsx,NULL,NULL,BUMITAMA\sqlservice,0,NULL,2026-09-02 00:23:25.5977621 +07:00,2026-09-02 00:24:22.9590471 +07:00,57362,7,BUMITAMA\sqlservice,BGASVR-DWH-DEV
1240519,Project_Fact,DWH_SMALLER_FACT,CHECK_QUERY_DATA.dtsx,NULL,NULL,BUMITAMA\sqlservice,0,NULL,2026-09-02 00:25:02.4823120 +07:00,2026-09-02 00:28:03.3836687 +07:00,180901,7,BUMITAMA\sqlservice,BGASVR-DWH-DEV
1240521,Project_Fact,MACHINE_LEARNING,FACT_ML_YP.dtsx,NULL,NULL,BUMITAMA\sqlservice,0,NULL,2026-09-02 00:28:02.7526302 +07:00,2026-09-02 00:28:23.1748030 +07:00,20422,7,BUMITAMA\sqlservice,BGASVR-DWH-DEV
1240520,Project_Fact,premi dan lembur monitoring,DWH_STG to DWH_DM.dtsx,NULL,NULL,BUMITAMA\sqlservice,0,NULL,2026-09-02 00:28:02.7856300 +07:00,2026-09-02 01:13:13.7318990 +07:00,2710946,7,BUMITAMA\sqlservice,BGASVR-DWH-DEV
1240522,Project_Fact,DWH_GRADING_TBS,Staging.dtsx,NULL,NULL,BUMITAMA\sqlservice,0,NULL,2026-09-02 00:28:02.8086341 +07:00,2026-09-02 00:28:21.7377179 +07:00,18929,4,BUMITAMA\sqlservice,BGASVR-DWH-DEV
1240523,Project_Fact,DWH_SMALLER_FACT,CHECK_QUERY_DATA.dtsx,NULL,NULL,BUMITAMA\sqlservice,0,NULL,2026-09-02 00:28:03.0926508 +07:00,2026-09-02 00:28:05.8438102 +07:00,2751,7,BUMITAMA\sqlservice,BGASVR-DWH-DEV
1240524,Project_Fact,DWH_SMALLER_FACT,CHECK_QUERY_DATA.dtsx,NULL,NULL,BUMITAMA\sqlservice,0,NULL,2026-09-02 00:28:03.1066535 +07:00,2026-09-02 00:28:06.2638410 +07:00,3157,7,BUMITAMA\sqlservice,BGASVR-DWH-DEV
1240525,Project_Fact,SPARTA_PROJECT,FACT_SPARTA_PAYROLL.dtsx,NULL,NULL,BUMITAMA\sqlservice,0,NULL,2026-09-02 00:28:06.1118327 +07:00,2026-09-02 00:46:13.4110863 +07:00,1087300,7,BUMITAMA\sqlservice,BGASVR-DWH-DEV
1240526,Project_Fact,SPARTA_PROJECT,DIMENSI_SPARTA.dtsx,NULL,NULL,BUMITAMA\sqlservice,0,NULL,2026-09-02 00:28:07.1408832 +07:00,2026-09-02 00:28:46.4491333 +07:00,39309,7,BUMITAMA\sqlservice,BGASVR-DWH-DEV
1240527,Project_Fact,DAILY_DASHBOARD_PROJECT,STG_OPERATIONAL_HOLIDAY.dtsx,NULL,NULL,BUMITAMA\sqlservice,1,NULL,2026-09-02 00:28:08.5959775 +07:00,2026-09-02 00:28:10.6980860 +07:00,2103,7,BUMITAMA\sqlservice,BGASVR-DWH-DEV
1240528,Project_Fact,DAILY_DASHBOARD_PROJECT,STG_DAILY_DASHBOARD.dtsx,NULL,NULL,BUMITAMA\sqlservice,1,NULL,2026-09-02 00:28:12.6091951 +07:00,2026-09-02 00:28:15.3833521 +07:00,2774,7,BUMITAMA\sqlservice,BGASVR-DWH-DEV
1240529,Project_Fact,DAILY_DASHBOARD_PROJECT,FACT_DD_TBS.dtsx,NULL,NULL,BUMITAMA\sqlservice,0,NULL,2026-09-02 00:28:18.0235182 +07:00,2026-09-02 00:43:33.8949522 +07:00,915871,7,BUMITAMA\sqlservice,BGASVR-DWH-DEV
1240530,Project_Fact,MACHINE_LEARNING,FACT_AP_TBS_.dtsx,NULL,NULL,BUMITAMA\sqlservice,0,NULL,2026-09-02 00:28:25.9659607 +07:00,2026-09-02 00:35:12.3952572 +07:00,406430,7,BUMITAMA\sqlservice,BGASVR-DWH-DEV
1240531,Project_Fact,SPARTA_PROJECT,FACT_SPARTA_LHA_NEW.dtsx,NULL,NULL,BUMITAMA\sqlservice,0,NULL,2026-09-02 00:28:49.2442911 +07:00,2026-09-02 01:07:57.3627616 +07:00,2348118,7,BUMITAMA\sqlservice,BGASVR-DWH-DEV
1240533,Sequence_Table,Sequence_Table,Seq_Staging_SPARTA_QA.dtsx,NULL,NULL,BUMITAMA\sqlservice,0,NULL,2026-09-02 00:30:00.7153849 +07:00,2026-09-02 00:35:31.1763104 +07:00,330461,7,BUMITAMA\sqlservice,BGASVR-DWH-DEV
1240532,Sequence_Table,Sequence_Table,Seq_Staging_SAP.dtsx,NULL,NULL,BUMITAMA\sqlservice,0,NULL,2026-09-02 00:30:00.7453861 +07:00,2026-09-02 00:54:25.3112597 +07:00,1464566,7,BUMITAMA\sqlservice,BGASVR-DWH-DEV
1240534,Project_Fact,DPCOLLECTION_PROJECT,Fact_DP_Collection.dtsx,NULL,NULL,BUMITAMA\sqlservice,1,NULL,2026-09-02 00:30:00.7613872 +07:00,2026-09-02 00:30:05.9386835 +07:00,5177,7,BUMITAMA\sqlservice,BGASVR-DWH-DEV
1240535,Project_Fact,DAILY_DASHBOARD_PROJECT,FACT_DD_SUMMARY.dtsx,NULL,NULL,BUMITAMA\sqlservice,0,NULL,2026-09-02 00:43:37.8811835 +07:00,2026-09-02 00:44:45.4440486 +07:00,67563,7,BUMITAMA\sqlservice,BGASVR-DWH-DEV
1240536,Project_Fact,JOURNAL_SPARTA,FACT_JOURNAL_PAYROLL.dtsx,NULL,NULL,BUMITAMA\sqlservice,0,NULL,2026-09-02 00:46:15.8742271 +07:00,2026-09-02 01:16:07.6938393 +07:00,1791819,7,BUMITAMA\sqlservice,BGASVR-DWH-DEV
1240537,Sequence_Table,Sequence_Table,Seq_Staging_SAP_EHP8.dtsx,NULL,NULL,BUMITAMA\sqlservice,0,NULL,2026-09-02 00:54:29.9875316 +07:00,2026-09-02 01:03:11.5964011 +07:00,521609,7,BUMITAMA\sqlservice,BGASVR-DWH-DEV
1240538,MR,SSISMR,DWH-COEP.dtsx,NULL,NULL,BUMITAMA\sqlservice,0,NULL,2026-09-02 01:00:00.4994615 +07:00,2026-09-02 01:03:26.6622682 +07:00,206163,7,BUMITAMA\sqlservice,BGASVR-DWH-DEV
1240539,MR,SSISMR,DWH_ZVT_MSEGPF.dtsx,NULL,NULL,BUMITAMA\sqlservice,0,NULL,2026-09-02 01:00:00.5264571 +07:00,2026-09-02 01:01:46.8055388 +07:00,106279,7,BUMITAMA\sqlservice,BGASVR-DWH-DEV
1240540,Sequence_Table,Sequence_Table,Seq_Staging_SAP_EHP8_ZVT_MSEGPF.dtsx,NULL,NULL,BUMITAMA\sqlservice,0,NULL,2026-09-02 01:01:51.2908060 +07:00,2026-09-02 01:08:05.6352412 +07:00,374345,7,BUMITAMA\sqlservice,BGASVR-DWH-DEV
1240541,Sequence_Table,Sequence_Table,Seq_Staging_SAP_EHP8_COEP.dtsx,NULL,NULL,BUMITAMA\sqlservice,0,NULL,2026-09-02 01:03:27.4893065 +07:00,2026-09-02 01:06:49.9438975 +07:00,202454,7,BUMITAMA\sqlservice,BGASVR-DWH-DEV
1240542,Project_Fact,AWL,Staging.dtsx,NULL,NULL,BUMITAMA\sqlservice,1,NULL,2026-09-02 01:05:00.5416361 +07:00,2026-09-02 01:08:57.2961914 +07:00,236755,7,BUMITAMA\sqlservice,BGASVR-DWH-DEV
1240543,Project_Fact,AWL,Fact.dtsx,NULL,NULL,BUMITAMA\sqlservice,0,NULL,2026-09-02 01:09:00.1373581 +07:00,2026-09-02 01:09:14.8872033 +07:00,14750,7,BUMITAMA\sqlservice,BGASVR-DWH-DEV
1240544,Project_Fact,AWL,AWL_Warning.dtsx,NULL,NULL,BUMITAMA\sqlservice,0,NULL,2026-09-02 01:09:17.9363765 +07:00,2026-09-02 01:09:21.5035813 +07:00,3567,7,BUMITAMA\sqlservice,BGASVR-DWH-DEV
1240545,Project_Fact,SPARTA_PROJECT,FACT_SPARTA_FISIK_PREMI.dtsx,NULL,NULL,BUMITAMA\sqlservice,0,NULL,2026-09-02 01:09:19.5194699 +07:00,2026-09-02 01:23:21.6326921 +07:00,842113,7,BUMITAMA\sqlservice,BGASVR-DWH-DEV
1240546,Project_Fact,SPARTA_PROJECT,FACT_SPARTA_MONITORING_INPUT.dtsx,NULL,NULL,BUMITAMA\sqlservice,0,NULL,2026-09-02 01:16:11.0550341 +07:00,2026-09-02 01:16:49.1182162 +07:00,38063,7,BUMITAMA\sqlservice,BGASVR-DWH-DEV
1240547,Project_Fact,Risk Mitigasi Payroll,STG to DWH.dtsx,NULL,NULL,BUMITAMA\sqlservice,0,NULL,2026-09-02 01:16:50.7553077 +07:00,2026-09-02 01:19:18.9267902 +07:00,148171,7,BUMITAMA\sqlservice,BGASVR-DWH-DEV
1240548,Project_Fact,DWH_LHM,Fact Rekap.dtsx,NULL,NULL,BUMITAMA\sqlservice,0,NULL,2026-09-02 01:23:25.6379205 +07:00,2026-09-02 01:47:46.2465658 +07:00,1460609,7,BUMITAMA\sqlservice,BGASVR-DWH-DEV
1240550,Sequence_Table,Sequence_Table,Seq_Staging_SIGAP.dtsx,NULL,NULL,BUMITAMA\sqlservice,0,NULL,2026-09-02 02:00:00.8856325 +07:00,2026-09-02 03:45:37.2334972 +07:00,6336348,7,BUMITAMA\sqlservice,BGASVR-DWH-DEV
1240549,MR,SSISMR,DWH_ZVT_MSEGPF.dtsx,NULL,NULL,BUMITAMA\sqlservice,0,NULL,2026-09-02 02:00:00.9136387 +07:00,2026-09-02 02:00:42.1580338 +07:00,41245,7,BUMITAMA\sqlservice,BGASVR-DWH-DEV
1240551,Sequence_Table,Sequence_Table,Seq_Staging_SAP_EHP8_ZVT_MSEGPF.dtsx,NULL,NULL,BUMITAMA\sqlservice,0,NULL,2026-09-02 02:00:45.9312142 +07:00,2026-09-02 02:04:04.6385968 +07:00,198707,7,BUMITAMA\sqlservice,BGASVR-DWH-DEV
1240552,Project_Fact,AWL,Staging.dtsx,NULL,NULL,BUMITAMA\sqlservice,1,NULL,2026-09-02 02:05:00.8448103 +07:00,2026-09-02 02:09:54.0266003 +07:00,293182,7,BUMITAMA\sqlservice,BGASVR-DWH-DEV
1240553,Project_Fact,AWL,Fact.dtsx,NULL,NULL,BUMITAMA\sqlservice,0,NULL,2026-09-02 02:09:55.8787097 +07:00,2026-09-02 02:09:58.6058618 +07:00,2727,7,BUMITAMA\sqlservice,BGASVR-DWH-DEV
1240554,Project_Fact,AWL,AWL_Warning.dtsx,NULL,NULL,BUMITAMA\sqlservice,0,NULL,2026-09-02 02:10:02.9041111 +07:00,2026-09-02 02:10:04.7432183 +07:00,1839,7,BUMITAMA\sqlservice,BGASVR-DWH-DEV
1240555,Sequence_Table,Sequence_Table,STG_SAP_COBK.dtsx,NULL,NULL,BUMITAMA\sqlservice,0,NULL,2026-09-02 02:30:00.9307175 +07:00,2026-09-02 02:34:22.4166933 +07:00,261486,7,BUMITAMA\sqlservice,BGASVR-DWH-DEV
1240556,Sequence_Table,Sequence_Table,Seq_Staging_SAP_EHP8_COBK.dtsx,NULL,NULL,BUMITAMA\sqlservice,0,NULL,2026-09-02 02:34:26.6299367 +07:00,2026-09-02 02:34:36.0364742 +07:00,9407,7,BUMITAMA\sqlservice,BGASVR-DWH-DEV
1240557,Project_Fact,BIAYA_UMUM_PER_COST_ELEMENT,Mapping Biaya Umum per Komponen.dtsx,NULL,NULL,BUMITAMA\sqlservice,1,NULL,2026-09-02 03:00:01.1098092 +07:00,2026-09-02 03:00:04.2079828 +07:00,3098,7,BUMITAMA\sqlservice,BGASVR-DWH-DEV
1240558,Project_Fact,DWH_GIP,Staging.dtsx,NULL,NULL,BUMITAMA\sqlservice,1,NULL,2026-09-02 03:00:01.1298094 +07:00,2026-09-02 03:00:02.7759040 +07:00,1646,7,BUMITAMA\sqlservice,BGASVR-DWH-DEV
1240559,Project_Fact,DWH_GIP,Dimensi.dtsx,NULL,NULL,BUMITAMA\sqlservice,0,NULL,2026-09-02 03:00:04.6670105 +07:00,2026-09-02 03:00:07.1151496 +07:00,2448,7,BUMITAMA\sqlservice,BGASVR-DWH-DEV
1240560,Project_Fact,BIAYA_UMUM_PER_COST_ELEMENT,Dimensi Biaya Umum.dtsx,NULL,NULL,BUMITAMA\sqlservice,0,NULL,2026-09-02 03:00:07.6731843 +07:00,2026-09-02 03:00:09.0942625 +07:00,1421,7,BUMITAMA\sqlservice,BGASVR-DWH-DEV
1240561,Project_Fact,DWH_GIP,Fact.dtsx,NULL,NULL,BUMITAMA\sqlservice,0,NULL,2026-09-02 03:00:09.7763056 +07:00,2026-09-02 03:03:12.8767964 +07:00,183100,7,BUMITAMA\sqlservice,BGASVR-DWH-DEV
1240562,Project_Fact,BIAYA_UMUM_PER_COST_ELEMENT,Fact Biaya Umum.dtsx,NULL,NULL,BUMITAMA\sqlservice,0,NULL,2026-09-02 03:00:13.2255030 +07:00,2026-09-02 03:03:28.1576688 +07:00,194932,7,BUMITAMA\sqlservice,BGASVR-DWH-DEV
1240563,Project_Fact,AWL,Staging.dtsx,NULL,NULL,BUMITAMA\sqlservice,1,NULL,2026-09-02 03:05:01.1069898 +07:00,2026-09-02 03:09:13.1774201 +07:00,252071,7,BUMITAMA\sqlservice,BGASVR-DWH-DEV
1240564,Project_Fact,AWL,Fact.dtsx,NULL,NULL,BUMITAMA\sqlservice,0,NULL,2026-09-02 03:09:17.3926688 +07:00,2026-09-02 03:09:21.3298871 +07:00,3937,7,BUMITAMA\sqlservice,BGASVR-DWH-DEV
1240565,Project_Fact,AWL,AWL_Warning.dtsx,NULL,NULL,BUMITAMA\sqlservice,0,NULL,2026-09-02 03:09:23.8750351 +07:00,2026-09-02 03:09:25.3611170 +07:00,1486,7,BUMITAMA\sqlservice,BGASVR-DWH-DEV
1240566,Project_Fact,DWH_SMALLER_FACT,CHECK_QUERY_DATA.dtsx,NULL,NULL,BUMITAMA\sqlservice,0,NULL,2026-09-02 03:20:01.2785356 +07:00,2026-09-02 03:20:05.9608067 +07:00,4682,7,BUMITAMA\sqlservice,BGASVR-DWH-DEV
1240567,Project_Fact,INVESTOR_RELATIONS_PROJECT,Upload_IR.dtsx,NULL,NULL,BUMITAMA\sqlservice,1,NULL,2026-09-02 03:20:10.1400493 +07:00,2026-09-02 03:20:12.9422023 +07:00,2802,7,BUMITAMA\sqlservice,BGASVR-DWH-DEV
1240568,Project_Fact,INVESTOR_RELATIONS_PROJECT,PL_BS.dtsx,NULL,NULL,BUMITAMA\sqlservice,1,NULL,2026-09-02 03:20:17.1194493 +07:00,2026-09-02 03:20:51.8624343 +07:00,34743,6,BUMITAMA\sqlservice,BGASVR-DWH-DEV
1240571,Project_Fact,MILL_COST_PROJECT,STG_FOR_DIM_MILL_COST.dtsx,NULL,NULL,BUMITAMA\sqlservice,1,NULL,2026-09-02 03:30:00.3578447 +07:00,2026-09-02 03:30:02.4269619 +07:00,2069,7,BUMITAMA\sqlservice,BGASVR-DWH-DEV
1240570,Project_Fact,DWH_SIGAP,FACT_SIGAP.dtsx,NULL,NULL,BUMITAMA\sqlservice,0,NULL,2026-09-02 03:30:00.3788452 +07:00,2026-09-02 03:40:18.6602536 +07:00,618282,7,BUMITAMA\sqlservice,BGASVR-DWH-DEV
1240569,Sequence_Table,Sequence_Table,Seq_Repository.dtsx,NULL,NULL,BUMITAMA\sqlservice,0,NULL,2026-09-02 03:30:00.4238464 +07:00,2026-09-02 03:36:09.7689986 +07:00,369345,7,BUMITAMA\sqlservice,BGASVR-DWH-DEV
1240572,Project_Fact,MILL_COST_PROJECT,DIM_FOR_FACT_MILL_COST.dtsx,NULL,NULL,BUMITAMA\sqlservice,0,NULL,2026-09-02 03:30:06.4921958 +07:00,2026-09-02 03:40:00.7722279 +07:00,594280,7,BUMITAMA\sqlservice,BGASVR-DWH-DEV
1240573,Project_Fact,MILL_COST_PROJECT,FACT_MILL_COST.dtsx,NULL,NULL,BUMITAMA\sqlservice,0,NULL,2026-09-02 03:40:03.5573876 +07:00,2026-09-02 03:52:34.5174061 +07:00,750960,7,BUMITAMA\sqlservice,BGASVR-DWH-DEV
1240574,Project_Fact,MILL_COST_PROJECT,FACT_MILL_COST_DASHBOARD.dtsx,NULL,NULL,BUMITAMA\sqlservice,0,NULL,2026-09-02 03:52:38.6736323 +07:00,2026-09-02 03:53:50.5107547 +07:00,71837,7,BUMITAMA\sqlservice,BGASVR-DWH-DEV
1240575,Project_Fact,CIVIL_ENGINEERING_PROJECT,FACT_CIVIL_ENGINEERING.dtsx,NULL,NULL,BUMITAMA\sqlservice,0,NULL,2026-09-02 03:53:51.6588101 +07:00,2026-09-02 03:54:50.3751740 +07:00,58717,7,BUMITAMA\sqlservice,BGASVR-DWH-DEV
1240576,Monitoring Inputan BPS,Monitoring BPS Sparta,STG to DWH.dtsx,NULL,NULL,BUMITAMA\sqlservice,0,NULL,2026-09-02 04:00:00.3639250 +07:00,2026-09-02 04:00:14.2137180 +07:00,13850,7,BUMITAMA\sqlservice,BGASVR-DWH-DEV
1240577,Project_Fact,AWL,Staging.dtsx,NULL,NULL,BUMITAMA\sqlservice,1,NULL,2026-09-02 04:05:00.4121127 +07:00,2026-09-02 04:09:53.1648746 +07:00,292752,7,BUMITAMA\sqlservice,BGASVR-DWH-DEV
1240578,Project_Fact,AWL,Fact.dtsx,NULL,NULL,BUMITAMA\sqlservice,0,NULL,2026-09-02 04:09:55.9660428 +07:00,2026-09-02 04:09:58.7001901 +07:00,2734,7,BUMITAMA\sqlservice,BGASVR-DWH-DEV
1240579,Project_Fact,AWL,AWL_Warning.dtsx,NULL,NULL,BUMITAMA\sqlservice,0,NULL,2026-09-02 04:09:59.9932647 +07:00,2026-09-02 04:10:01.4083458 +07:00,1415,7,BUMITAMA\sqlservice,BGASVR-DWH-DEV
1240580,Project_Fact,SUSTAINABILITY_SMK3,FACT_SUSTAIN_SMK3.dtsx,NULL,NULL,BUMITAMA\sqlservice,0,NULL,2026-09-02 04:10:00.4232897 +07:00,2026-09-02 04:10:47.9900097 +07:00,47567,7,BUMITAMA\sqlservice,BGASVR-DWH-DEV
1240581,Project_Fact,PEMAKAIAN_SOLAR,AREAL_STATEMENT_PROPORSI_MANUAL_LOAD.dtsx,NULL,NULL,BUMITAMA\sqlservice,0,NULL,2026-09-02 04:20:00.4536536 +07:00,2026-09-02 04:20:02.5547725 +07:00,2101,7,BUMITAMA\sqlservice,BGASVR-DWH-DEV
1240582,Project_Fact,PEMAKAIAN_SOLAR,Fact_Pemakaian_Solar v2.dtsx,NULL,NULL,BUMITAMA\sqlservice,0,NULL,2026-09-02 04:20:04.9139050 +07:00,2026-09-02 04:41:15.7246863 +07:00,1270811,7,BUMITAMA\sqlservice,BGASVR-DWH-DEV
1240583,Project_Fact,AP_AGING_PROJECT,Ap_Aging.dtsx,NULL,NULL,BUMITAMA\sqlservice,0,NULL,2026-09-02 05:00:00.7241068 +07:00,2026-09-02 05:00:08.4815542 +07:00,7757,7,BUMITAMA\sqlservice,BGASVR-DWH-DEV
1240584,Project_Fact,PAYMENT TREASURY,DIM_PAYMENT.dtsx,NULL,NULL,BUMITAMA\sqlservice,1,NULL,2026-09-02 05:00:00.7581140 +07:00,2026-09-02 05:00:04.7273353 +07:00,3969,7,BUMITAMA\sqlservice,BGASVR-DWH-DEV
1240585,Project_Fact,DWH_SMALLER_FACT,CHECK_QUERY_DATA.dtsx,NULL,NULL,BUMITAMA\sqlservice,0,NULL,2026-09-02 05:00:00.7781182 +07:00,2026-09-02 05:00:06.1764231 +07:00,5398,7,BUMITAMA\sqlservice,BGASVR-DWH-DEV
1240586,Project_Fact,PAYMENT TREASURY,MAPPING_GROUP_PAYMENT.dtsx,NULL,NULL,BUMITAMA\sqlservice,1,NULL,2026-09-02 05:00:08.8955795 +07:00,2026-09-02 05:00:11.5407253 +07:00,2645,7,BUMITAMA\sqlservice,BGASVR-DWH-DEV
1240587,Project_Fact,DWH_LKK_PROJECT_NEW,INSERT_MAPPING_BIAYA_TANAMAN.dtsx,NULL,NULL,BUMITAMA\sqlservice,1,NULL,2026-09-02 05:00:10.3886671 +07:00,2026-09-02 05:11:19.6209889 +07:00,669232,7,BUMITAMA\sqlservice,BGASVR-DWH-DEV
1240588,Project_Fact,PAYMENT TREASURY,FACT_SUMMARY_PAYMENT.dtsx,NULL,NULL,BUMITAMA\sqlservice,1,NULL,2026-09-02 05:00:14.0928723 +07:00,2026-09-02 05:00:41.1064151 +07:00,27014,7,BUMITAMA\sqlservice,BGASVR-DWH-DEV
1240589,Project_Fact,PAYMENT TREASURY,FACT_DETAIL_PAYMENT.dtsx,NULL,NULL,BUMITAMA\sqlservice,1,NULL,2026-09-02 05:00:42.5574982 +07:00,2026-09-02 05:00:57.0613294 +07:00,14504,7,BUMITAMA\sqlservice,BGASVR-DWH-DEV
1240590,Project_Fact,PAYMENT TREASURY,FACT_OUTSTANDING_PAYMENT.dtsx,NULL,NULL,BUMITAMA\sqlservice,1,NULL,2026-09-02 05:01:02.4766437 +07:00,2026-09-02 05:01:18.2165404 +07:00,15740,7,BUMITAMA\sqlservice,BGASVR-DWH-DEV
1240591,Project_Fact,PAYMENT TREASURY,FACT_PERFORMANCE_PAYMENT.dtsx,NULL,NULL,BUMITAMA\sqlservice,1,NULL,2026-09-02 05:01:19.5656171 +07:00,2026-09-02 05:01:48.3142654 +07:00,28749,7,BUMITAMA\sqlservice,BGASVR-DWH-DEV
1240592,Project_Fact,PAYMENT TREASURY,FACT_BALANCE_PAYMENT.dtsx,NULL,NULL,BUMITAMA\sqlservice,1,NULL,2026-09-02 05:01:48.8062961 +07:00,2026-09-02 05:01:50.6924061 +07:00,1886,7,BUMITAMA\sqlservice,BGASVR-DWH-DEV
1240593,Project_Fact,AWL,Staging.dtsx,NULL,NULL,BUMITAMA\sqlservice,1,NULL,2026-09-02 05:05:01.1493419 +07:00,2026-09-02 05:08:03.2807404 +07:00,182131,7,BUMITAMA\sqlservice,BGASVR-DWH-DEV
1240594,Project_Fact,AWL,Fact.dtsx,NULL,NULL,BUMITAMA\sqlservice,0,NULL,2026-09-02 05:08:05.9018902 +07:00,2026-09-02 05:08:12.1072939 +07:00,6206,7,BUMITAMA\sqlservice,BGASVR-DWH-DEV
1240595,Project_Fact,AWL,AWL_Warning.dtsx,NULL,NULL,BUMITAMA\sqlservice,0,NULL,2026-09-02 05:08:13.3593186 +07:00,2026-09-02 05:08:17.9815782 +07:00,4622,7,BUMITAMA\sqlservice,BGASVR-DWH-DEV
1240596,Project_Fact,Blok Manuring System,FACT_BJR.dtsx,NULL,NULL,BUMITAMA\sqlservice,0,NULL,2026-09-02 05:10:00.8324719 +07:00,2026-09-02 05:10:15.3083024 +07:00,14476,7,BUMITAMA\sqlservice,BGASVR-DWH-DEV
1240597,Project_Fact,Blok Manuring System,FACT_BMS.dtsx,NULL,NULL,BUMITAMA\sqlservice,0,NULL,2026-09-02 05:10:17.9204465 +07:00,2026-09-02 05:10:37.6925815 +07:00,19772,7,BUMITAMA\sqlservice,BGASVR-DWH-DEV
1240598,Project_Fact,DWH_LKK_PROJECT_NEW,FACT_LKK.dtsx,NULL,NULL,BUMITAMA\sqlservice,0,NULL,2026-09-02 05:11:22.4751468 +07:00,2026-09-02 06:21:42.4508064 +07:00,4219975,7,BUMITAMA\sqlservice,BGASVR-DWH-DEV
1240599,Project_Fact,PERFORMANCE_QUALITY_BHS,Fact.dtsx,NULL,NULL,BUMITAMA\sqlservice,0,NULL,2026-09-02 05:20:01.4398667 +07:00,2026-09-02 05:22:07.4780872 +07:00,126039,7,BUMITAMA\sqlservice,BGASVR-DWH-DEV
1240600,Project_Fact,PERFORMANCE_QUALITY_BGS,Fact.dtsx,NULL,NULL,BUMITAMA\sqlservice,0,NULL,2026-09-02 05:30:01.0672066 +07:00,2026-09-02 05:30:06.0274860 +07:00,4960,7,BUMITAMA\sqlservice,BGASVR-DWH-DEV
1240601,Project_Fact,RELOKASI_BUDGET_PROJECT,Staging_Relocation_Budget.dtsx,NULL,NULL,BUMITAMA\sqlservice,1,NULL,2026-09-02 05:40:01.0595654 +07:00,2026-09-02 05:40:04.1397446 +07:00,3080,7,BUMITAMA\sqlservice,BGASVR-DWH-DEV
1240602,Sequence_Table,Sequence_Table,Seq_Staging_NON_SAP_TMS.dtsx,NULL,NULL,BUMITAMA\sqlservice,0,NULL,2026-09-02 05:40:01.1875724 +07:00,2026-09-02 05:40:20.3666665 +07:00,19179,4,BUMITAMA\sqlservice,BGASVR-DWH-DEV
1240603,Project_Fact,RELOKASI_BUDGET_PROJECT,FACT_RELOCATION_BUDGET.dtsx,NULL,NULL,BUMITAMA\sqlservice,0,NULL,2026-09-02 05:40:06.6428916 +07:00,2026-09-02 05:44:13.7880372 +07:00,247146,7,BUMITAMA\sqlservice,BGASVR-DWH-DEV
1240604,Project_Fact,DAILY_OPERATION,FACT_DAILY_OPR.dtsx,NULL,NULL,BUMITAMA\sqlservice,0,NULL,2026-09-02 05:45:01.0617442 +07:00,2026-09-02 05:53:06.0385171 +07:00,484977,7,BUMITAMA\sqlservice,BGASVR-DWH-DEV
1240605,Project_Fact,Docket Jangkos Kompos,FACT_DOCKET.dtsx,NULL,NULL,BUMITAMA\sqlservice,0,NULL,2026-09-02 05:55:01.1111085 +07:00,2026-09-02 05:55:03.8332624 +07:00,2722,7,BUMITAMA\sqlservice,BGASVR-DWH-DEV
1240606,Project_Fact,AWS,FACT_AWS.dtsx,NULL,NULL,BUMITAMA\sqlservice,1,NULL,2026-09-02 06:00:01.2042936 +07:00,2026-09-02 06:02:29.2737700 +07:00,148069,7,BUMITAMA\sqlservice,BGASVR-DWH-DEV
1240608,Project_Fact,REALISASI VS ANGGARAN HO PROJECT,INSERT MAPPING.dtsx,NULL,NULL,BUMITAMA\sqlservice,1,NULL,2026-09-02 06:00:01.2252926 +07:00,2026-09-02 06:00:04.6064913 +07:00,3381,7,BUMITAMA\sqlservice,BGASVR-DWH-DEV
1240607,Sequence_Table,Sequence_Table,Seq_Staging_SPARTA_4T.dtsx,NULL,NULL,BUMITAMA\sqlservice,0,NULL,2026-09-02 06:00:01.2792948 +07:00,2026-09-02 06:13:53.0529271 +07:00,831773,7,BUMITAMA\sqlservice,BGASVR-DWH-DEV
1240609,Project_Fact,Bearer_Plant,DWH_DIM_BEARER_PLANT.dtsx,NULL,NULL,BUMITAMA\sqlservice,1,NULL,2026-09-02 06:00:01.2933040 +07:00,2026-09-02 06:00:03.9064445 +07:00,2613,7,BUMITAMA\sqlservice,BGASVR-DWH-DEV
1240610,Project_Fact,Bearer_Plant,DWH_FACT_BP_COEP.dtsx,NULL,NULL,BUMITAMA\sqlservice,0,NULL,2026-09-02 06:00:08.7597343 +07:00,2026-09-02 06:03:25.7210010 +07:00,196962,7,BUMITAMA\sqlservice,BGASVR-DWH-DEV
1240611,Project_Fact,REALISASI VS ANGGARAN HO PROJECT,UPLOAD_PTAB_RELOKASI_COP.dtsx,NULL,NULL,BUMITAMA\sqlservice,1,NULL,2026-09-02 06:00:08.9617364 +07:00,2026-09-02 06:00:17.2152082 +07:00,8254,7,BUMITAMA\sqlservice,BGASVR-DWH-DEV
1240612,Project_Fact,REALISASI VS ANGGARAN HO PROJECT,DIMENSI_REALIASI_VS_ANGGARAN_HO.dtsx,NULL,NULL,BUMITAMA\sqlservice,0,NULL,2026-09-02 06:00:20.6864091 +07:00,2026-09-02 06:00:46.3558784 +07:00,25669,7,BUMITAMA\sqlservice,BGASVR-DWH-DEV
1240613,Project_Fact,REALISASI VS ANGGARAN HO PROJECT,FACT_REALISASI_VS_ANGGARAN_HO.dtsx,NULL,NULL,BUMITAMA\sqlservice,0,NULL,2026-09-02 06:00:51.4121648 +07:00,2026-09-02 06:17:26.7221686 +07:00,995310,7,BUMITAMA\sqlservice,BGASVR-DWH-DEV
1240614,Project_Fact,Bearer_Plant,DWH_FACT_BP_ZVT_MSEGPF.dtsx,NULL,NULL,BUMITAMA\sqlservice,0,NULL,2026-09-02 06:03:27.5261055 +07:00,2026-09-02 06:04:46.5836400 +07:00,79057,7,BUMITAMA\sqlservice,BGASVR-DWH-DEV
1240615,Project_Fact,Bearer_Plant,DWH_FACT_BP_FAGLFLEXT.dtsx,NULL,NULL,BUMITAMA\sqlservice,0,NULL,2026-09-02 06:04:49.3237926 +07:00,2026-09-02 06:05:08.3658887 +07:00,19042,7,BUMITAMA\sqlservice,BGASVR-DWH-DEV
1240616,Project_Fact,AWL,Staging.dtsx,NULL,NULL,BUMITAMA\sqlservice,1,NULL,2026-09-02 06:05:03.2395916 +07:00,2026-09-02 06:09:52.8691738 +07:00,289630,7,BUMITAMA\sqlservice,BGASVR-DWH-DEV
1240617,Project_Fact,PPH21_DJP,FACT_DJP.dtsx,NULL,NULL,BUMITAMA\sqlservice,0,NULL,2026-09-02 06:05:03.3255916 +07:00,2026-09-02 06:06:40.9201807 +07:00,97595,7,BUMITAMA\sqlservice,BGASVR-DWH-DEV
1240618,Selling Expenses,Selling Expenses,source to staging.dtsx,NULL,NULL,BUMITAMA\sqlservice,1,NULL,2026-09-02 06:05:03.4726026 +07:00,2026-09-02 06:05:31.5802158 +07:00,28108,7,BUMITAMA\sqlservice,BGASVR-DWH-DEV
1240619,Project_Fact,Bearer_Plant,DWH_FACT_BP_Excel_Manual_Upload.dtsx,NULL,NULL,BUMITAMA\sqlservice,1,NULL,2026-09-02 06:05:11.1850505 +07:00,2026-09-02 06:05:14.0052039 +07:00,2820,7,BUMITAMA\sqlservice,BGASVR-DWH-DEV
1240620,Project_Fact,Bearer_Plant,Generate YTD.dtsx,NULL,NULL,BUMITAMA\sqlservice,0,NULL,2026-09-02 06:05:15.4262914 +07:00,2026-09-02 06:05:35.0444144 +07:00,19618,7,BUMITAMA\sqlservice,BGASVR-DWH-DEV
1240621,Selling Expenses,Selling Expenses,staging to dwh.dtsx,NULL,NULL,BUMITAMA\sqlservice,0,NULL,2026-09-02 06:05:32.6562817 +07:00,2026-09-02 06:06:05.2531393 +07:00,32597,7,BUMITAMA\sqlservice,BGASVR-DWH-DEV
1240622,Project_Fact,Bearer_Plant,Generate MTD.dtsx,NULL,NULL,BUMITAMA\sqlservice,0,NULL,2026-09-02 06:05:36.2584788 +07:00,2026-09-02 06:05:50.6753057 +07:00,14417,7,BUMITAMA\sqlservice,BGASVR-DWH-DEV
1240623,Project_Fact,Bearer_Plant,DWH_FACT_BEARER_PLANT_SUMMARIZE.dtsx,NULL,NULL,BUMITAMA\sqlservice,0,NULL,2026-09-02 06:05:53.6254744 +07:00,2026-09-02 06:06:03.7510537 +07:00,10126,7,BUMITAMA\sqlservice,BGASVR-DWH-DEV
1240624,Project_Fact,Bearer_Plant,DWH_FACT_BEARER_PLANT_SUMMARIZE_Excel.dtsx,NULL,NULL,BUMITAMA\sqlservice,1,NULL,2026-09-02 06:06:07.9603014 +07:00,2026-09-02 06:06:12.8565824 +07:00,4896,7,BUMITAMA\sqlservice,BGASVR-DWH-DEV
1240625,Project_Fact,Bearer_Plant_Consol,Group_Pipeline_Dim_Bearer_Plant_Consol.dtsx,NULL,NULL,BUMITAMA\sqlservice,1,NULL,2026-09-02 06:06:13.2435980 +07:00,2026-09-02 06:06:18.0448759 +07:00,4801,7,BUMITAMA\sqlservice,BGASVR-DWH-DEV
1240626,Project_Fact,Bearer_Plant_Consol,DWH_FACT_BEARER_PLANT_CONSOL.dtsx,NULL,NULL,BUMITAMA\sqlservice,0,NULL,2026-09-02 06:06:21.3080557 +07:00,2026-09-02 06:15:21.5570016 +07:00,540249,7,BUMITAMA\sqlservice,BGASVR-DWH-DEV
1240627,Project_Fact,AWL,Fact.dtsx,NULL,NULL,BUMITAMA\sqlservice,0,NULL,2026-09-02 06:09:55.0442993 +07:00,2026-09-02 06:10:20.1467424 +07:00,25102,7,BUMITAMA\sqlservice,BGASVR-DWH-DEV
1240628,Project_Fact,Account_Reservable,FACT_AR.dtsx,NULL,NULL,BUMITAMA\sqlservice,0,NULL,2026-09-02 06:10:01.4896694 +07:00,2026-09-02 06:11:07.9624713 +07:00,66473,7,BUMITAMA\sqlservice,BGASVR-DWH-DEV
1240629,Project_Fact,AWL,AWL_Warning.dtsx,NULL,NULL,BUMITAMA\sqlservice,0,NULL,2026-09-02 06:10:22.2638572 +07:00,2026-09-02 06:10:25.8040655 +07:00,3541,7,BUMITAMA\sqlservice,BGASVR-DWH-DEV
1240630,Project_Fact,Bearer_Plant_Consol,Group_Pipeline_Bearer_Plant_Consol_1.dtsx,NULL,NULL,BUMITAMA\sqlservice,0,NULL,2026-09-02 06:15:23.7461237 +07:00,2026-09-02 06:15:42.8432438 +07:00,19097,7,BUMITAMA\sqlservice,BGASVR-DWH-DEV
1240631,Project_Fact,Bearer_Plant_Consol,Group_Pipeline_Bearer_Plant_Consol_2.dtsx,NULL,NULL,BUMITAMA\sqlservice,0,NULL,2026-09-02 06:15:47.6615009 +07:00,2026-09-02 06:15:59.1051488 +07:00,11444,7,BUMITAMA\sqlservice,BGASVR-DWH-DEV
1240632,Project_Fact,Bearer_Plant_Consol,DWH_FACT_BGA_CONSOL.dtsx,NULL,NULL,BUMITAMA\sqlservice,0,NULL,2026-09-02 06:16:01.7142993 +07:00,2026-09-02 06:16:09.8417882 +07:00,8127,7,BUMITAMA\sqlservice,BGASVR-DWH-DEV
1240633,Project_Fact,Bearer_Plant_Consol,DWH_FACT_BAL_CONSOL.dtsx,NULL,NULL,BUMITAMA\sqlservice,0,NULL,2026-09-02 06:16:11.8798797 +07:00,2026-09-02 06:16:15.5720908 +07:00,3693,7,BUMITAMA\sqlservice,BGASVR-DWH-DEV
1240634,Project_Fact,PPH21_DJP,FACT_TAX_PAYMENT.dtsx,NULL,NULL,BUMITAMA\sqlservice,1,NULL,2026-09-02 06:20:00.9339993 +07:00,2026-09-02 06:20:03.6801578 +07:00,2747,7,BUMITAMA\sqlservice,BGASVR-DWH-DEV
1240635,Project_Fact,PPH21_DJP,FACT_PPH21.dtsx,NULL,NULL,BUMITAMA\sqlservice,1,NULL,2026-09-02 06:25:14.6659593 +07:00,2026-09-02 06:25:51.5330721 +07:00,36868,7,BUMITAMA\sqlservice,BGASVR-DWH-DEV
1240636,Project_Fact,DWH_GRADING_TBS,Staging.dtsx,NULL,NULL,BUMITAMA\sqlservice,0,NULL,2026-09-02 06:25:42.3185454 +07:00,2026-09-02 06:26:01.4736462 +07:00,19155,4,BUMITAMA\sqlservice,BGASVR-DWH-DEV
1240637,Project_Fact,MACHINE_LEARNING,FACT_ML_YP.dtsx,NULL,NULL,BUMITAMA\sqlservice,0,NULL,2026-09-02 06:25:43.5006105 +07:00,2026-09-02 06:26:00.8586059 +07:00,17358,7,BUMITAMA\sqlservice,BGASVR-DWH-DEV
1240638,Project_Fact,premi dan lembur monitoring,DWH_STG to DWH_DM.dtsx,NULL,NULL,BUMITAMA\sqlservice,0,NULL,2026-09-02 06:25:43.5216119 +07:00,2026-09-02 07:03:49.1845045 +07:00,2285663,7,BUMITAMA\sqlservice,BGASVR-DWH-DEV
1240639,Project_Fact,DWH_SMALLER_FACT,CHECK_QUERY_DATA.dtsx,NULL,NULL,BUMITAMA\sqlservice,0,NULL,2026-09-02 06:25:43.5396162 +07:00,2026-09-02 06:25:48.9859275 +07:00,5446,7,BUMITAMA\sqlservice,BGASVR-DWH-DEV
1240640,Project_Fact,DWH_SMALLER_FACT,CHECK_QUERY_DATA.dtsx,NULL,NULL,BUMITAMA\sqlservice,0,NULL,2026-09-02 06:25:43.6916222 +07:00,2026-09-02 06:25:49.1209372 +07:00,5429,7,BUMITAMA\sqlservice,BGASVR-DWH-DEV
1240641,Project_Fact,SPARTA_PROJECT,DIMENSI_SPARTA.dtsx,NULL,NULL,BUMITAMA\sqlservice,0,NULL,2026-09-02 06:25:51.5450729 +07:00,2026-09-02 06:26:15.0864201 +07:00,23541,7,BUMITAMA\sqlservice,BGASVR-DWH-DEV
1240642,Project_Fact,DAILY_DASHBOARD_PROJECT,STG_OPERATIONAL_HOLIDAY.dtsx,NULL,NULL,BUMITAMA\sqlservice,1,NULL,2026-09-02 06:25:53.2221684 +07:00,2026-09-02 06:25:54.9802713 +07:00,1758,7,BUMITAMA\sqlservice,BGASVR-DWH-DEV
1240643,Project_Fact,DAILY_DASHBOARD_PROJECT,STG_DAILY_DASHBOARD.dtsx,NULL,NULL,BUMITAMA\sqlservice,1,NULL,2026-09-02 06:25:57.8344358 +07:00,2026-09-02 06:26:01.4366476 +07:00,3602,7,BUMITAMA\sqlservice,BGASVR-DWH-DEV
1240644,Project_Fact,MACHINE_LEARNING,FACT_AP_TBS_.dtsx,NULL,NULL,BUMITAMA\sqlservice,0,NULL,2026-09-02 06:26:02.1176787 +07:00,2026-09-02 06:30:47.3010099 +07:00,285184,7,BUMITAMA\sqlservice,BGASVR-DWH-DEV
1240645,Project_Fact,DAILY_DASHBOARD_PROJECT,FACT_DD_TBS.dtsx,NULL,NULL,BUMITAMA\sqlservice,0,NULL,2026-09-02 06:26:02.4156997 +07:00,2026-09-02 06:41:30.5048430 +07:00,928089,7,BUMITAMA\sqlservice,BGASVR-DWH-DEV
1240646,Project_Fact,SPARTA_PROJECT,FACT_SPARTA_LHA_NEW.dtsx,NULL,NULL,BUMITAMA\sqlservice,0,NULL,2026-09-02 06:26:19.0366487 +07:00,2026-09-02 06:54:45.3523622 +07:00,1706316,7,BUMITAMA\sqlservice,BGASVR-DWH-DEV
1240647,Project_Fact,PAYMENT_REALIZATION,Dim_Payment_Mapping.dtsx,NULL,NULL,BUMITAMA\sqlservice,1,NULL,2026-09-02 06:30:01.0143586 +07:00,2026-09-02 06:30:05.4376147 +07:00,4423,7,BUMITAMA\sqlservice,BGASVR-DWH-DEV
1240648,Project_Fact,PPH21_DJP,FACT_UNIFIKASI.dtsx,NULL,NULL,BUMITAMA\sqlservice,1,NULL,2026-09-02 06:30:01.0213585 +07:00,2026-09-02 06:31:30.0364598 +07:00,89015,7,BUMITAMA\sqlservice,BGASVR-DWH-DEV
1240649,Project_Fact,PAYMENT_REALIZATION,Fact_Payment.dtsx,NULL,NULL,BUMITAMA\sqlservice,1,NULL,2026-09-02 06:30:10.2038865 +07:00,2026-09-02 06:31:33.7536740 +07:00,83550,7,BUMITAMA\sqlservice,BGASVR-DWH-DEV
1240650,Project_Fact,TBS_ANGKUT_PROJECT,UPLOAD_TBS_ANGKUT.dtsx,NULL,NULL,BUMITAMA\sqlservice,1,NULL,2026-09-02 06:37:22.2336268 +07:00,2026-09-02 06:39:55.7164146 +07:00,153483,7,BUMITAMA\sqlservice,BGASVR-DWH-DEV
1240651,LKK Phase 2,LKK Phase 2,STG to DWH.dtsx,NULL,NULL,BUMITAMA\sqlservice,0,NULL,2026-09-02 06:40:00.0856667 +07:00,2026-09-02 07:29:46.5436915 +07:00,2986458,7,BUMITAMA\sqlservice,BGASVR-DWH-DEV
1240652,Project_Fact,PPH21_DJP,FACT_PPH_ANNUAL.dtsx,NULL,NULL,BUMITAMA\sqlservice,0,NULL,2026-09-02 06:40:00.6887025 +07:00,2026-09-02 06:40:22.5539525 +07:00,21865,7,BUMITAMA\sqlservice,BGASVR-DWH-DEV
1240653,Project_Fact,DAILY_DASHBOARD_PROJECT,FACT_DD_SUMMARY.dtsx,NULL,NULL,BUMITAMA\sqlservice,0,NULL,2026-09-02 06:41:44.0976224 +07:00,2026-09-02 06:42:28.8251838 +07:00,44728,7,BUMITAMA\sqlservice,BGASVR-DWH-DEV
1240654,Project_Fact,INTERNAL_AUDIT,FACT_INTERNAL_AUDIT.dtsx,NULL,NULL,BUMITAMA\sqlservice,0,NULL,2026-09-02 06:45:01.6609414 +07:00,2026-09-02 07:22:06.3763445 +07:00,2224716,7,BUMITAMA\sqlservice,BGASVR-DWH-DEV
1240655,Project_Fact,PPH21_DJP,FACT_PPH_ANNUAL_SPLIT.dtsx,NULL,NULL,BUMITAMA\sqlservice,0,NULL,2026-09-02 06:45:59.9152714 +07:00,2026-09-02 07:24:27.2914098 +07:00,2307376,7,BUMITAMA\sqlservice,BGASVR-DWH-DEV
1240656,Project_Fact,DWH_SMALLER_FACT,CHECK_QUERY_DATA.dtsx,NULL,NULL,BUMITAMA\sqlservice,0,NULL,2026-09-02 06:50:01.6201169 +07:00,2026-09-02 06:50:12.1157136 +07:00,10495,7,BUMITAMA\sqlservice,BGASVR-DWH-DEV
1240657,Project_Fact,RANKING_PAYROLL,FACT_RANKING_PAYROLL.dtsx,NULL,NULL,BUMITAMA\sqlservice,0,NULL,2026-09-02 06:50:15.0408859 +07:00,2026-09-02 07:16:45.1039395 +07:00,1590063,7,BUMITAMA\sqlservice,BGASVR-DWH-DEV
1240658,Project_Fact,SPARTA_PROJECT,FACT_SPARTA_FISIK_PREMI.dtsx,NULL,NULL,BUMITAMA\sqlservice,0,NULL,2026-09-02 06:56:03.5988461 +07:00,2026-09-02 07:22:14.6638124 +07:00,1571065,7,BUMITAMA\sqlservice,BGASVR-DWH-DEV
1240659,Project_Fact,DWH_SMALLER_FACT,FACT_COST_TO_MATURITY.dtsx,NULL,NULL,BUMITAMA\sqlservice,1,NULL,2026-09-02 07:00:01.3534616 +07:00,2026-09-02 07:03:17.8997139 +07:00,196546,7,BUMITAMA\sqlservice,BGASVR-DWH-DEV
1240660,Project_Fact,TBS_EXTERNAL_PROJECT,Fact_TBS_External.dtsx,NULL,NULL,BUMITAMA\sqlservice,1,NULL,2026-09-02 07:00:01.4954663 +07:00,2026-09-02 07:05:17.6465729 +07:00,316151,7,BUMITAMA\sqlservice,BGASVR-DWH-DEV
1240662,Project_Fact,DWH_SMALLER_FACT,CHECK_QUERY_DATA.dtsx,NULL,NULL,BUMITAMA\sqlservice,0,NULL,2026-09-02 07:00:01.6284783 +07:00,2026-09-02 07:00:34.1523373 +07:00,32524,7,BUMITAMA\sqlservice,BGASVR-DWH-DEV
1240661,Project_Fact,DWH_SMALLER_FACT,CHECK_QUERY_DATA.dtsx,NULL,NULL,BUMITAMA\sqlservice,0,NULL,2026-09-02 07:00:01.6404777 +07:00,2026-09-02 07:00:34.1013369 +07:00,32461,7,BUMITAMA\sqlservice,BGASVR-DWH-DEV
1240663,Project_Fact,ANALISA_LOW_YIELD,Fact.dtsx,NULL,NULL,BUMITAMA\sqlservice,0,NULL,2026-09-02 07:00:37.2605127 +07:00,2026-09-02 07:06:35.0050303 +07:00,357745,7,BUMITAMA\sqlservice,BGASVR-DWH-DEV
1240664,Project_Fact,DWH_SMALLER_FACT,FACT_MONITORING_CAPEX.dtsx,NULL,NULL,BUMITAMA\sqlservice,1,NULL,2026-09-02 07:00:38.7106001 +07:00,2026-09-02 07:18:48.0359810 +07:00,1089325,7,BUMITAMA\sqlservice,BGASVR-DWH-DEV
1240666,Sequence_Table,Sequence_Table,Seq_Staging_Power_Monitoring.dtsx,NULL,NULL,BUMITAMA\sqlservice,0,NULL,2026-09-02 07:05:04.5648225 +07:00,2026-09-02 07:06:02.0781153 +07:00,57514,7,BUMITAMA\sqlservice,BGASVR-DWH-DEV
1240665,Project_Fact,AWL,Staging.dtsx,NULL,NULL,BUMITAMA\sqlservice,1,NULL,2026-09-02 07:05:05.6918892 +07:00,2026-09-02 07:07:57.7517391 +07:00,172060,7,BUMITAMA\sqlservice,BGASVR-DWH-DEV
1240667,Project_Fact,DWH_POWER_MONITORING,Fact.dtsx,NULL,NULL,BUMITAMA\sqlservice,0,NULL,2026-09-02 07:06:08.0754660 +07:00,2026-09-02 07:08:08.0273280 +07:00,119952,7,BUMITAMA\sqlservice,BGASVR-DWH-DEV
1240668,Project_Fact,AWL,Fact.dtsx,NULL,NULL,BUMITAMA\sqlservice,0,NULL,2026-09-02 07:08:01.2259386 +07:00,2026-09-02 07:08:32.2737151 +07:00,31048,7,BUMITAMA\sqlservice,BGASVR-DWH-DEV
1240669,Project_Fact,AWL,AWL_Warning.dtsx,NULL,NULL,BUMITAMA\sqlservice,0,NULL,2026-09-02 07:08:34.4538442 +07:00,2026-09-02 07:08:39.0131093 +07:00,4560,7,BUMITAMA\sqlservice,BGASVR-DWH-DEV
1240670,Project_Fact,DWH_COST_PER_HECTAR,Fact.dtsx,NULL,NULL,BUMITAMA\sqlservice,0,NULL,2026-09-02 07:10:01.2638210 +07:00,2026-09-02 07:12:38.7368309 +07:00,157473,7,BUMITAMA\sqlservice,BGASVR-DWH-DEV
1240671,Project_Fact,Audit HO,STG Audit.dtsx,NULL,NULL,BUMITAMA\sqlservice,1,NULL,2026-09-02 07:10:01.3208203 +07:00,2026-09-02 07:10:07.4421695 +07:00,6122,7,BUMITAMA\sqlservice,BGASVR-DWH-DEV
1240672,Project_Fact,DWH_SMALLER_FACT,CHECK_QUERY_DATA.dtsx,NULL,NULL,BUMITAMA\sqlservice,0,NULL,2026-09-02 07:10:01.3398235 +07:00,2026-09-02 07:10:06.8801411 +07:00,5541,7,BUMITAMA\sqlservice,BGASVR-DWH-DEV
1240673,Project_Fact,ALOKASI_DAN_ABSENSI_HK,FACT_ALOKASI_DAN_ABSENSI_HK.dtsx,NULL,NULL,BUMITAMA\sqlservice,0,NULL,2026-09-02 07:10:09.0212605 +07:00,2026-09-02 07:18:39.5124934 +07:00,510491,7,BUMITAMA\sqlservice,BGASVR-DWH-DEV
1240674,Project_Fact,ALOKASI_DAN_ABSENSI_HK,FACT_PUSINGAN_PANEN_DAN_RAWAT.dtsx,NULL,NULL,BUMITAMA\sqlservice,0,NULL,2026-09-02 07:18:44.2337602 +07:00,2026-09-02 07:21:51.2114709 +07:00,186978,7,BUMITAMA\sqlservice,BGASVR-DWH-DEV
1240676,Project_Fact,DWH_TRAKSI,STG_TRAKSI_LHT.dtsx,NULL,NULL,BUMITAMA\sqlservice,1,NULL,2026-09-02 07:20:00.5921334 +07:00,2026-09-02 07:20:07.3075187 +07:00,6715,7,BUMITAMA\sqlservice,BGASVR-DWH-DEV
1240675,Project_Fact,Vehicle Registration,FACT_VR.dtsx,NULL,NULL,BUMITAMA\sqlservice,0,NULL,2026-09-02 07:20:00.6141358 +07:00,2026-09-02 07:20:10.8797263 +07:00,10265,7,BUMITAMA\sqlservice,BGASVR-DWH-DEV
1240677,Project_Fact,DWH_TRAKSI,FACT_TRAKSI_LHT.dtsx,NULL,NULL,BUMITAMA\sqlservice,0,NULL,2026-09-02 07:20:09.6966572 +07:00,2026-09-02 07:23:30.8971805 +07:00,201201,7,BUMITAMA\sqlservice,BGASVR-DWH-DEV
1240678,Project_Fact,DWH_LHM,Fact Rekap.dtsx,NULL,NULL,BUMITAMA\sqlservice,0,NULL,2026-09-02 07:22:19.1340681 +07:00,2026-09-02 07:31:37.8560641 +07:00,558722,7,BUMITAMA\sqlservice,BGASVR-DWH-DEV
1240679,Project_Fact,DWH_TRAKSI,FACT_LHT_AB.dtsx,NULL,NULL,BUMITAMA\sqlservice,0,NULL,2026-09-02 07:23:34.0513596 +07:00,2026-09-02 07:25:29.5389727 +07:00,115487,7,BUMITAMA\sqlservice,BGASVR-DWH-DEV
1240680,Project_Fact,UANG_MUKA_PROJECT,FACT_UANG_MUKA.dtsx,NULL,NULL,BUMITAMA\sqlservice,0,NULL,2026-09-02 07:30:01.9125743 +07:00,2026-09-02 07:32:49.8251842 +07:00,167913,7,BUMITAMA\sqlservice,BGASVR-DWH-DEV
1240681,Project_Fact,Rekapitulasi,Fact_Rekapitulasi.dtsx,NULL,NULL,BUMITAMA\sqlservice,1,NULL,2026-09-02 07:30:01.9125743 +07:00,2026-09-02 07:30:26.5469850 +07:00,24634,7,BUMITAMA\sqlservice,BGASVR-DWH-DEV
1240682,Project_Fact,DAILY_DASHBOARD_PROJECT,STG_TBS_EXTERNAL.dtsx,NULL,NULL,BUMITAMA\sqlservice,0,NULL,2026-09-02 07:30:01.9205770 +07:00,2026-09-02 07:31:22.3881804 +07:00,80468,7,BUMITAMA\sqlservice,BGASVR-DWH-DEV
1240683,Project_Fact,DAILY_DASHBOARD_PROJECT,FACT_DD_TBS.dtsx,NULL,NULL,BUMITAMA\sqlservice,0,NULL,2026-09-02 07:31:24.8643254 +07:00,2026-09-02 07:48:42.7127538 +07:00,1037848,7,BUMITAMA\sqlservice,BGASVR-DWH-DEV
1240684,Project_Fact,SPK_BAPP,SPK_BAPP.dtsx,NULL,NULL,BUMITAMA\sqlservice,0,NULL,2026-09-02 07:45:01.0640615 +07:00,2026-09-02 07:45:17.5710100 +07:00,16507,7,BUMITAMA\sqlservice,BGASVR-DWH-DEV
1240685,Project_Fact,CIVIL_ENGINEERING_PROJECT,FACT_CIVIL_ENGINEERING.dtsx,NULL,NULL,BUMITAMA\sqlservice,0,NULL,2026-09-02 07:45:18.8490826 +07:00,2026-09-02 07:46:19.4175486 +07:00,60568,7,BUMITAMA\sqlservice,BGASVR-DWH-DEV
1240686,Project_Fact,SPK_BAPP,Payment.dtsx,NULL,NULL,BUMITAMA\sqlservice,0,NULL,2026-09-02 07:46:24.7508535 +07:00,2026-09-02 07:47:00.9139271 +07:00,36163,7,BUMITAMA\sqlservice,BGASVR-DWH-DEV
1240687,Project_Fact,DWH_PLASMA_GAPOKTAN,Fact.dtsx,NULL,NULL,BUMITAMA\sqlservice,0,NULL,2026-09-02 07:51:28.7982689 +07:00,2026-09-02 08:25:06.8908488 +07:00,2018092,7,BUMITAMA\sqlservice,BGASVR-DWH-DEV
1240688,Sequence_Table,Sequence_Table,Seq_Staging_SAP.dtsx,NULL,NULL,BUMITAMA\sqlservice,0,NULL,2026-09-02 08:00:00.4955754 +07:00,2026-09-02 08:13:08.2076797 +07:00,787712,7,BUMITAMA\sqlservice,BGASVR-DWH-DEV
1240689,Project_Fact,Segregation,Staging Segregation.dtsx,NULL,NULL,BUMITAMA\sqlservice,1,NULL,2026-09-02 08:00:00.5595721 +07:00,2026-09-02 08:00:05.8749174 +07:00,5315,7,BUMITAMA\sqlservice,BGASVR-DWH-DEV
1240690,Project_Fact,Segregation,Segregation.dtsx,NULL,NULL,BUMITAMA\sqlservice,0,NULL,2026-09-02 08:00:08.4630271 +07:00,2026-09-02 08:25:03.2096311 +07:00,1494746,7,BUMITAMA\sqlservice,BGASVR-DWH-DEV
1240691,Project_Fact,PEMAKAIAN_PUPUK_PROJECT,AKTUAL_PEMAKAIAN_PUPUK.dtsx,NULL,NULL,BUMITAMA\sqlservice,0,NULL,2026-09-02 08:05:00.6667567 +07:00,2026-09-02 08:06:52.3651549 +07:00,111699,7,BUMITAMA\sqlservice,BGASVR-DWH-DEV
1240692,Project_Fact,AWL,Staging.dtsx,NULL,NULL,BUMITAMA\sqlservice,1,NULL,2026-09-02 08:05:00.9277768 +07:00,2026-09-02 08:15:53.8031642 +07:00,652876,7,BUMITAMA\sqlservice,BGASVR-DWH-DEV
1240693,Sequence_Table,Sequence_Table,Seq_Staging_SAP_EHP8.dtsx,NULL,NULL,BUMITAMA\sqlservice,0,NULL,2026-09-02 08:13:12.8139451 +07:00,2026-09-02 08:17:45.9526041 +07:00,273139,7,BUMITAMA\sqlservice,BGASVR-DWH-DEV
1240694,Project_Fact,AWL,Fact.dtsx,NULL,NULL,BUMITAMA\sqlservice,0,NULL,2026-09-02 08:15:54.9742306 +07:00,2026-09-02 08:16:01.0375806 +07:00,6063,7,BUMITAMA\sqlservice,BGASVR-DWH-DEV
1240695,Project_Fact,AWL,AWL_Warning.dtsx,NULL,NULL,BUMITAMA\sqlservice,0,NULL,2026-09-02 08:16:05.3068222 +07:00,2026-09-02 08:16:07.6829587 +07:00,2376,7,BUMITAMA\sqlservice,BGASVR-DWH-DEV
1240696,Project_Fact,PRPOGR_Dashboard,Fact - fact_pr_po_gr.dtsx,NULL,NULL,BUMITAMA\sqlservice,0,NULL,2026-09-02 08:20:00.9053142 +07:00,2026-09-02 08:38:06.1874672 +07:00,1085282,7,BUMITAMA\sqlservice,BGASVR-DWH-DEV
1240697,Project_Fact,INVESTOR_RELATIONS_PROJECT,PL_BS.dtsx,NULL,NULL,BUMITAMA\sqlservice,1,NULL,2026-09-02 08:24:10.9126319 +07:00,2026-09-02 08:24:14.0158112 +07:00,3103,7,BUMITAMA\sqlservice,BGASVR-DWH-DEV
1240698,Project_Fact,INVESTOR_RELATIONS_PROJECT,PS_AS.dtsx,NULL,NULL,BUMITAMA\sqlservice,1,NULL,2026-09-02 08:24:14.9558691 +07:00,2026-09-02 09:31:37.2151084 +07:00,4042260,4,BUMITAMA\sqlservice,BGASVR-DWH-DEV
1240699,Project_Fact,PAYMENT TREASURY,DIM_PAYMENT.dtsx,NULL,NULL,BUMITAMA\sqlservice,1,NULL,2026-09-02 08:25:00.8685402 +07:00,2026-09-02 08:25:04.8027559 +07:00,3934,7,BUMITAMA\sqlservice,BGASVR-DWH-DEV
1240700,Project_Fact,PAYMENT TREASURY,MAPPING_GROUP_PAYMENT.dtsx,NULL,NULL,BUMITAMA\sqlservice,1,NULL,2026-09-02 08:25:07.0928481 +07:00,2026-09-02 08:25:09.7230022 +07:00,2631,7,BUMITAMA\sqlservice,BGASVR-DWH-DEV
1240701,Project_Fact,PAYMENT TREASURY,FACT_SUMMARY_PAYMENT.dtsx,NULL,NULL,BUMITAMA\sqlservice,1,NULL,2026-09-02 08:25:10.5730513 +07:00,2026-09-02 08:25:41.2108035 +07:00,30637,7,BUMITAMA\sqlservice,BGASVR-DWH-DEV
1240702,Project_Fact,PAYMENT TREASURY,FACT_DETAIL_PAYMENT.dtsx,NULL,NULL,BUMITAMA\sqlservice,1,NULL,2026-09-02 08:25:43.2809310 +07:00,2026-09-02 08:25:51.1363731 +07:00,7856,7,BUMITAMA\sqlservice,BGASVR-DWH-DEV
1240703,Project_Fact,PAYMENT TREASURY,FACT_OUTSTANDING_PAYMENT.dtsx,NULL,NULL,BUMITAMA\sqlservice,1,NULL,2026-09-02 08:25:53.8225276 +07:00,2026-09-02 08:25:59.9878785 +07:00,6165,7,BUMITAMA\sqlservice,BGASVR-DWH-DEV
1240704,Project_Fact,PAYMENT TREASURY,FACT_PERFORMANCE_PAYMENT.dtsx,NULL,NULL,BUMITAMA\sqlservice,1,NULL,2026-09-02 08:26:02.4460225 +07:00,2026-09-02 08:26:56.7451265 +07:00,54299,7,BUMITAMA\sqlservice,BGASVR-DWH-DEV
1240705,Project_Fact,LKK Dashboard,FACT_LKK_DASHBOARD.dtsx,NULL,NULL,BUMITAMA\sqlservice,0,NULL,2026-09-02 08:26:07.4643038 +07:00,2026-09-02 08:48:16.1052515 +07:00,1328641,7,BUMITAMA\sqlservice,BGASVR-DWH-DEV
1240706,Project_Fact,PAYMENT TREASURY,FACT_BALANCE_PAYMENT.dtsx,NULL,NULL,BUMITAMA\sqlservice,1,NULL,2026-09-02 08:26:59.6322908 +07:00,2026-09-02 08:27:02.4234510 +07:00,2791,7,BUMITAMA\sqlservice,BGASVR-DWH-DEV
1240707,Project_Fact,End to End CAPEX,Excel to STG.dtsx,NULL,NULL,BUMITAMA\sqlservice,1,NULL,2026-09-02 08:30:00.5446564 +07:00,2026-09-02 08:30:05.5069387 +07:00,4962,7,BUMITAMA\sqlservice,BGASVR-DWH-DEV
1240708,Project_Fact,End to End CAPEX,STG to DWH.dtsx,NULL,NULL,BUMITAMA\sqlservice,0,NULL,2026-09-02 08:30:08.6111163 +07:00,2026-09-02 08:30:38.6328348 +07:00,30021,7,BUMITAMA\sqlservice,BGASVR-DWH-DEV
1240709,Project_Fact,DWH_LKK_PROJECT_NEW,FACT_LKK_BIAYA_UPAH_PANEN_PENGENDALIAN_GULMA.dtsx,NULL,NULL,BUMITAMA\sqlservice,0,NULL,2026-09-02 08:48:23.6376809 +07:00,2026-09-02 09:03:04.8367828 +07:00,881199,7,BUMITAMA\sqlservice,BGASVR-DWH-DEV
1240710,Sequence_Table,Sequence_Table,Seq_Staging_SAP_SALDO_TREASURY.dtsx,NULL,NULL,BUMITAMA\sqlservice,0,NULL,2026-09-02 09:00:01.1560679 +07:00,2026-09-02 09:02:02.9358419 +07:00,121779,7,BUMITAMA\sqlservice,BGASVR-DWH-DEV
1240713,Sequence_Table,Sequence_Table,Seq_Staging_NON_SAP.dtsx,NULL,NULL,BUMITAMA\sqlservice,1,NULL,2026-09-02 09:00:01.1750678 +07:00,2026-09-02 09:03:46.0534120 +07:00,224878,6,BUMITAMA\sqlservice,BGASVR-DWH-DEV
1240711,Project_Fact,MONITORING_TICKET_WB,STAGING SAP8.dtsx,NULL,NULL,BUMITAMA\sqlservice,0,NULL,2026-09-02 09:00:01.7001071 +07:00,2026-09-02 09:00:13.6640255 +07:00,11964,7,BUMITAMA\sqlservice,BGASVR-DWH-DEV
1240712,Project_Fact,ESTATE_MILL_COST_PROJECT,INSERT_REPORT_LEVEL_ESTATE_MILL.dtsx,NULL,NULL,BUMITAMA\sqlservice,1,NULL,2026-09-02 09:00:01.7601112 +07:00,2026-09-02 09:00:08.8896570 +07:00,7129,7,BUMITAMA\sqlservice,BGASVR-DWH-DEV
1240714,Project_Fact,ESTATE_MILL_COST_PROJECT,FACT_ESTATE_MILL_COST.dtsx,NULL,NULL,BUMITAMA\sqlservice,0,NULL,2026-09-02 09:00:11.5688620 +07:00,2026-09-02 09:01:26.7725424 +07:00,75204,7,BUMITAMA\sqlservice,BGASVR-DWH-DEV
1240715,Project_Fact,MONITORING_TICKET_WB,STAGING.dtsx,NULL,NULL,BUMITAMA\sqlservice,1,NULL,2026-09-02 09:00:16.5182398 +07:00,2026-09-02 09:02:43.1174033 +07:00,146599,6,BUMITAMA\sqlservice,BGASVR-DWH-DEV
1240716,Sequence_Table,Sequence_Table,Seq_Staging_WB.dtsx,NULL,NULL,BUMITAMA\sqlservice,0,NULL,2026-09-02 09:01:00.9486425 +07:00,2026-09-02 09:02:15.3026281 +07:00,74354,4,BUMITAMA\sqlservice,BGASVR-DWH-DEV
1240717,Sequence_Table,Sequence_Table,Seq_Staging_SAP_EHP8_SALDO_TREASURY.dtsx,NULL,NULL,BUMITAMA\sqlservice,0,NULL,2026-09-02 09:02:06.8610909 +07:00,2026-09-02 09:02:30.1865782 +07:00,23325,7,BUMITAMA\sqlservice,BGASVR-DWH-DEV
1240718,Project_Fact,AWL,Staging.dtsx,NULL,NULL,BUMITAMA\sqlservice,1,NULL,2026-09-02 09:05:00.3601424 +07:00,2026-09-02 09:08:09.5254948 +07:00,189165,7,BUMITAMA\sqlservice,BGASVR-DWH-DEV
1240719,Sequence_Table,Sequence_Table,Seq_Staging_WB.dtsx,NULL,NULL,BUMITAMA\sqlservice,0,NULL,2026-09-02 09:05:27.4058634 +07:00,2026-09-02 09:06:18.6951319 +07:00,51290,4,BUMITAMA\sqlservice,BGASVR-DWH-DEV
1240720,Sequence_Table,Sequence_Table,Seq_Staging_NON_SAP.dtsx,NULL,NULL,BUMITAMA\sqlservice,1,NULL,2026-09-02 09:06:37.0782008 +07:00,2026-09-02 09:14:12.0012496 +07:00,454923,7,BUMITAMA\sqlservice,BGASVR-DWH-DEV
1240721,Project_Fact,AWL,Fact.dtsx,NULL,NULL,BUMITAMA\sqlservice,0,NULL,2026-09-02 09:08:10.3765426 +07:00,2026-09-02 09:08:15.6928467 +07:00,5316,7,BUMITAMA\sqlservice,BGASVR-DWH-DEV
1240722,Project_Fact,AWL,AWL_Warning.dtsx,NULL,NULL,BUMITAMA\sqlservice,0,NULL,2026-09-02 09:08:19.9220871 +07:00,2026-09-02 09:08:21.9372080 +07:00,2015,7,BUMITAMA\sqlservice,BGASVR-DWH-DEV
1240723,Project_Fact,SALDO_TREASURY,MAPPING_SALDO.dtsx,NULL,NULL,BUMITAMA\sqlservice,1,NULL,2026-09-02 09:10:02.4159562 +07:00,2026-09-02 09:10:04.2390618 +07:00,1824,7,BUMITAMA\sqlservice,BGASVR-DWH-DEV
1240724,Project_Fact,SALDO_TREASURY,FACT_SALDO_AKHIR_BULAN.dtsx,NULL,NULL,BUMITAMA\sqlservice,0,NULL,2026-09-02 09:10:06.3761835 +07:00,2026-09-02 09:12:50.3635788 +07:00,163987,7,BUMITAMA\sqlservice,BGASVR-DWH-DEV
1240725,Project_Fact,SALDO_TREASURY,FACT_SALDO_HARIAN.dtsx,NULL,NULL,BUMITAMA\sqlservice,0,NULL,2026-09-02 09:12:53.9968043 +07:00,2026-09-02 09:15:33.6169266 +07:00,159620,7,BUMITAMA\sqlservice,BGASVR-DWH-DEV
1240726,Project_Fact,Inter Company Loan,FACT_INLOAN.dtsx,NULL,NULL,BUMITAMA\sqlservice,0,NULL,2026-09-02 09:20:01.0822409 +07:00,2026-09-02 09:20:50.5270746 +07:00,49445,7,BUMITAMA\sqlservice,BGASVR-DWH-DEV
1240727,Project_Fact,Lap Prod TBS CPO PK,Laporan Produksi TBS CPO PK.dtsx,NULL,NULL,BUMITAMA\sqlservice,0,NULL,2026-09-02 09:30:00.5495990 +07:00,2026-09-02 09:46:25.1989637 +07:00,984649,7,BUMITAMA\sqlservice,BGASVR-DWH-DEV
1240728,Project_Fact,COST_ELEMENT_PROJECT,FACT_COST_ELEMENT_RATE.dtsx,NULL,NULL,BUMITAMA\sqlservice,0,NULL,2026-09-02 09:40:00.9769726 +07:00,2026-09-02 09:41:39.9496256 +07:00,98973,7,BUMITAMA\sqlservice,BGASVR-DWH-DEV
1240729,Project_Fact,COST_ELEMENT_PROJECT,FACT_COST_ELEMENT.dtsx,NULL,NULL,BUMITAMA\sqlservice,0,NULL,2026-09-02 09:41:44.2538728 +07:00,2026-09-02 09:55:16.9794140 +07:00,812726,7,BUMITAMA\sqlservice,BGASVR-DWH-DEV
1240730,Project_Fact,AWL,Staging.dtsx,NULL,NULL,BUMITAMA\sqlservice,1,NULL,2026-09-02 10:05:01.0608669 +07:00,2026-09-02 10:12:48.2856202 +07:00,467225,7,BUMITAMA\sqlservice,BGASVR-DWH-DEV
1240731,Project_Fact,AWL,Fact.dtsx,NULL,NULL,BUMITAMA\sqlservice,0,NULL,2026-09-02 10:12:51.1327823 +07:00,2026-09-02 10:12:54.3429731 +07:00,3210,7,BUMITAMA\sqlservice,BGASVR-DWH-DEV
1240732,Project_Fact,AWL,AWL_Warning.dtsx,NULL,NULL,BUMITAMA\sqlservice,0,NULL,2026-09-02 10:12:55.6380417 +07:00,2026-09-02 10:12:57.0981252 +07:00,1460,7,BUMITAMA\sqlservice,BGASVR-DWH-DEV
1240733,Project_Fact,AWL,Staging.dtsx,NULL,NULL,BUMITAMA\sqlservice,1,NULL,2026-09-02 11:05:00.3739916 +07:00,2026-09-02 11:12:01.5731130 +07:00,421200,7,BUMITAMA\sqlservice,BGASVR-DWH-DEV
1240734,Project_Fact,AWL,Fact.dtsx,NULL,NULL,BUMITAMA\sqlservice,0,NULL,2026-09-02 11:12:03.9302381 +07:00,2026-09-02 11:12:06.9774216 +07:00,3047,7,BUMITAMA\sqlservice,BGASVR-DWH-DEV
1240735,Project_Fact,AWL,AWL_Warning.dtsx,NULL,NULL,BUMITAMA\sqlservice,0,NULL,2026-09-02 11:12:07.8934699 +07:00,2026-09-02 11:12:09.3175500 +07:00,1424,7,BUMITAMA\sqlservice,BGASVR-DWH-DEV
1240738,Sequence_Table,Sequence_Table,Seq_Staging_SPARTA_4T.dtsx,NULL,NULL,BUMITAMA\sqlservice,0,NULL,2026-09-02 12:00:00.6749857 +07:00,2026-09-02 12:14:20.7192282 +07:00,860045,7,BUMITAMA\sqlservice,BGASVR-DWH-DEV
1240739,Sequence_Table,Sequence_Table,Seq_Staging_SAP_SALDO_TREASURY.dtsx,NULL,NULL,BUMITAMA\sqlservice,0,NULL,2026-09-02 12:00:00.7179882 +07:00,2026-09-02 12:01:28.0549877 +07:00,87337,7,BUMITAMA\sqlservice,BGASVR-DWH-DEV
1240740,Sequence_Table,Sequence_Table,Seq_Staging_SAP_EHP8_SALDO_TREASURY.dtsx,NULL,NULL,BUMITAMA\sqlservice,0,NULL,2026-09-02 12:01:30.5531248 +07:00,2026-09-02 12:01:40.7137090 +07:00,10160,7,BUMITAMA\sqlservice,BGASVR-DWH-DEV
1240742,Sequence_Table,Sequence_Table,Seq_Staging_SPARTA.dtsx,NULL,NULL,BUMITAMA\sqlservice,0,NULL,2026-09-02 12:05:00.7681677 +07:00,2026-09-02 12:19:53.1772709 +07:00,892409,7,BUMITAMA\sqlservice,BGASVR-DWH-DEV
1240741,Project_Fact,AWL,Staging.dtsx,NULL,NULL,BUMITAMA\sqlservice,1,NULL,2026-09-02 12:05:00.7881723 +07:00,2026-09-02 12:14:06.4924161 +07:00,545704,7,BUMITAMA\sqlservice,BGASVR-DWH-DEV
1240743,Project_Fact,SALDO_TREASURY,MAPPING_SALDO.dtsx,NULL,NULL,BUMITAMA\sqlservice,1,NULL,2026-09-02 12:07:01.0520562 +07:00,2026-09-02 12:07:05.2362947 +07:00,4184,7,BUMITAMA\sqlservice,BGASVR-DWH-DEV
1240744,Project_Fact,SALDO_TREASURY,FACT_SALDO_AKHIR_BULAN.dtsx,NULL,NULL,BUMITAMA\sqlservice,0,NULL,2026-09-02 12:07:08.0324596 +07:00,2026-09-02 12:09:27.2554364 +07:00,139223,7,BUMITAMA\sqlservice,BGASVR-DWH-DEV
1240745,Project_Fact,SALDO_TREASURY,FACT_SALDO_HARIAN.dtsx,NULL,NULL,BUMITAMA\sqlservice,0,NULL,2026-09-02 12:09:30.4476104 +07:00,2026-09-02 12:12:02.7313434 +07:00,152284,7,BUMITAMA\sqlservice,BGASVR-DWH-DEV
1240746,Project_Fact,AWL,Fact.dtsx,NULL,NULL,BUMITAMA\sqlservice,0,NULL,2026-09-02 12:14:08.4275397 +07:00,2026-09-02 12:14:13.2458036 +07:00,4818,7,BUMITAMA\sqlservice,BGASVR-DWH-DEV
1240747,Project_Fact,AWL,AWL_Warning.dtsx,NULL,NULL,BUMITAMA\sqlservice,0,NULL,2026-09-02 12:14:15.9289536 +07:00,2026-09-02 12:14:17.7730581 +07:00,1845,7,BUMITAMA\sqlservice,BGASVR-DWH-DEV
1240748,Project_Fact,DWH_SMALLER_FACT,CHECK_QUERY_DATA.dtsx,NULL,NULL,BUMITAMA\sqlservice,0,NULL,2026-09-02 12:19:53.9383147 +07:00,2026-09-02 12:23:00.4139916 +07:00,186475,7,BUMITAMA\sqlservice,BGASVR-DWH-DEV
1240749,Project_Fact,MACHINE_LEARNING,FACT_ML_YP.dtsx,NULL,NULL,BUMITAMA\sqlservice,0,NULL,2026-09-02 12:23:00.0079741 +07:00,2026-09-02 12:23:30.0986914 +07:00,30091,7,BUMITAMA\sqlservice,BGASVR-DWH-DEV
1240750,Project_Fact,DWH_GRADING_TBS,Staging.dtsx,NULL,NULL,BUMITAMA\sqlservice,0,NULL,2026-09-02 12:23:00.0219716 +07:00,2026-09-02 12:23:18.5110252 +07:00,18490,4,BUMITAMA\sqlservice,BGASVR-DWH-DEV
1240751,Project_Fact,premi dan lembur monitoring,DWH_STG to DWH_DM.dtsx,NULL,NULL,BUMITAMA\sqlservice,0,NULL,2026-09-02 12:23:00.0539758 +07:00,2026-09-02 12:56:34.6453473 +07:00,2014592,7,BUMITAMA\sqlservice,BGASVR-DWH-DEV
1240752,Project_Fact,DWH_SMALLER_FACT,CHECK_QUERY_DATA.dtsx,NULL,NULL,BUMITAMA\sqlservice,0,NULL,2026-09-02 12:23:00.1319722 +07:00,2026-09-02 12:23:02.8121376 +07:00,2681,7,BUMITAMA\sqlservice,BGASVR-DWH-DEV
1240753,Project_Fact,DWH_SMALLER_FACT,CHECK_QUERY_DATA.dtsx,NULL,NULL,BUMITAMA\sqlservice,0,NULL,2026-09-02 12:23:00.1449762 +07:00,2026-09-02 12:23:02.7831246 +07:00,2639,7,BUMITAMA\sqlservice,BGASVR-DWH-DEV
1240754,Project_Fact,SPARTA_PROJECT,FACT_SPARTA_PAYROLL.dtsx,NULL,NULL,BUMITAMA\sqlservice,0,NULL,2026-09-02 12:23:01.4620541 +07:00,2026-09-02 12:37:54.5311996 +07:00,893069,7,BUMITAMA\sqlservice,BGASVR-DWH-DEV
1240755,Project_Fact,SPARTA_PROJECT,DIMENSI_SPARTA.dtsx,NULL,NULL,BUMITAMA\sqlservice,0,NULL,2026-09-02 12:23:03.6001760 +07:00,2026-09-02 12:23:32.2168143 +07:00,28616,7,BUMITAMA\sqlservice,BGASVR-DWH-DEV
1240756,Project_Fact,DAILY_DASHBOARD_PROJECT,STG_OPERATIONAL_HOLIDAY.dtsx,NULL,NULL,BUMITAMA\sqlservice,1,NULL,2026-09-02 12:23:06.6693513 +07:00,2026-09-02 12:23:09.0684860 +07:00,2399,7,BUMITAMA\sqlservice,BGASVR-DWH-DEV
1240757,Project_Fact,DAILY_DASHBOARD_PROJECT,STG_DAILY_DASHBOARD.dtsx,NULL,NULL,BUMITAMA\sqlservice,1,NULL,2026-09-02 12:23:10.2755758 +07:00,2026-09-02 12:23:14.1187786 +07:00,3843,7,BUMITAMA\sqlservice,BGASVR-DWH-DEV
1240758,Project_Fact,DAILY_DASHBOARD_PROJECT,FACT_DD_TBS.dtsx,NULL,NULL,BUMITAMA\sqlservice,0,NULL,2026-09-02 12:23:16.8689323 +07:00,2026-09-02 12:40:12.3520910 +07:00,1015484,7,BUMITAMA\sqlservice,BGASVR-DWH-DEV
1240759,Project_Fact,MACHINE_LEARNING,FACT_AP_TBS_.dtsx,NULL,NULL,BUMITAMA\sqlservice,0,NULL,2026-09-02 12:23:32.6018363 +07:00,2026-09-02 12:28:50.3610367 +07:00,317760,7,BUMITAMA\sqlservice,BGASVR-DWH-DEV
1240760,Project_Fact,SPARTA_PROJECT,FACT_SPARTA_LHA_NEW.dtsx,NULL,NULL,BUMITAMA\sqlservice,0,NULL,2026-09-02 12:23:36.7390693 +07:00,2026-09-02 12:54:24.1398655 +07:00,1847400,7,BUMITAMA\sqlservice,BGASVR-DWH-DEV
1240761,Project_Fact,DWH_SMALLER_FACT,STAGING_STOCK_AREA_ECC0.dtsx,NULL,NULL,BUMITAMA\sqlservice,0,NULL,2026-09-02 12:30:01.0070813 +07:00,2026-09-02 12:36:56.4798700 +07:00,415472,7,BUMITAMA\sqlservice,BGASVR-DWH-DEV
1240762,Project_Fact,DWH_SMALLER_FACT,STAGING_STOCK_AREA_EHP8.dtsx,NULL,NULL,BUMITAMA\sqlservice,0,NULL,2026-09-02 12:37:00.6331055 +07:00,2026-09-02 12:37:27.1636264 +07:00,26530,7,BUMITAMA\sqlservice,BGASVR-DWH-DEV
1240763,Project_Fact,DWH_SMALLER_FACT,FACT_STOCK_AREA.dtsx,NULL,NULL,BUMITAMA\sqlservice,0,NULL,2026-09-02 12:37:29.9507880 +07:00,2026-09-02 12:43:38.1458733 +07:00,368195,7,BUMITAMA\sqlservice,BGASVR-DWH-DEV
1240764,Project_Fact,JOURNAL_SPARTA,FACT_JOURNAL_PAYROLL.dtsx,NULL,NULL,BUMITAMA\sqlservice,0,NULL,2026-09-02 12:37:58.9724507 +07:00,2026-09-02 13:06:14.2985341 +07:00,1695326,7,BUMITAMA\sqlservice,BGASVR-DWH-DEV
1240765,Project_Fact,DAILY_DASHBOARD_PROJECT,FACT_DD_SUMMARY.dtsx,NULL,NULL,BUMITAMA\sqlservice,0,NULL,2026-09-02 12:40:15.3222637 +07:00,2026-09-02 12:42:03.9944798 +07:00,108672,7,BUMITAMA\sqlservice,BGASVR-DWH-DEV
1240766,Project_Fact,DASHBOARD_STOCK,FACT_STOCK_MANAGEMENT.dtsx,NULL,NULL,BUMITAMA\sqlservice,0,NULL,2026-09-02 12:43:43.3011660 +07:00,2026-09-02 12:49:03.6835158 +07:00,320382,7,BUMITAMA\sqlservice,BGASVR-DWH-DEV
1240767,Project_Fact,SPARTA_PROJECT,FACT_SPARTA_FISIK_PREMI.dtsx,NULL,NULL,BUMITAMA\sqlservice,0,NULL,2026-09-02 12:56:16.3122908 +07:00,2026-09-02 13:08:39.6608646 +07:00,743348,7,BUMITAMA\sqlservice,BGASVR-DWH-DEV
1240768,Project_Fact,DWH_SMALLER_FACT,CHECK_QUERY_DATA.dtsx,NULL,NULL,BUMITAMA\sqlservice,0,NULL,2026-09-02 13:00:01.7211977 +07:00,2026-09-02 13:00:08.3035795 +07:00,6582,7,BUMITAMA\sqlservice,BGASVR-DWH-DEV
1240769,Controllable Profit,ControllableProfit,Excel to STG.dtsx,NULL,NULL,BUMITAMA\sqlservice,1,NULL,2026-09-02 13:00:10.9097231 +07:00,2026-09-02 13:00:16.5300522 +07:00,5621,7,BUMITAMA\sqlservice,BGASVR-DWH-DEV
1240770,Controllable Profit,ControllableProfit,STG to DWH.dtsx,NULL,NULL,BUMITAMA\sqlservice,0,NULL,2026-09-02 13:00:17.8731283 +07:00,2026-09-02 13:51:02.2714677 +07:00,3044398,7,BUMITAMA\sqlservice,BGASVR-DWH-DEV
1240771,Project_Fact,AWL,Staging.dtsx,NULL,NULL,BUMITAMA\sqlservice,1,NULL,2026-09-02 13:05:01.3693614 +07:00,2026-09-02 13:08:10.1531696 +07:00,188784,7,BUMITAMA\sqlservice,BGASVR-DWH-DEV
1240772,Project_Fact,SPARTA_PROJECT,FACT_SPARTA_MONITORING_INPUT.dtsx,NULL,NULL,BUMITAMA\sqlservice,0,NULL,2026-09-02 13:06:17.1426953 +07:00,2026-09-02 13:07:02.1272761 +07:00,44985,7,BUMITAMA\sqlservice,BGASVR-DWH-DEV
1240773,Project_Fact,Risk Mitigasi Payroll,STG to DWH.dtsx,NULL,NULL,BUMITAMA\sqlservice,0,NULL,2026-09-02 13:07:04.8244269 +07:00,2026-09-02 13:09:52.3860217 +07:00,167562,7,BUMITAMA\sqlservice,BGASVR-DWH-DEV
1240774,Project_Fact,AWL,Fact.dtsx,NULL,NULL,BUMITAMA\sqlservice,0,NULL,2026-09-02 13:08:12.5653085 +07:00,2026-09-02 13:08:26.4290996 +07:00,13864,7,BUMITAMA\sqlservice,BGASVR-DWH-DEV
1240775,Project_Fact,AWL,AWL_Warning.dtsx,NULL,NULL,BUMITAMA\sqlservice,0,NULL,2026-09-02 13:08:30.5933416 +07:00,2026-09-02 13:08:32.4864498 +07:00,1893,7,BUMITAMA\sqlservice,BGASVR-DWH-DEV
1240776,Project_Fact,DWH_LHM,Fact Rekap.dtsx,NULL,NULL,BUMITAMA\sqlservice,0,NULL,2026-09-02 13:08:43.5740839 +07:00,2026-09-02 13:37:12.3409506 +07:00,1708766,7,BUMITAMA\sqlservice,BGASVR-DWH-DEV
1240777,Project_Fact,AWL,Staging.dtsx,NULL,NULL,BUMITAMA\sqlservice,1,NULL,2026-09-02 14:05:01.0815060 +07:00,2026-09-02 14:13:47.8366708 +07:00,526755,7,BUMITAMA\sqlservice,BGASVR-DWH-DEV
1240778,Project_Fact,AWL,Fact.dtsx,NULL,NULL,BUMITAMA\sqlservice,0,NULL,2026-09-02 14:13:48.3647063 +07:00,2026-09-02 14:13:51.5688825 +07:00,3204,7,BUMITAMA\sqlservice,BGASVR-DWH-DEV
1240779,Project_Fact,AWL,AWL_Warning.dtsx,NULL,NULL,BUMITAMA\sqlservice,0,NULL,2026-09-02 14:13:52.9039687 +07:00,2026-09-02 14:13:54.3080406 +07:00,1405,7,BUMITAMA\sqlservice,BGASVR-DWH-DEV
1240780,Project_Fact,DAILY_DASHBOARD_PROJECT,STG_TBS_EXTERNAL.dtsx,NULL,NULL,BUMITAMA\sqlservice,0,NULL,2026-09-02 15:00:01.0065486 +07:00,2026-09-02 15:00:39.8086992 +07:00,38802,7,BUMITAMA\sqlservice,BGASVR-DWH-DEV
1240781,Project_Fact,DAILY_DASHBOARD_PROJECT,FACT_DD_TBS.dtsx,NULL,NULL,BUMITAMA\sqlservice,0,NULL,2026-09-02 15:00:44.0479483 +07:00,2026-09-02 15:12:41.9510541 +07:00,717904,7,BUMITAMA\sqlservice,BGASVR-DWH-DEV
1240782,Project_Fact,AWL,Staging.dtsx,NULL,NULL,BUMITAMA\sqlservice,1,NULL,2026-09-02 15:05:01.0406621 +07:00,2026-09-02 15:07:09.2840034 +07:00,128244,7,BUMITAMA\sqlservice,BGASVR-DWH-DEV
1240783,Project_Fact,AWL,Fact.dtsx,NULL,NULL,BUMITAMA\sqlservice,0,NULL,2026-09-02 15:07:10.6280860 +07:00,2026-09-02 15:07:13.4532474 +07:00,2825,7,BUMITAMA\sqlservice,BGASVR-DWH-DEV
1240784,Project_Fact,AWL,AWL_Warning.dtsx,NULL,NULL,BUMITAMA\sqlservice,0,NULL,2026-09-02 15:07:15.6113676 +07:00,2026-09-02 15:07:17.4104770 +07:00,1799,7,BUMITAMA\sqlservice,BGASVR-DWH-DEV
1240785,Project_Fact,AWL,Staging.dtsx,NULL,NULL,BUMITAMA\sqlservice,1,NULL,2026-09-02 16:05:00.3077814 +07:00,2026-09-02 16:08:57.8933933 +07:00,237586,7,BUMITAMA\sqlservice,BGASVR-DWH-DEV
1240786,Project_Fact,AWL,Fact.dtsx,NULL,NULL,BUMITAMA\sqlservice,0,NULL,2026-09-02 16:08:58.3794121 +07:00,2026-09-02 16:09:01.0585761 +07:00,2679,7,BUMITAMA\sqlservice,BGASVR-DWH-DEV
1240787,Project_Fact,AWL,AWL_Warning.dtsx,NULL,NULL,BUMITAMA\sqlservice,0,NULL,2026-09-02 16:09:03.8767534 +07:00,2026-09-02 16:09:05.3358137 +07:00,1459,7,BUMITAMA\sqlservice,BGASVR-DWH-DEV
1240788,Sequence_Table,Sequence_Table,Seq_BSIS_BSAS.dtsx,NULL,NULL,BUMITAMA\sqlservice,0,NULL,2026-09-02 16:30:00.3956792 +07:00,2026-09-02 16:34:14.7572488 +07:00,254362,7,BUMITAMA\sqlservice,BGASVR-DWH-DEV
1240789,Sequence_Table,Sequence_Table,Seq_Staging_SAP_EHP8_BSIS_BSAS.dtsx,NULL,NULL,BUMITAMA\sqlservice,0,NULL,2026-09-02 16:34:17.4614064 +07:00,2026-09-02 16:34:28.9300679 +07:00,11469,7,BUMITAMA\sqlservice,BGASVR-DWH-DEV
1240790,Sequence_Table,Sequence_Table,Seq_BSIK_BSAK.dtsx,NULL,NULL,BUMITAMA\sqlservice,0,NULL,2026-09-02 16:34:33.1743118 +07:00,2026-09-02 16:35:14.9586960 +07:00,41784,7,BUMITAMA\sqlservice,BGASVR-DWH-DEV
1240791,Sequence_Table,Sequence_Table,Seq_Staging_SAP_EHP8_BSIK_BSAK.dtsx,NULL,NULL,BUMITAMA\sqlservice,0,NULL,2026-09-02 16:35:17.3418318 +07:00,2026-09-02 16:35:22.2461146 +07:00,4905,7,BUMITAMA\sqlservice,BGASVR-DWH-DEV
1240792,Sequence_Table,Sequence_Table,Seq_BSID_BSAD.dtsx,NULL,NULL,BUMITAMA\sqlservice,0,NULL,2026-09-02 16:35:24.9582731 +07:00,2026-09-02 16:36:05.7726081 +07:00,40814,7,BUMITAMA\sqlservice,BGASVR-DWH-DEV
1240793,Sequence_Table,Sequence_Table,Seq_Staging_SAP_EHP8_BSID_BSAD.dtsx,NULL,NULL,BUMITAMA\sqlservice,0,NULL,2026-09-02 16:36:06.7236635 +07:00,2026-09-02 16:36:11.8129652 +07:00,5089,7,BUMITAMA\sqlservice,BGASVR-DWH-DEV
1240794,Sequence_Table,Sequence_Table,Seq_BKPF.dtsx,NULL,NULL,BUMITAMA\sqlservice,0,NULL,2026-09-02 16:36:13.0110192 +07:00,2026-09-02 16:39:33.6745113 +07:00,200663,7,BUMITAMA\sqlservice,BGASVR-DWH-DEV
1240795,Sequence_Table,Sequence_Table,Seq_Staging_SAP_EHP8_BKPF.dtsx,NULL,NULL,BUMITAMA\sqlservice,0,NULL,2026-09-02 16:39:36.3246658 +07:00,2026-09-02 16:40:20.1431837 +07:00,43819,7,BUMITAMA\sqlservice,BGASVR-DWH-DEV
1240796,Project_Fact,DWH_SMALLER_FACT,CHECK_QUERY_DATA.dtsx,NULL,NULL,BUMITAMA\sqlservice,0,NULL,2026-09-02 17:00:00.6127745 +07:00,2026-09-02 17:00:03.8459558 +07:00,3233,7,BUMITAMA\sqlservice,BGASVR-DWH-DEV
1240797,Project_Fact,DWH_SMALLER_FACT,FACT_MONITORING_CAPEX.dtsx,NULL,NULL,BUMITAMA\sqlservice,1,NULL,2026-09-02 17:00:08.1392067 +07:00,2026-09-02 17:05:09.8024834 +07:00,301663,7,BUMITAMA\sqlservice,BGASVR-DWH-DEV
1240798,Project_Fact,AWL,Staging.dtsx,NULL,NULL,BUMITAMA\sqlservice,1,NULL,2026-09-02 17:05:00.5529502 +07:00,2026-09-02 17:09:11.1463021 +07:00,250594,7,BUMITAMA\sqlservice,BGASVR-DWH-DEV
1240799,Project_Fact,AWL,Fact.dtsx,NULL,NULL,BUMITAMA\sqlservice,0,NULL,2026-09-02 17:09:15.3625543 +07:00,2026-09-02 17:09:30.5924231 +07:00,15230,7,BUMITAMA\sqlservice,BGASVR-DWH-DEV
1240800,Project_Fact,AWL,AWL_Warning.dtsx,NULL,NULL,BUMITAMA\sqlservice,0,NULL,2026-09-02 17:09:33.5965940 +07:00,2026-09-02 17:09:36.7597685 +07:00,3163,7,BUMITAMA\sqlservice,BGASVR-DWH-DEV
1240801,Sequence_Table,Sequence_Table,Seq_Staging_SPARTA_4T.dtsx,NULL,NULL,BUMITAMA\sqlservice,0,NULL,2026-09-02 18:00:01.0043770 +07:00,2026-09-02 18:08:20.3166442 +07:00,499312,7,BUMITAMA\sqlservice,BGASVR-DWH-DEV
1240802,Project_Fact,AWL,Staging.dtsx,NULL,NULL,BUMITAMA\sqlservice,1,NULL,2026-09-02 18:05:01.0390583 +07:00,2026-09-02 18:09:42.1578535 +07:00,281118,7,BUMITAMA\sqlservice,BGASVR-DWH-DEV
1240803,Project_Fact,AWL,Fact.dtsx,NULL,NULL,BUMITAMA\sqlservice,0,NULL,2026-09-02 18:09:44.4900038 +07:00,2026-09-02 18:09:48.0672312 +07:00,3577,7,BUMITAMA\sqlservice,BGASVR-DWH-DEV
1240804,Project_Fact,AWL,AWL_Warning.dtsx,NULL,NULL,BUMITAMA\sqlservice,0,NULL,2026-09-02 18:09:48.4802652 +07:00,2026-09-02 18:09:49.9003487 +07:00,1420,7,BUMITAMA\sqlservice,BGASVR-DWH-DEV
1240806,Project_Fact,DWH_GRADING_TBS,Staging.dtsx,NULL,NULL,BUMITAMA\sqlservice,0,NULL,2026-09-02 18:16:24.1469504 +07:00,2026-09-02 18:16:45.0181432 +07:00,20872,4,BUMITAMA\sqlservice,BGASVR-DWH-DEV
1240805,Project_Fact,premi dan lembur monitoring,DWH_STG to DWH_DM.dtsx,NULL,NULL,BUMITAMA\sqlservice,0,NULL,2026-09-02 18:16:24.1649488 +07:00,2026-09-02 18:43:16.0122486 +07:00,1611848,7,BUMITAMA\sqlservice,BGASVR-DWH-DEV
1240807,Project_Fact,MACHINE_LEARNING,FACT_ML_YP.dtsx,NULL,NULL,BUMITAMA\sqlservice,0,NULL,2026-09-02 18:16:24.1819500 +07:00,2026-09-02 18:16:50.2934518 +07:00,26112,7,BUMITAMA\sqlservice,BGASVR-DWH-DEV
1240808,Project_Fact,DWH_SMALLER_FACT,CHECK_QUERY_DATA.dtsx,NULL,NULL,BUMITAMA\sqlservice,0,NULL,2026-09-02 18:16:24.2279576 +07:00,2026-09-02 18:16:26.9201051 +07:00,2693,7,BUMITAMA\sqlservice,BGASVR-DWH-DEV
1240809,Project_Fact,DWH_SMALLER_FACT,CHECK_QUERY_DATA.dtsx,NULL,NULL,BUMITAMA\sqlservice,0,NULL,2026-09-02 18:16:27.2191265 +07:00,2026-09-02 18:16:29.6782602 +07:00,2459,7,BUMITAMA\sqlservice,BGASVR-DWH-DEV
1240810,Project_Fact,DAILY_DASHBOARD_PROJECT,STG_OPERATIONAL_HOLIDAY.dtsx,NULL,NULL,BUMITAMA\sqlservice,1,NULL,2026-09-02 18:16:29.7712668 +07:00,2026-09-02 18:16:31.5963728 +07:00,1825,7,BUMITAMA\sqlservice,BGASVR-DWH-DEV
1240811,Project_Fact,SPARTA_PROJECT,DIMENSI_SPARTA.dtsx,NULL,NULL,BUMITAMA\sqlservice,0,NULL,2026-09-02 18:16:33.7804987 +07:00,2026-09-02 18:17:08.0794618 +07:00,34299,7,BUMITAMA\sqlservice,BGASVR-DWH-DEV
1240812,Project_Fact,DAILY_DASHBOARD_PROJECT,STG_DAILY_DASHBOARD.dtsx,NULL,NULL,BUMITAMA\sqlservice,1,NULL,2026-09-02 18:16:35.5275982 +07:00,2026-09-02 18:16:40.5498907 +07:00,5022,7,BUMITAMA\sqlservice,BGASVR-DWH-DEV
1240813,Project_Fact,DAILY_DASHBOARD_PROJECT,FACT_DD_TBS.dtsx,NULL,NULL,BUMITAMA\sqlservice,0,NULL,2026-09-02 18:16:42.6070048 +07:00,2026-09-02 18:31:53.5801746 +07:00,910973,7,BUMITAMA\sqlservice,BGASVR-DWH-DEV
1240814,Project_Fact,MACHINE_LEARNING,FACT_AP_TBS_.dtsx,NULL,NULL,BUMITAMA\sqlservice,0,NULL,2026-09-02 18:16:53.0276051 +07:00,2026-09-02 18:20:29.6700059 +07:00,216643,7,BUMITAMA\sqlservice,BGASVR-DWH-DEV
1240815,Project_Fact,SPARTA_PROJECT,FACT_SPARTA_LHA_NEW.dtsx,NULL,NULL,BUMITAMA\sqlservice,0,NULL,2026-09-02 18:17:10.8826222 +07:00,2026-09-02 18:44:59.2681614 +07:00,1668386,7,BUMITAMA\sqlservice,BGASVR-DWH-DEV
1240816,Sequence_Table,Sequence_Table,Seq_BSIS_BSAS.dtsx,NULL,NULL,BUMITAMA\sqlservice,0,NULL,2026-09-02 18:30:01.3817432 +07:00,2026-09-02 18:33:11.0646082 +07:00,189683,7,BUMITAMA\sqlservice,BGASVR-DWH-DEV
1240817,Project_Fact,DAILY_DASHBOARD_PROJECT,FACT_DD_SUMMARY.dtsx,NULL,NULL,BUMITAMA\sqlservice,0,NULL,2026-09-02 18:31:55.8483013 +07:00,2026-09-02 18:33:14.8368246 +07:00,78988,7,BUMITAMA\sqlservice,BGASVR-DWH-DEV
1240818,Sequence_Table,Sequence_Table,Seq_Staging_SAP_EHP8_BSIS_BSAS.dtsx,NULL,NULL,BUMITAMA\sqlservice,0,NULL,2026-09-02 18:33:15.1108372 +07:00,2026-09-02 18:33:37.9891486 +07:00,22879,7,BUMITAMA\sqlservice,BGASVR-DWH-DEV
1240819,Sequence_Table,Sequence_Table,Seq_BSIK_BSAK.dtsx,NULL,NULL,BUMITAMA\sqlservice,0,NULL,2026-09-02 18:33:40.9103154 +07:00,2026-09-02 18:34:33.0573001 +07:00,52147,7,BUMITAMA\sqlservice,BGASVR-DWH-DEV
1240820,Sequence_Table,Sequence_Table,Seq_Staging_SAP_EHP8_BSIK_BSAK.dtsx,NULL,NULL,BUMITAMA\sqlservice,0,NULL,2026-09-02 18:34:35.7054517 +07:00,2026-09-02 18:34:49.9512697 +07:00,14246,7,BUMITAMA\sqlservice,BGASVR-DWH-DEV
1240821,Sequence_Table,Sequence_Table,Seq_BSID_BSAD.dtsx,NULL,NULL,BUMITAMA\sqlservice,0,NULL,2026-09-02 18:34:53.3604741 +07:00,2026-09-02 18:35:54.4319638 +07:00,61071,7,BUMITAMA\sqlservice,BGASVR-DWH-DEV
1240822,Sequence_Table,Sequence_Table,Seq_Staging_SAP_EHP8_BSID_BSAD.dtsx,NULL,NULL,BUMITAMA\sqlservice,0,NULL,2026-09-02 18:35:57.5991436 +07:00,2026-09-02 18:36:06.3206442 +07:00,8721,7,BUMITAMA\sqlservice,BGASVR-DWH-DEV
1240823,Sequence_Table,Sequence_Table,Seq_BKPF.dtsx,NULL,NULL,BUMITAMA\sqlservice,0,NULL,2026-09-02 18:36:09.0698099 +07:00,2026-09-02 18:47:24.1594599 +07:00,675090,7,BUMITAMA\sqlservice,BGASVR-DWH-DEV
1240824,Project_Fact,SPARTA_PROJECT,FACT_SPARTA_FISIK_PREMI.dtsx,NULL,NULL,BUMITAMA\sqlservice,0,NULL,2026-09-02 18:46:19.5427601 +07:00,2026-09-02 18:55:12.8883052 +07:00,533346,7,BUMITAMA\sqlservice,BGASVR-DWH-DEV
1240825,Sequence_Table,Sequence_Table,Seq_Staging_SAP_EHP8_BKPF.dtsx,NULL,NULL,BUMITAMA\sqlservice,0,NULL,2026-09-02 18:47:26.7176101 +07:00,2026-09-02 18:49:34.8829539 +07:00,128165,7,BUMITAMA\sqlservice,BGASVR-DWH-DEV
1240826,Project_Fact,DWH_LHM,Fact Rekap.dtsx,NULL,NULL,BUMITAMA\sqlservice,0,NULL,2026-09-02 18:55:15.6844651 +07:00,2026-09-02 19:00:43.4782437 +07:00,327794,7,BUMITAMA\sqlservice,BGASVR-DWH-DEV
1240827,Project_Fact,AWL,Staging.dtsx,NULL,NULL,BUMITAMA\sqlservice,1,NULL,2026-09-02 19:05:00.3479472 +07:00,2026-09-02 19:07:27.4373726 +07:00,147090,7,BUMITAMA\sqlservice,BGASVR-DWH-DEV
1240828,Project_Fact,AWL,Fact.dtsx,NULL,NULL,BUMITAMA\sqlservice,0,NULL,2026-09-02 19:07:28.3354237 +07:00,2026-09-02 19:07:32.2066439 +07:00,3871,7,BUMITAMA\sqlservice,BGASVR-DWH-DEV
1240829,Project_Fact,AWL,AWL_Warning.dtsx,NULL,NULL,BUMITAMA\sqlservice,0,NULL,2026-09-02 19:07:34.8307999 +07:00,2026-09-02 19:07:36.2118731 +07:00,1381,7,BUMITAMA\sqlservice,BGASVR-DWH-DEV
1240830,Project_Fact,Vehicle Registration,FACT_VR.dtsx,NULL,NULL,BUMITAMA\sqlservice,0,NULL,2026-09-02 19:20:00.4134971 +07:00,2026-09-02 19:20:07.4718986 +07:00,7058,7,BUMITAMA\sqlservice,BGASVR-DWH-DEV
1240831,Project_Fact,MONITORING_TICKET_WB,STAGING SAP8.dtsx,NULL,NULL,BUMITAMA\sqlservice,0,NULL,2026-09-02 20:00:00.5409430 +07:00,2026-09-02 20:00:07.4433343 +07:00,6903,7,BUMITAMA\sqlservice,BGASVR-DWH-DEV
1240832,Project_Fact,MONITORING_TICKET_WB,STAGING.dtsx,NULL,NULL,BUMITAMA\sqlservice,1,NULL,2026-09-02 20:00:08.5754069 +07:00,2026-09-02 20:01:31.4781464 +07:00,82903,7,BUMITAMA\sqlservice,BGASVR-DWH-DEV
1240833,Sequence_Table,Sequence_Table,Seq_Staging_WB.dtsx,NULL,NULL,BUMITAMA\sqlservice,0,NULL,2026-09-02 20:01:00.5593813 +07:00,2026-09-02 20:01:51.7073053 +07:00,51148,4,BUMITAMA\sqlservice,BGASVR-DWH-DEV
1240834,Project_Fact,MONITORING_TICKET_WB,FACT.dtsx,NULL,NULL,BUMITAMA\sqlservice,0,NULL,2026-09-02 20:01:32.4352014 +07:00,2026-09-02 20:01:46.4430042 +07:00,14008,7,BUMITAMA\sqlservice,BGASVR-DWH-DEV
1240835,Project_Fact,AWL,Staging.dtsx,NULL,NULL,BUMITAMA\sqlservice,1,NULL,2026-09-02 20:05:00.5641224 +07:00,2026-09-02 20:09:27.2953939 +07:00,266731,7,BUMITAMA\sqlservice,BGASVR-DWH-DEV
1240836,Project_Fact,AWL,Fact.dtsx,NULL,NULL,BUMITAMA\sqlservice,0,NULL,2026-09-02 20:09:30.0675531 +07:00,2026-09-02 20:09:33.2057362 +07:00,3138,7,BUMITAMA\sqlservice,BGASVR-DWH-DEV
1240837,Project_Fact,AWL,AWL_Warning.dtsx,NULL,NULL,BUMITAMA\sqlservice,0,NULL,2026-09-02 20:09:34.0377839 +07:00,2026-09-02 20:09:35.4768597 +07:00,1439,7,BUMITAMA\sqlservice,BGASVR-DWH-DEV
1240838,Sequence_Table,Sequence_Table,Seq_BSIS_BSAS.dtsx,NULL,NULL,BUMITAMA\sqlservice,0,NULL,2026-09-02 20:30:00.6890264 +07:00,2026-09-02 20:32:36.4339426 +07:00,155744,7,BUMITAMA\sqlservice,BGASVR-DWH-DEV
1240839,Sequence_Table,Sequence_Table,Seq_Staging_SAP_EHP8_BSIS_BSAS.dtsx,NULL,NULL,BUMITAMA\sqlservice,0,NULL,2026-09-02 20:32:40.4881771 +07:00,2026-09-02 20:32:51.1837888 +07:00,10695,7,BUMITAMA\sqlservice,BGASVR-DWH-DEV
1240840,Sequence_Table,Sequence_Table,Seq_BSIK_BSAK.dtsx,NULL,NULL,BUMITAMA\sqlservice,0,NULL,2026-09-02 20:32:53.5599343 +07:00,2026-09-02 20:33:27.7338839 +07:00,34174,7,BUMITAMA\sqlservice,BGASVR-DWH-DEV
1240841,Sequence_Table,Sequence_Table,Seq_Staging_SAP_EHP8_BSIK_BSAK.dtsx,NULL,NULL,BUMITAMA\sqlservice,0,NULL,2026-09-02 20:33:30.1640235 +07:00,2026-09-02 20:33:34.7452973 +07:00,4581,7,BUMITAMA\sqlservice,BGASVR-DWH-DEV
1240842,Sequence_Table,Sequence_Table,Seq_BSID_BSAD.dtsx,NULL,NULL,BUMITAMA\sqlservice,0,NULL,2026-09-02 20:33:37.2644274 +07:00,2026-09-02 20:34:15.4676190 +07:00,38203,7,BUMITAMA\sqlservice,BGASVR-DWH-DEV
1240843,Sequence_Table,Sequence_Table,Seq_Staging_SAP_EHP8_BSID_BSAD.dtsx,NULL,NULL,BUMITAMA\sqlservice,0,NULL,2026-09-02 20:34:17.9117552 +07:00,2026-09-02 20:34:22.9480462 +07:00,5037,7,BUMITAMA\sqlservice,BGASVR-DWH-DEV
1240844,Sequence_Table,Sequence_Table,Seq_BKPF.dtsx,NULL,NULL,BUMITAMA\sqlservice,0,NULL,2026-09-02 20:34:25.5231892 +07:00,2026-09-02 20:37:19.1911454 +07:00,173668,7,BUMITAMA\sqlservice,BGASVR-DWH-DEV
1240845,Sequence_Table,Sequence_Table,Seq_Staging_SAP_EHP8_BKPF.dtsx,NULL,NULL,BUMITAMA\sqlservice,0,NULL,2026-09-02 20:37:20.2031957 +07:00,2026-09-02 20:37:52.4980744 +07:00,32295,7,BUMITAMA\sqlservice,BGASVR-DWH-DEV
1240846,Project_Fact,AWL,Staging.dtsx,NULL,NULL,BUMITAMA\sqlservice,1,NULL,2026-09-02 21:05:00.8212930 +07:00,2026-09-02 21:09:07.1604028 +07:00,246339,7,BUMITAMA\sqlservice,BGASVR-DWH-DEV
1240847,Project_Fact,AWL,Fact.dtsx,NULL,NULL,BUMITAMA\sqlservice,0,NULL,2026-09-02 21:09:08.3944749 +07:00,2026-09-02 21:09:10.5895963 +07:00,2195,7,BUMITAMA\sqlservice,BGASVR-DWH-DEV
1240848,Project_Fact,AWL,AWL_Warning.dtsx,NULL,NULL,BUMITAMA\sqlservice,0,NULL,2026-09-02 21:09:13.3807562 +07:00,2026-09-02 21:09:14.7438344 +07:00,1363,7,BUMITAMA\sqlservice,BGASVR-DWH-DEV
1240849,Project_Fact,AWL,Staging.dtsx,NULL,NULL,BUMITAMA\sqlservice,1,NULL,2026-09-02 22:05:01.0364655 +07:00,2026-09-02 22:13:34.1338494 +07:00,513097,7,BUMITAMA\sqlservice,BGASVR-DWH-DEV
1240850,Project_Fact,AWL,Fact.dtsx,NULL,NULL,BUMITAMA\sqlservice,0,NULL,2026-09-02 22:13:36.4729823 +07:00,2026-09-02 22:13:43.6073945 +07:00,7135,7,BUMITAMA\sqlservice,BGASVR-DWH-DEV
1240851,Project_Fact,AWL,AWL_Warning.dtsx,NULL,NULL,BUMITAMA\sqlservice,0,NULL,2026-09-02 22:13:44.4874404 +07:00,2026-09-02 22:13:45.8455588 +07:00,1358,7,BUMITAMA\sqlservice,BGASVR-DWH-DEV
1240852,MR,SSISMR,DWH-COEP.dtsx,NULL,NULL,BUMITAMA\sqlservice,0,NULL,2026-09-02 23:00:00.3004100 +07:00,2026-09-02 23:06:11.2326458 +07:00,370932,7,BUMITAMA\sqlservice,BGASVR-DWH-DEV
1240853,Sequence_Table,Sequence_Table,Seq_Staging_NON_SAP.dtsx,NULL,NULL,BUMITAMA\sqlservice,1,NULL,2026-09-02 23:00:00.5894201 +07:00,2026-09-02 23:04:08.5036171 +07:00,247914,7,BUMITAMA\sqlservice,BGASVR-DWH-DEV
1240854,Project_Fact,AWL,Staging.dtsx,NULL,NULL,BUMITAMA\sqlservice,1,NULL,2026-09-02 23:05:00.8406177 +07:00,2026-09-02 23:08:58.9822521 +07:00,238142,7,BUMITAMA\sqlservice,BGASVR-DWH-DEV
1240855,Sequence_Table,Sequence_Table,Seq_Staging_SAP_EHP8_COEP.dtsx,NULL,NULL,BUMITAMA\sqlservice,0,NULL,2026-09-02 23:06:14.0178034 +07:00,2026-09-02 23:10:17.8817690 +07:00,243864,7,BUMITAMA\sqlservice,BGASVR-DWH-DEV
1240856,Project_Fact,AWL,Fact.dtsx,NULL,NULL,BUMITAMA\sqlservice,0,NULL,2026-09-02 23:09:01.5954048 +07:00,2026-09-02 23:09:06.7777194 +07:00,5182,7,BUMITAMA\sqlservice,BGASVR-DWH-DEV
1240857,Project_Fact,AWL,AWL_Warning.dtsx,NULL,NULL,BUMITAMA\sqlservice,0,NULL,2026-09-02 23:09:09.0988298 +07:00,2026-09-02 23:09:10.5019141 +07:00,1403,7,BUMITAMA\sqlservice,BGASVR-DWH-DEV
1240858,MR,SSISMR,DWH_SMALLERTABLES.dtsx,NULL,NULL,BUMITAMA\sqlservice,0,NULL,2026-09-02 23:30:00.3924942 +07:00,2026-09-02 23:33:41.2701386 +07:00,220878,7,BUMITAMA\sqlservice,BGASVR-DWH-DEV
1240859,SummaryPL,Summary PL Project,dim_coa.dtsx,NULL,NULL,BUMITAMA\sqlservice,0,NULL,2026-09-03 00:00:00.6655874 +07:00,2026-09-03 00:00:16.5134899 +07:00,15848,7,BUMITAMA\sqlservice,BGASVR-DWH-DEV
1240860,Komparasi Overhead Metro,Komparasi Overhead Metro,DWH_STG_to_DWH_DM.dtsx,NULL,NULL,BUMITAMA\sqlservice,0,NULL,2026-09-03 00:00:00.6725807 +07:00,2026-09-03 00:20:56.7885164 +07:00,1256116,7,BUMITAMA\sqlservice,BGASVR-DWH-DEV
1240861,Sequence_Table,Sequence_Table,Seq_Staging_SPARTA_4T.dtsx,NULL,NULL,BUMITAMA\sqlservice,0,NULL,2026-09-03 00:00:00.7015849 +07:00,2026-09-03 00:19:55.3339942 +07:00,1194632,7,BUMITAMA\sqlservice,BGASVR-DWH-DEV
1240862,SAP_to_STG_MR,SAP to STG MR,Elim KG SAP to STG.dtsx,NULL,NULL,BUMITAMA\sqlservice,0,NULL,2026-09-03 00:00:00.7165859 +07:00,2026-09-03 00:00:20.0947028 +07:00,19378,7,BUMITAMA\sqlservice,BGASVR-DWH-DEV
1240863,COGS,COGS,stg_CogsReport.dtsx,NULL,NULL,BUMITAMA\sqlservice,0,NULL,2026-09-03 00:00:00.7375855 +07:00,2026-09-03 00:04:48.4840667 +07:00,287747,7,BUMITAMA\sqlservice,BGASVR-DWH-DEV
1240864,Areal Statement,Areal Statement,SOURCE_to_DWH_STG.dtsx,NULL,NULL,BUMITAMA\sqlservice,1,NULL,2026-09-03 00:00:00.7615911 +07:00,2026-09-03 00:01:59.1743669 +07:00,118413,7,BUMITAMA\sqlservice,BGASVR-DWH-DEV
1240867,SummaryPL,Summary PL Project,dim_company.dtsx,NULL,NULL,BUMITAMA\sqlservice,0,NULL,2026-09-03 00:00:23.8389097 +07:00,2026-09-03 00:00:35.2755647 +07:00,11437,7,BUMITAMA\sqlservice,BGASVR-DWH-DEV
1240868,SAP_to_STG_MR,SAP to STG MR,MR BAL SAP to STG.dtsx,NULL,NULL,BUMITAMA\sqlservice,0,NULL,2026-09-03 00:00:23.8669179 +07:00,2026-09-03 00:00:38.7047608 +07:00,14838,7,BUMITAMA\sqlservice,BGASVR-DWH-DEV
1240869,SummaryPL,Summary PL Project,fact_summary_pl.dtsx,NULL,NULL,BUMITAMA\sqlservice,0,NULL,2026-09-03 00:00:37.1396710 +07:00,2026-09-03 00:00:48.8103393 +07:00,11671,7,BUMITAMA\sqlservice,BGASVR-DWH-DEV
1240870,SummaryPL,Summary PL Project,dim_code_ebitda.dtsx,NULL,NULL,BUMITAMA\sqlservice,0,NULL,2026-09-03 00:00:51.3154869 +07:00,2026-09-03 00:01:06.7513700 +07:00,15436,7,BUMITAMA\sqlservice,BGASVR-DWH-DEV
1240871,SummaryPL,Summary PL Project,fact_ebitda.dtsx,NULL,NULL,BUMITAMA\sqlservice,0,NULL,2026-09-03 00:01:12.4996942 +07:00,2026-09-03 00:01:33.0858767 +07:00,20586,7,BUMITAMA\sqlservice,BGASVR-DWH-DEV
1240872,Areal Statement,Areal Statement,DWH_STG_to_DWH_DM.dtsx,NULL,NULL,BUMITAMA\sqlservice,1,NULL,2026-09-03 00:02:05.3947237 +07:00,2026-09-03 00:10:31.9637317 +07:00,506569,7,BUMITAMA\sqlservice,BGASVR-DWH-DEV
1240873,COGS,COGS,dim_cogs_measure.dtsx,NULL,NULL,BUMITAMA\sqlservice,0,NULL,2026-09-03 00:04:54.1543882 +07:00,2026-09-03 00:04:59.6977041 +07:00,5543,7,BUMITAMA\sqlservice,BGASVR-DWH-DEV
1240874,Sequence_Table,Sequence_Table,Seq_Staging_SPARTA.dtsx,NULL,NULL,BUMITAMA\sqlservice,0,NULL,2026-09-03 00:05:01.1907909 +07:00,2026-09-03 00:25:41.4248189 +07:00,1240234,7,BUMITAMA\sqlservice,BGASVR-DWH-DEV
1240875,Project_Fact,AWL,Staging.dtsx,NULL,NULL,BUMITAMA\sqlservice,1,NULL,2026-09-03 00:05:01.5018070 +07:00,2026-09-03 00:09:07.9309234 +07:00,246429,7,BUMITAMA\sqlservice,BGASVR-DWH-DEV
1240876,COGS,COGS,dim_company.dtsx,NULL,NULL,BUMITAMA\sqlservice,0,NULL,2026-09-03 00:05:02.8998923 +07:00,2026-09-03 00:05:09.1472464 +07:00,6248,7,BUMITAMA\sqlservice,BGASVR-DWH-DEV
1240877,COGS,COGS,dim_report_cogs.dtsx,NULL,NULL,BUMITAMA\sqlservice,0,NULL,2026-09-03 00:05:12.2184238 +07:00,2026-09-03 00:05:14.2665396 +07:00,2048,7,BUMITAMA\sqlservice,BGASVR-DWH-DEV
1240878,COGS,COGS,fact_cogs.dtsx,NULL,NULL,BUMITAMA\sqlservice,0,NULL,2026-09-03 00:05:14.7985734 +07:00,2026-09-03 00:05:17.7647393 +07:00,2966,7,BUMITAMA\sqlservice,BGASVR-DWH-DEV
1240879,Project_Fact,AWL,Fact.dtsx,NULL,NULL,BUMITAMA\sqlservice,0,NULL,2026-09-03 00:09:09.8690344 +07:00,2026-09-03 00:10:03.4420984 +07:00,53573,7,BUMITAMA\sqlservice,BGASVR-DWH-DEV
1240880,Sequence_Table,Sequence_Table,Seq_BSIS_BSAS.dtsx,NULL,NULL,BUMITAMA\sqlservice,0,NULL,2026-09-03 00:10:03.3000929 +07:00,2026-09-03 00:15:53.9221688 +07:00,350622,7,BUMITAMA\sqlservice,BGASVR-DWH-DEV
1240881,Project_Fact,AWL,AWL_Warning.dtsx,NULL,NULL,BUMITAMA\sqlservice,0,NULL,2026-09-03 00:10:08.3693807 +07:00,2026-09-03 00:10:15.4487856 +07:00,7079,7,BUMITAMA\sqlservice,BGASVR-DWH-DEV
1240882,Sequence_Table,Sequence_Table,Seq_Staging_SAP_EHP8_BSIS_BSAS.dtsx,NULL,NULL,BUMITAMA\sqlservice,0,NULL,2026-09-03 00:15:57.8233935 +07:00,2026-09-03 00:16:19.1416130 +07:00,21318,7,BUMITAMA\sqlservice,BGASVR-DWH-DEV
1240883,Sequence_Table,Sequence_Table,Seq_BSIK_BSAK.dtsx,NULL,NULL,BUMITAMA\sqlservice,0,NULL,2026-09-03 00:16:23.5928691 +07:00,2026-09-03 00:17:08.8694686 +07:00,45277,7,BUMITAMA\sqlservice,BGASVR-DWH-DEV
1240884,Sequence_Table,Sequence_Table,Seq_Staging_SAP_EHP8_BSIK_BSAK.dtsx,NULL,NULL,BUMITAMA\sqlservice,0,NULL,2026-09-03 00:17:11.7456257 +07:00,2026-09-03 00:17:18.4720117 +07:00,6727,7,BUMITAMA\sqlservice,BGASVR-DWH-DEV
1240885,Sequence_Table,Sequence_Table,Seq_BSID_BSAD.dtsx,NULL,NULL,BUMITAMA\sqlservice,0,NULL,2026-09-03 00:17:23.6553078 +07:00,2026-09-03 00:18:33.5833161 +07:00,69928,7,BUMITAMA\sqlservice,BGASVR-DWH-DEV
1240886,Sequence_Table,Sequence_Table,Seq_Staging_SAP_EHP8_BSID_BSAD.dtsx,NULL,NULL,BUMITAMA\sqlservice,0,NULL,2026-09-03 00:18:36.5884843 +07:00,2026-09-03 00:18:50.0332572 +07:00,13445,7,BUMITAMA\sqlservice,BGASVR-DWH-DEV
1240887,Sequence_Table,Sequence_Table,Seq_BKPF.dtsx,NULL,NULL,BUMITAMA\sqlservice,0,NULL,2026-09-03 00:18:53.8174720 +07:00,2026-09-03 00:23:30.5693204 +07:00,276752,7,BUMITAMA\sqlservice,BGASVR-DWH-DEV
1240888,Sequence_Table,Sequence_Table,Seq_Staging_SAP_EHP8_BKPF.dtsx,NULL,NULL,BUMITAMA\sqlservice,0,NULL,2026-09-03 00:23:34.7355655 +07:00,2026-09-03 00:24:34.0579566 +07:00,59322,7,BUMITAMA\sqlservice,BGASVR-DWH-DEV
1240889,Project_Fact,DWH_SMALLER_FACT,CHECK_QUERY_DATA.dtsx,NULL,NULL,BUMITAMA\sqlservice,0,NULL,2026-09-03 00:25:46.0400856 +07:00,2026-09-03 00:27:57.2755971 +07:00,131235,7,BUMITAMA\sqlservice,BGASVR-DWH-DEV
1240891,Project_Fact,DWH_SMALLER_FACT,CHECK_QUERY_DATA.dtsx,NULL,NULL,BUMITAMA\sqlservice,0,NULL,2026-09-03 00:27:56.0335260 +07:00,2026-09-03 00:27:58.4816684 +07:00,2448,7,BUMITAMA\sqlservice,BGASVR-DWH-DEV
1240890,Project_Fact,DWH_GRADING_TBS,Staging.dtsx,NULL,NULL,BUMITAMA\sqlservice,0,NULL,2026-09-03 00:27:56.1465369 +07:00,2026-09-03 00:28:15.4846407 +07:00,19338,4,BUMITAMA\sqlservice,BGASVR-DWH-DEV
1240892,Project_Fact,premi dan lembur monitoring,DWH_STG to DWH_DM.dtsx,NULL,NULL,BUMITAMA\sqlservice,0,NULL,2026-09-03 00:27:56.9825843 +07:00,2026-09-03 01:13:27.5789646 +07:00,2730596,7,BUMITAMA\sqlservice,BGASVR-DWH-DEV
1240893,Project_Fact,MACHINE_LEARNING,FACT_ML_YP.dtsx,NULL,NULL,BUMITAMA\sqlservice,0,NULL,2026-09-03 00:27:57.0075965 +07:00,2026-09-03 00:28:20.2319243 +07:00,23224,7,BUMITAMA\sqlservice,BGASVR-DWH-DEV
1240894,Project_Fact,DWH_SMALLER_FACT,CHECK_QUERY_DATA.dtsx,NULL,NULL,BUMITAMA\sqlservice,0,NULL,2026-09-03 00:27:57.0645851 +07:00,2026-09-03 00:27:59.9157733 +07:00,2851,7,BUMITAMA\sqlservice,BGASVR-DWH-DEV
1240895,Project_Fact,SPARTA_PROJECT,FACT_SPARTA_PAYROLL.dtsx,NULL,NULL,BUMITAMA\sqlservice,0,NULL,2026-09-03 00:27:59.4867223 +07:00,2026-09-03 00:48:10.1760518 +07:00,1210690,7,BUMITAMA\sqlservice,BGASVR-DWH-DEV
1240896,Project_Fact,SPARTA_PROJECT,DIMENSI_SPARTA.dtsx,NULL,NULL,BUMITAMA\sqlservice,0,NULL,2026-09-03 00:28:01.0408122 +07:00,2026-09-03 00:28:37.0568759 +07:00,36016,7,BUMITAMA\sqlservice,BGASVR-DWH-DEV
1240897,Project_Fact,DAILY_DASHBOARD_PROJECT,STG_OPERATIONAL_HOLIDAY.dtsx,NULL,NULL,BUMITAMA\sqlservice,1,NULL,2026-09-03 00:28:02.5919022 +07:00,2026-09-03 00:28:04.3980089 +07:00,1807,7,BUMITAMA\sqlservice,BGASVR-DWH-DEV
1240898,Project_Fact,DAILY_DASHBOARD_PROJECT,STG_DAILY_DASHBOARD.dtsx,NULL,NULL,BUMITAMA\sqlservice,1,NULL,2026-09-03 00:28:07.1331677 +07:00,2026-09-03 00:28:11.0383851 +07:00,3905,7,BUMITAMA\sqlservice,BGASVR-DWH-DEV
1240899,Project_Fact,DAILY_DASHBOARD_PROJECT,FACT_DD_TBS.dtsx,NULL,NULL,BUMITAMA\sqlservice,0,NULL,2026-09-03 00:28:13.7025379 +07:00,2026-09-03 00:45:33.9951132 +07:00,1040293,7,BUMITAMA\sqlservice,BGASVR-DWH-DEV
1240900,Project_Fact,MACHINE_LEARNING,FACT_AP_TBS_.dtsx,NULL,NULL,BUMITAMA\sqlservice,0,NULL,2026-09-03 00:28:23.4400973 +07:00,2026-09-03 00:36:58.3155799 +07:00,514875,7,BUMITAMA\sqlservice,BGASVR-DWH-DEV
1240901,Project_Fact,SPARTA_PROJECT,FACT_SPARTA_LHA_NEW.dtsx,NULL,NULL,BUMITAMA\sqlservice,0,NULL,2026-09-03 00:28:39.6680221 +07:00,2026-09-03 01:10:45.8936923 +07:00,2526225,7,BUMITAMA\sqlservice,BGASVR-DWH-DEV
1240902,Sequence_Table,Sequence_Table,Seq_Staging_SAP.dtsx,NULL,NULL,BUMITAMA\sqlservice,0,NULL,2026-09-03 00:30:19.7387549 +07:00,2026-09-03 00:54:18.7491594 +07:00,1439011,7,BUMITAMA\sqlservice,BGASVR-DWH-DEV
1240903,Project_Fact,DPCOLLECTION_PROJECT,Fact_DP_Collection.dtsx,NULL,NULL,BUMITAMA\sqlservice,1,NULL,2026-09-03 00:30:21.5818606 +07:00,2026-09-03 00:30:46.8813078 +07:00,25300,7,BUMITAMA\sqlservice,BGASVR-DWH-DEV
1240904,Sequence_Table,Sequence_Table,Seq_Staging_SPARTA_QA.dtsx,NULL,NULL,BUMITAMA\sqlservice,0,NULL,2026-09-03 00:30:21.6138670 +07:00,2026-09-03 00:37:25.3931302 +07:00,423780,7,BUMITAMA\sqlservice,BGASVR-DWH-DEV
1240905,Project_Fact,DAILY_DASHBOARD_PROJECT,FACT_DD_SUMMARY.dtsx,NULL,NULL,BUMITAMA\sqlservice,0,NULL,2026-09-03 00:45:36.8252726 +07:00,2026-09-03 00:46:59.3659974 +07:00,82540,7,BUMITAMA\sqlservice,BGASVR-DWH-DEV
1240906,Project_Fact,JOURNAL_SPARTA,FACT_JOURNAL_PAYROLL.dtsx,NULL,NULL,BUMITAMA\sqlservice,0,NULL,2026-09-03 00:48:12.3261760 +07:00,2026-09-03 01:20:34.2383946 +07:00,1941912,7,BUMITAMA\sqlservice,BGASVR-DWH-DEV
1240907,Sequence_Table,Sequence_Table,Seq_Staging_SAP_EHP8.dtsx,NULL,NULL,BUMITAMA\sqlservice,0,NULL,2026-09-03 00:54:23.5514346 +07:00,2026-09-03 01:02:45.8651994 +07:00,502314,7,BUMITAMA\sqlservice,BGASVR-DWH-DEV
1240909,MR,SSISMR,DWH-COEP.dtsx,NULL,NULL,BUMITAMA\sqlservice,0,NULL,2026-09-03 01:00:01.0377639 +07:00,2026-09-03 01:03:45.4596144 +07:00,224422,7,BUMITAMA\sqlservice,BGASVR-DWH-DEV
1240908,MR,SSISMR,DWH_ZVT_MSEGPF.dtsx,NULL,NULL,BUMITAMA\sqlservice,0,NULL,2026-09-03 01:00:01.0667660 +07:00,2026-09-03 01:02:07.6570150 +07:00,126591,7,BUMITAMA\sqlservice,BGASVR-DWH-DEV
1240910,Sequence_Table,Sequence_Table,Seq_Staging_SAP_EHP8_ZVT_MSEGPF.dtsx,NULL,NULL,BUMITAMA\sqlservice,0,NULL,2026-09-03 01:02:14.3663979 +07:00,2026-09-03 01:14:14.9426680 +07:00,720576,7,BUMITAMA\sqlservice,BGASVR-DWH-DEV
1240911,Sequence_Table,Sequence_Table,Seq_Staging_SAP_EHP8_COEP.dtsx,NULL,NULL,BUMITAMA\sqlservice,0,NULL,2026-09-03 01:03:47.8927592 +07:00,2026-09-03 01:18:54.6396831 +07:00,906747,7,BUMITAMA\sqlservice,BGASVR-DWH-DEV
1240912,Project_Fact,AWL,Staging.dtsx,NULL,NULL,BUMITAMA\sqlservice,1,NULL,2026-09-03 01:05:01.0159469 +07:00,2026-09-03 01:09:39.9629176 +07:00,278947,7,BUMITAMA\sqlservice,BGASVR-DWH-DEV
1240913,Project_Fact,AWL,Fact.dtsx,NULL,NULL,BUMITAMA\sqlservice,0,NULL,2026-09-03 01:09:42.7950821 +07:00,2026-09-03 01:10:16.4550062 +07:00,33660,7,BUMITAMA\sqlservice,BGASVR-DWH-DEV
1240914,Project_Fact,AWL,AWL_Warning.dtsx,NULL,NULL,BUMITAMA\sqlservice,0,NULL,2026-09-03 01:10:21.0362718 +07:00,2026-09-03 01:10:25.0254977 +07:00,3989,7,BUMITAMA\sqlservice,BGASVR-DWH-DEV
1240915,Project_Fact,SPARTA_PROJECT,FACT_SPARTA_FISIK_PREMI.dtsx,NULL,NULL,BUMITAMA\sqlservice,0,NULL,2026-09-03 01:13:05.2196714 +07:00,2026-09-03 01:31:39.2084644 +07:00,1113989,7,BUMITAMA\sqlservice,BGASVR-DWH-DEV
1240916,Project_Fact,SPARTA_PROJECT,FACT_SPARTA_MONITORING_INPUT.dtsx,NULL,NULL,BUMITAMA\sqlservice,0,NULL,2026-09-03 01:20:37.6985928 +07:00,2026-09-03 01:21:07.1342664 +07:00,29436,7,BUMITAMA\sqlservice,BGASVR-DWH-DEV
1240917,Project_Fact,Risk Mitigasi Payroll,STG to DWH.dtsx,NULL,NULL,BUMITAMA\sqlservice,0,NULL,2026-09-03 01:21:09.2533924 +07:00,2026-09-03 01:22:47.0749936 +07:00,97821,7,BUMITAMA\sqlservice,BGASVR-DWH-DEV
1240918,Project_Fact,DWH_LHM,Fact Rekap.dtsx,NULL,NULL,BUMITAMA\sqlservice,0,NULL,2026-09-03 01:31:43.4167041 +07:00,2026-09-03 01:48:47.7823758 +07:00,1024366,7,BUMITAMA\sqlservice,BGASVR-DWH-DEV
1240919,Sequence_Table,Sequence_Table,Seq_Staging_SIGAP.dtsx,NULL,NULL,BUMITAMA\sqlservice,0,NULL,2026-09-03 02:00:00.7549073 +07:00,2026-09-03 03:48:14.1634480 +07:00,6493409,7,BUMITAMA\sqlservice,BGASVR-DWH-DEV
1240920,MR,SSISMR,DWH_ZVT_MSEGPF.dtsx,NULL,NULL,BUMITAMA\sqlservice,0,NULL,2026-09-03 02:00:00.7859105 +07:00,2026-09-03 02:00:49.8737168 +07:00,49088,7,BUMITAMA\sqlservice,BGASVR-DWH-DEV
1240921,Sequence_Table,Sequence_Table,Seq_Staging_SAP_EHP8_ZVT_MSEGPF.dtsx,NULL,NULL,BUMITAMA\sqlservice,0,NULL,2026-09-03 02:00:54.7009999 +07:00,2026-09-03 02:04:20.8518022 +07:00,206151,7,BUMITAMA\sqlservice,BGASVR-DWH-DEV
1240922,Project_Fact,AWL,Staging.dtsx,NULL,NULL,BUMITAMA\sqlservice,1,NULL,2026-09-03 02:05:00.6590824 +07:00,2026-09-03 02:09:11.5644535 +07:00,250905,7,BUMITAMA\sqlservice,BGASVR-DWH-DEV
1240923,Project_Fact,AWL,Fact.dtsx,NULL,NULL,BUMITAMA\sqlservice,0,NULL,2026-09-03 02:09:15.8036962 +07:00,2026-09-03 02:09:19.7359149 +07:00,3932,7,BUMITAMA\sqlservice,BGASVR-DWH-DEV
1240924,Project_Fact,AWL,AWL_Warning.dtsx,NULL,NULL,BUMITAMA\sqlservice,0,NULL,2026-09-03 02:09:23.8271497 +07:00,2026-09-03 02:09:25.3012347 +07:00,1474,7,BUMITAMA\sqlservice,BGASVR-DWH-DEV
1240925,Sequence_Table,Sequence_Table,STG_SAP_COBK.dtsx,NULL,NULL,BUMITAMA\sqlservice,0,NULL,2026-09-03 02:30:00.9619966 +07:00,2026-09-03 02:33:38.7054654 +07:00,217744,7,BUMITAMA\sqlservice,BGASVR-DWH-DEV
1240926,Sequence_Table,Sequence_Table,Seq_Staging_SAP_EHP8_COBK.dtsx,NULL,NULL,BUMITAMA\sqlservice,0,NULL,2026-09-03 02:33:42.1666629 +07:00,2026-09-03 02:33:53.2282993 +07:00,11062,7,BUMITAMA\sqlservice,BGASVR-DWH-DEV
1240927,Project_Fact,DWH_TURNOVER_NON_STAFF_BGA,Staging Non Staff.dtsx,NULL,NULL,BUMITAMA\sqlservice,1,NULL,2026-09-03 03:00:01.0336798 +07:00,2026-09-03 03:00:04.0722685 +07:00,3039,7,BUMITAMA\sqlservice,BGASVR-DWH-DEV
1240929,Project_Fact,BIAYA_UMUM_PER_COST_ELEMENT,Mapping Biaya Umum per Komponen.dtsx,NULL,NULL,BUMITAMA\sqlservice,1,NULL,2026-09-03 03:00:01.0826913 +07:00,2026-09-03 03:00:04.5203507 +07:00,3438,7,BUMITAMA\sqlservice,BGASVR-DWH-DEV
1240928,Project_Fact,DWH_GIP,Staging.dtsx,NULL,NULL,BUMITAMA\sqlservice,1,NULL,2026-09-03 03:00:01.0996946 +07:00,2026-09-03 03:00:03.5291582 +07:00,2430,7,BUMITAMA\sqlservice,BGASVR-DWH-DEV
1240930,Project_Fact,DWH_TURNOVER_NON_STAFF_BGA,Fact Detail Non Staff.dtsx,NULL,NULL,BUMITAMA\sqlservice,0,NULL,2026-09-03 03:00:04.7363961 +07:00,2026-09-03 03:00:10.0794123 +07:00,5343,7,BUMITAMA\sqlservice,BGASVR-DWH-DEV
1240931,Project_Fact,DWH_GIP,Dimensi.dtsx,NULL,NULL,BUMITAMA\sqlservice,0,NULL,2026-09-03 03:00:06.1796711 +07:00,2026-09-03 03:00:09.0752230 +07:00,2896,7,BUMITAMA\sqlservice,BGASVR-DWH-DEV
1240932,Project_Fact,BIAYA_UMUM_PER_COST_ELEMENT,Dimensi Biaya Umum.dtsx,NULL,NULL,BUMITAMA\sqlservice,0,NULL,2026-09-03 03:00:08.8281766 +07:00,2026-09-03 03:00:10.2534491 +07:00,1425,7,BUMITAMA\sqlservice,BGASVR-DWH-DEV
1240933,Project_Fact,DWH_GIP,Fact.dtsx,NULL,NULL,BUMITAMA\sqlservice,0,NULL,2026-09-03 03:00:11.6647164 +07:00,2026-09-03 03:03:51.2956254 +07:00,219631,7,BUMITAMA\sqlservice,BGASVR-DWH-DEV
1240934,Project_Fact,BIAYA_UMUM_PER_COST_ELEMENT,Fact Biaya Umum.dtsx,NULL,NULL,BUMITAMA\sqlservice,0,NULL,2026-09-03 03:00:12.7939340 +07:00,2026-09-03 03:03:54.6799947 +07:00,221886,7,BUMITAMA\sqlservice,BGASVR-DWH-DEV
1240935,Project_Fact,DWH_TURNOVER_NON_STAFF_BGA,Fact Rekap Non Staff.dtsx,NULL,NULL,BUMITAMA\sqlservice,0,NULL,2026-09-03 03:00:14.2872199 +07:00,2026-09-03 03:01:33.5314115 +07:00,79244,7,BUMITAMA\sqlservice,BGASVR-DWH-DEV
1240936,Project_Fact,MANPOWER_PLANNING_NON_STAFF,Staging Manpower Planning Non Satff.dtsx,NULL,NULL,BUMITAMA\sqlservice,1,NULL,2026-09-03 03:01:38.9054482 +07:00,2026-09-03 03:01:59.0252982 +07:00,20120,7,BUMITAMA\sqlservice,BGASVR-DWH-DEV
1240937,Project_Fact,MANPOWER_PLANNING_NON_STAFF,Fact Monpower Planning Non Staff.dtsx,NULL,NULL,BUMITAMA\sqlservice,0,NULL,2026-09-03 03:02:01.9058533 +07:00,2026-09-03 03:02:20.0183231 +07:00,18113,7,BUMITAMA\sqlservice,BGASVR-DWH-DEV
1240938,Project_Fact,AWL,Staging.dtsx,NULL,NULL,BUMITAMA\sqlservice,1,NULL,2026-09-03 03:05:01.0961997 +07:00,2026-09-03 03:07:37.3881661 +07:00,156292,7,BUMITAMA\sqlservice,BGASVR-DWH-DEV
1240939,Project_Fact,AWL,Fact.dtsx,NULL,NULL,BUMITAMA\sqlservice,0,NULL,2026-09-03 03:07:41.6696282 +07:00,2026-09-03 03:07:45.4090343 +07:00,3740,7,BUMITAMA\sqlservice,BGASVR-DWH-DEV
1240940,Project_Fact,AWL,AWL_Warning.dtsx,NULL,NULL,BUMITAMA\sqlservice,0,NULL,2026-09-03 03:07:49.6844977 +07:00,2026-09-03 03:07:51.9147406 +07:00,2230,7,BUMITAMA\sqlservice,BGASVR-DWH-DEV
1240941,Project_Fact,DWH_SMALLER_FACT,CHECK_QUERY_DATA.dtsx,NULL,NULL,BUMITAMA\sqlservice,0,NULL,2026-09-03 03:20:01.2064997 +07:00,2026-09-03 03:20:05.2467336 +07:00,4040,7,BUMITAMA\sqlservice,BGASVR-DWH-DEV
1240942,Project_Fact,INVESTOR_RELATIONS_PROJECT,Upload_IR.dtsx,NULL,NULL,BUMITAMA\sqlservice,1,NULL,2026-09-03 03:20:06.2107941 +07:00,2026-09-03 03:20:08.3709153 +07:00,2160,7,BUMITAMA\sqlservice,BGASVR-DWH-DEV
1240943,Project_Fact,INVESTOR_RELATIONS_PROJECT,PL_BS.dtsx,NULL,NULL,BUMITAMA\sqlservice,1,NULL,2026-09-03 03:20:12.2021309 +07:00,2026-09-03 03:20:14.4112546 +07:00,2209,7,BUMITAMA\sqlservice,BGASVR-DWH-DEV
1240944,Project_Fact,INVESTOR_RELATIONS_PROJECT,PS_AS.dtsx,NULL,NULL,BUMITAMA\sqlservice,1,NULL,2026-09-03 03:20:18.7315036 +07:00,2026-09-03 04:30:01.8710606 +07:00,4183140,7,BUMITAMA\sqlservice,BGASVR-DWH-DEV
1240945,Project_Fact,MILL_COST_PROJECT,STG_FOR_DIM_MILL_COST.dtsx,NULL,NULL,BUMITAMA\sqlservice,1,NULL,2026-09-03 03:30:01.3998697 +07:00,2026-09-03 03:30:03.0209628 +07:00,1621,7,BUMITAMA\sqlservice,BGASVR-DWH-DEV
1240946,Sequence_Table,Sequence_Table,Seq_Repository.dtsx,NULL,NULL,BUMITAMA\sqlservice,0,NULL,2026-09-03 03:30:01.4458725 +07:00,2026-09-03 03:38:04.2515208 +07:00,482806,7,BUMITAMA\sqlservice,BGASVR-DWH-DEV
1240947,Project_Fact,DWH_SIGAP,FACT_SIGAP.dtsx,NULL,NULL,BUMITAMA\sqlservice,0,NULL,2026-09-03 03:30:01.4628742 +07:00,2026-09-03 03:41:50.8384958 +07:00,709376,7,BUMITAMA\sqlservice,BGASVR-DWH-DEV
1240948,Project_Fact,MILL_COST_PROJECT,DIM_FOR_FACT_MILL_COST.dtsx,NULL,NULL,BUMITAMA\sqlservice,0,NULL,2026-09-03 03:30:54.2748974 +07:00,2026-09-03 03:47:08.4056826 +07:00,974131,7,BUMITAMA\sqlservice,BGASVR-DWH-DEV
1240949,Project_Fact,MILL_COST_PROJECT,FACT_MILL_COST.dtsx,NULL,NULL,BUMITAMA\sqlservice,0,NULL,2026-09-03 03:47:11.0478357 +07:00,2026-09-03 04:26:47.8269429 +07:00,2376779,7,BUMITAMA\sqlservice,BGASVR-DWH-DEV
1240950,Monitoring Inputan BPS,Monitoring BPS Sparta,STG to DWH.dtsx,NULL,NULL,BUMITAMA\sqlservice,0,NULL,2026-09-03 04:00:24.0322449 +07:00,2026-09-03 04:00:53.4959349 +07:00,29463,7,BUMITAMA\sqlservice,BGASVR-DWH-DEV
1240951,Project_Fact,AWL,Staging.dtsx,NULL,NULL,BUMITAMA\sqlservice,1,NULL,2026-09-03 04:05:02.6832047 +07:00,2026-09-03 04:13:41.0848942 +07:00,518401,7,BUMITAMA\sqlservice,BGASVR-DWH-DEV
1240952,Project_Fact,SUSTAINABILITY_SMK3,FACT_SUSTAIN_SMK3.dtsx,NULL,NULL,BUMITAMA\sqlservice,0,NULL,2026-09-03 04:10:00.4322562 +07:00,2026-09-03 04:11:23.9890441 +07:00,83557,7,BUMITAMA\sqlservice,BGASVR-DWH-DEV
1240953,Project_Fact,AWL,Fact.dtsx,NULL,NULL,BUMITAMA\sqlservice,0,NULL,2026-09-03 04:13:41.8829389 +07:00,2026-09-03 04:13:55.2307059 +07:00,13348,7,BUMITAMA\sqlservice,BGASVR-DWH-DEV
1240954,Project_Fact,AWL,AWL_Warning.dtsx,NULL,NULL,BUMITAMA\sqlservice,0,NULL,2026-09-03 04:13:59.4069619 +07:00,2026-09-03 04:14:01.3990619 +07:00,1993,7,BUMITAMA\sqlservice,BGASVR-DWH-DEV
1240955,Project_Fact,PEMAKAIAN_SOLAR,AREAL_STATEMENT_PROPORSI_MANUAL_LOAD.dtsx,NULL,NULL,BUMITAMA\sqlservice,0,NULL,2026-09-03 04:20:01.3706710 +07:00,2026-09-03 04:20:13.5533685 +07:00,12183,7,BUMITAMA\sqlservice,BGASVR-DWH-DEV
1240956,Project_Fact,PEMAKAIAN_SOLAR,Fact_Pemakaian_Solar v2.dtsx,NULL,NULL,BUMITAMA\sqlservice,0,NULL,2026-09-03 04:20:15.2374679 +07:00,2026-09-03 04:46:26.5444471 +07:00,1571307,7,BUMITAMA\sqlservice,BGASVR-DWH-DEV
1240957,Project_Fact,MILL_COST_PROJECT,FACT_MILL_COST_DASHBOARD.dtsx,NULL,NULL,BUMITAMA\sqlservice,0,NULL,2026-09-03 04:26:50.3180900 +07:00,2026-09-03 04:27:58.4899953 +07:00,68171,7,BUMITAMA\sqlservice,BGASVR-DWH-DEV
1240958,Project_Fact,CIVIL_ENGINEERING_PROJECT,FACT_CIVIL_ENGINEERING.dtsx,NULL,NULL,BUMITAMA\sqlservice,0,NULL,2026-09-03 04:27:59.6470671 +07:00,2026-09-03 04:28:57.1153507 +07:00,57468,7,BUMITAMA\sqlservice,BGASVR-DWH-DEV
1240959,Project_Fact,INVESTOR_RELATIONS_PROJECT,COS_CE.dtsx,NULL,NULL,BUMITAMA\sqlservice,1,NULL,2026-09-03 04:30:06.1473098 +07:00,2026-09-03 04:43:13.7434034 +07:00,787596,7,BUMITAMA\sqlservice,BGASVR-DWH-DEV
1240960,Project_Fact,INVESTOR_RELATIONS_PROJECT,RATIO_QS.dtsx,NULL,NULL,BUMITAMA\sqlservice,1,NULL,2026-09-03 04:43:16.2385503 +07:00,2026-09-03 04:43:18.6186861 +07:00,2380,7,BUMITAMA\sqlservice,BGASVR-DWH-DEV
1240961,Project_Fact,DWH_SMALLER_FACT,CHECK_QUERY_DATA.dtsx,NULL,NULL,BUMITAMA\sqlservice,0,NULL,2026-09-03 05:00:00.7840782 +07:00,2026-09-03 05:00:06.4734028 +07:00,5689,7,BUMITAMA\sqlservice,BGASVR-DWH-DEV
1240962,Project_Fact,PAYMENT TREASURY,DIM_PAYMENT.dtsx,NULL,NULL,BUMITAMA\sqlservice,1,NULL,2026-09-03 05:00:00.8400789 +07:00,2026-09-03 05:00:05.5553498 +07:00,4715,7,BUMITAMA\sqlservice,BGASVR-DWH-DEV
1240963,Project_Fact,AP_AGING_PROJECT,Ap_Aging.dtsx,NULL,NULL,BUMITAMA\sqlservice,0,NULL,2026-09-03 05:00:00.9830877 +07:00,2026-09-03 05:00:09.3625676 +07:00,8379,7,BUMITAMA\sqlservice,BGASVR-DWH-DEV
1240964,Project_Fact,PAYMENT TREASURY,MAPPING_GROUP_PAYMENT.dtsx,NULL,NULL,BUMITAMA\sqlservice,1,NULL,2026-09-03 05:00:06.6584130 +07:00,2026-09-03 05:00:09.7725974 +07:00,3114,7,BUMITAMA\sqlservice,BGASVR-DWH-DEV
1240965,Project_Fact,DWH_LKK_PROJECT_NEW,INSERT_MAPPING_BIAYA_TANAMAN.dtsx,NULL,NULL,BUMITAMA\sqlservice,1,NULL,2026-09-03 05:00:08.8595395 +07:00,2026-09-03 05:13:15.4885866 +07:00,786629,7,BUMITAMA\sqlservice,BGASVR-DWH-DEV
1240966,Project_Fact,PAYMENT TREASURY,FACT_SUMMARY_PAYMENT.dtsx,NULL,NULL,BUMITAMA\sqlservice,1,NULL,2026-09-03 05:00:12.1417259 +07:00,2026-09-03 05:00:34.8640292 +07:00,22723,7,BUMITAMA\sqlservice,BGASVR-DWH-DEV
1240967,Project_Fact,PAYMENT TREASURY,FACT_DETAIL_PAYMENT.dtsx,NULL,NULL,BUMITAMA\sqlservice,1,NULL,2026-09-03 05:00:36.3111107 +07:00,2026-09-03 05:00:48.3838028 +07:00,12072,7,BUMITAMA\sqlservice,BGASVR-DWH-DEV
1240968,Project_Fact,PAYMENT TREASURY,FACT_OUTSTANDING_PAYMENT.dtsx,NULL,NULL,BUMITAMA\sqlservice,1,NULL,2026-09-03 05:00:52.1150157 +07:00,2026-09-03 05:01:02.0215836 +07:00,9906,7,BUMITAMA\sqlservice,BGASVR-DWH-DEV
1240969,Project_Fact,PAYMENT TREASURY,FACT_PERFORMANCE_PAYMENT.dtsx,NULL,NULL,BUMITAMA\sqlservice,1,NULL,2026-09-03 05:01:03.9566939 +07:00,2026-09-03 05:01:34.6364512 +07:00,30680,7,BUMITAMA\sqlservice,BGASVR-DWH-DEV
1240970,Project_Fact,PAYMENT TREASURY,FACT_BALANCE_PAYMENT.dtsx,NULL,NULL,BUMITAMA\sqlservice,1,NULL,2026-09-03 05:01:38.6866793 +07:00,2026-09-03 05:01:41.3998389 +07:00,2713,7,BUMITAMA\sqlservice,BGASVR-DWH-DEV
1240971,Project_Fact,AWL,Staging.dtsx,NULL,NULL,BUMITAMA\sqlservice,1,NULL,2026-09-03 05:05:00.6952528 +07:00,2026-09-03 05:08:32.7943988 +07:00,212099,7,BUMITAMA\sqlservice,BGASVR-DWH-DEV
1240972,Project_Fact,AWL,Fact.dtsx,NULL,NULL,BUMITAMA\sqlservice,0,NULL,2026-09-03 05:08:35.1695403 +07:00,2026-09-03 05:08:41.7519115 +07:00,6582,7,BUMITAMA\sqlservice,BGASVR-DWH-DEV
1240973,Project_Fact,AWL,AWL_Warning.dtsx,NULL,NULL,BUMITAMA\sqlservice,0,NULL,2026-09-03 05:08:42.6679633 +07:00,2026-09-03 05:08:44.0460483 +07:00,1379,7,BUMITAMA\sqlservice,BGASVR-DWH-DEV
1240974,Project_Fact,Blok Manuring System,FACT_BJR.dtsx,NULL,NULL,BUMITAMA\sqlservice,0,NULL,2026-09-03 05:10:00.7474376 +07:00,2026-09-03 05:10:05.2826902 +07:00,4535,7,BUMITAMA\sqlservice,BGASVR-DWH-DEV
1240975,Project_Fact,Blok Manuring System,FACT_BMS.dtsx,NULL,NULL,BUMITAMA\sqlservice,0,NULL,2026-09-03 05:10:09.2569186 +07:00,2026-09-03 05:10:24.0077626 +07:00,14751,7,BUMITAMA\sqlservice,BGASVR-DWH-DEV
1240976,Project_Fact,DWH_LKK_PROJECT_NEW,FACT_LKK.dtsx,NULL,NULL,BUMITAMA\sqlservice,0,NULL,2026-09-03 05:13:19.4698166 +07:00,2026-09-03 06:55:43.5326607 +07:00,6144063,7,BUMITAMA\sqlservice,BGASVR-DWH-DEV
1240977,Project_Fact,PERFORMANCE_QUALITY_BHS,Fact.dtsx,NULL,NULL,BUMITAMA\sqlservice,0,NULL,2026-09-03 05:20:02.2388803 +07:00,2026-09-03 05:23:34.6130375 +07:00,212375,7,BUMITAMA\sqlservice,BGASVR-DWH-DEV
1240978,Project_Fact,PERFORMANCE_QUALITY_BGS,Fact.dtsx,NULL,NULL,BUMITAMA\sqlservice,0,NULL,2026-09-03 05:30:00.8541605 +07:00,2026-09-03 05:30:04.9723971 +07:00,4118,7,BUMITAMA\sqlservice,BGASVR-DWH-DEV
1240979,Project_Fact,RELOKASI_BUDGET_PROJECT,Staging_Relocation_Budget.dtsx,NULL,NULL,BUMITAMA\sqlservice,1,NULL,2026-09-03 05:40:01.1585360 +07:00,2026-09-03 05:40:05.0357567 +07:00,3877,7,BUMITAMA\sqlservice,BGASVR-DWH-DEV
1240980,Sequence_Table,Sequence_Table,Seq_Staging_NON_SAP_TMS.dtsx,NULL,NULL,BUMITAMA\sqlservice,0,NULL,2026-09-03 05:40:01.2475397 +07:00,2026-09-03 05:40:20.3426347 +07:00,19095,4,BUMITAMA\sqlservice,BGASVR-DWH-DEV
1240981,Project_Fact,RELOKASI_BUDGET_PROJECT,FACT_RELOCATION_BUDGET.dtsx,NULL,NULL,BUMITAMA\sqlservice,0,NULL,2026-09-03 05:40:09.4370086 +07:00,2026-09-03 05:50:28.6794704 +07:00,619242,7,BUMITAMA\sqlservice,BGASVR-DWH-DEV
1240982,Project_Fact,DAILY_OPERATION,FACT_DAILY_OPR.dtsx,NULL,NULL,BUMITAMA\sqlservice,0,NULL,2026-09-03 05:45:01.0487087 +07:00,2026-09-03 05:55:41.4653911 +07:00,640417,7,BUMITAMA\sqlservice,BGASVR-DWH-DEV
1240983,Project_Fact,Docket Jangkos Kompos,FACT_DOCKET.dtsx,NULL,NULL,BUMITAMA\sqlservice,0,NULL,2026-09-03 05:55:01.1000716 +07:00,2026-09-03 05:55:04.7752840 +07:00,3675,7,BUMITAMA\sqlservice,BGASVR-DWH-DEV
1240984,Sequence_Table,Sequence_Table,Seq_Staging_SPARTA_4T.dtsx,NULL,NULL,BUMITAMA\sqlservice,0,NULL,2026-09-03 06:00:01.1222540 +07:00,2026-09-03 06:15:08.2432040 +07:00,907121,7,BUMITAMA\sqlservice,BGASVR-DWH-DEV
1240985,Project_Fact,Bearer_Plant,DWH_DIM_BEARER_PLANT.dtsx,NULL,NULL,BUMITAMA\sqlservice,1,NULL,2026-09-03 06:00:01.1422576 +07:00,2026-09-03 06:00:04.6064573 +07:00,3464,7,BUMITAMA\sqlservice,BGASVR-DWH-DEV
1240986,Project_Fact,AWS,FACT_AWS.dtsx,NULL,NULL,BUMITAMA\sqlservice,1,NULL,2026-09-03 06:00:01.1602644 +07:00,2026-09-03 06:07:04.1704811 +07:00,423010,7,BUMITAMA\sqlservice,BGASVR-DWH-DEV
1240987,Project_Fact,REALISASI VS ANGGARAN HO PROJECT,INSERT MAPPING.dtsx,NULL,NULL,BUMITAMA\sqlservice,1,NULL,2026-09-03 06:00:01.1822597 +07:00,2026-09-03 06:00:06.1625733 +07:00,4980,7,BUMITAMA\sqlservice,BGASVR-DWH-DEV
1240988,Project_Fact,REALISASI VS ANGGARAN HO PROJECT,UPLOAD_PTAB_RELOKASI_COP.dtsx,NULL,NULL,BUMITAMA\sqlservice,1,NULL,2026-09-03 06:00:08.8046929 +07:00,2026-09-03 06:00:22.8534984 +07:00,14049,7,BUMITAMA\sqlservice,BGASVR-DWH-DEV
1240989,Project_Fact,Bearer_Plant,DWH_FACT_BP_COEP.dtsx,NULL,NULL,BUMITAMA\sqlservice,0,NULL,2026-09-03 06:00:08.9637058 +07:00,2026-09-03 06:02:47.2327660 +07:00,158269,7,BUMITAMA\sqlservice,BGASVR-DWH-DEV
1240990,Project_Fact,REALISASI VS ANGGARAN HO PROJECT,DIMENSI_REALIASI_VS_ANGGARAN_HO.dtsx,NULL,NULL,BUMITAMA\sqlservice,0,NULL,2026-09-03 06:00:26.2216898 +07:00,2026-09-03 06:00:42.3626176 +07:00,16141,7,BUMITAMA\sqlservice,BGASVR-DWH-DEV
1240991,Project_Fact,REALISASI VS ANGGARAN HO PROJECT,FACT_REALISASI_VS_ANGGARAN_HO.dtsx,NULL,NULL,BUMITAMA\sqlservice,0,NULL,2026-09-03 06:00:46.2418361 +07:00,2026-09-03 06:18:11.4396937 +07:00,1045198,7,BUMITAMA\sqlservice,BGASVR-DWH-DEV
1240992,Project_Fact,Bearer_Plant,DWH_FACT_BP_ZVT_MSEGPF.dtsx,NULL,NULL,BUMITAMA\sqlservice,0,NULL,2026-09-03 06:02:50.4439499 +07:00,2026-09-03 06:05:26.1268645 +07:00,155683,7,BUMITAMA\sqlservice,BGASVR-DWH-DEV
1240993,Project_Fact,PPH21_DJP,FACT_DJP.dtsx,NULL,NULL,BUMITAMA\sqlservice,0,NULL,2026-09-03 06:05:02.3545255 +07:00,2026-09-03 06:07:25.7707200 +07:00,143416,7,BUMITAMA\sqlservice,BGASVR-DWH-DEV
1240994,Project_Fact,AWL,Staging.dtsx,NULL,NULL,BUMITAMA\sqlservice,1,NULL,2026-09-03 06:05:02.8925346 +07:00,2026-09-03 06:09:24.3295058 +07:00,261437,7,BUMITAMA\sqlservice,BGASVR-DWH-DEV
1240995,Selling Expenses,Selling Expenses,source to staging.dtsx,NULL,NULL,BUMITAMA\sqlservice,1,NULL,2026-09-03 06:05:03.1305526 +07:00,2026-09-03 06:05:15.8432754 +07:00,12713,7,BUMITAMA\sqlservice,BGASVR-DWH-DEV
1240996,Selling Expenses,Selling Expenses,staging to dwh.dtsx,NULL,NULL,BUMITAMA\sqlservice,0,NULL,2026-09-03 06:05:19.4264826 +07:00,2026-09-03 06:05:50.3022555 +07:00,30876,7,BUMITAMA\sqlservice,BGASVR-DWH-DEV
1240997,Project_Fact,Bearer_Plant,DWH_FACT_BP_FAGLFLEXT.dtsx,NULL,NULL,BUMITAMA\sqlservice,0,NULL,2026-09-03 06:05:30.9061385 +07:00,2026-09-03 06:05:53.7754500 +07:00,22869,7,BUMITAMA\sqlservice,BGASVR-DWH-DEV
1240998,Project_Fact,Bearer_Plant,DWH_FACT_BP_Excel_Manual_Upload.dtsx,NULL,NULL,BUMITAMA\sqlservice,1,NULL,2026-09-03 06:05:57.1726430 +07:00,2026-09-03 06:06:00.2788222 +07:00,3106,7,BUMITAMA\sqlservice,BGASVR-DWH-DEV
1240999,Project_Fact,Bearer_Plant,Generate YTD.dtsx,NULL,NULL,BUMITAMA\sqlservice,0,NULL,2026-09-03 06:06:03.6080186 +07:00,2026-09-03 06:06:22.2740795 +07:00,18666,7,BUMITAMA\sqlservice,BGASVR-DWH-DEV
1241000,Project_Fact,Bearer_Plant,Generate MTD.dtsx,NULL,NULL,BUMITAMA\sqlservice,0,NULL,2026-09-03 06:06:25.2662509 +07:00,2026-09-03 06:06:35.3018281 +07:00,10035,7,BUMITAMA\sqlservice,BGASVR-DWH-DEV
1241001,Project_Fact,Bearer_Plant,DWH_FACT_BEARER_PLANT_SUMMARIZE.dtsx,NULL,NULL,BUMITAMA\sqlservice,0,NULL,2026-09-03 06:06:39.2160534 +07:00,2026-09-03 06:06:51.2077383 +07:00,11991,7,BUMITAMA\sqlservice,BGASVR-DWH-DEV
1241002,Project_Fact,Bearer_Plant,DWH_FACT_BEARER_PLANT_SUMMARIZE_Excel.dtsx,NULL,NULL,BUMITAMA\sqlservice,1,NULL,2026-09-03 06:06:54.0248986 +07:00,2026-09-03 06:07:00.6652777 +07:00,6641,7,BUMITAMA\sqlservice,BGASVR-DWH-DEV
1241003,Project_Fact,Bearer_Plant_Consol,Group_Pipeline_Dim_Bearer_Plant_Consol.dtsx,NULL,NULL,BUMITAMA\sqlservice,1,NULL,2026-09-03 06:07:03.9194731 +07:00,2026-09-03 06:07:13.4810153 +07:00,9562,7,BUMITAMA\sqlservice,BGASVR-DWH-DEV
1241004,Project_Fact,Bearer_Plant_Consol,DWH_FACT_BEARER_PLANT_CONSOL.dtsx,NULL,NULL,BUMITAMA\sqlservice,0,NULL,2026-09-03 06:07:15.2871158 +07:00,2026-09-03 06:11:36.3870708 +07:00,261100,7,BUMITAMA\sqlservice,BGASVR-DWH-DEV
1241005,Project_Fact,AWL,Fact.dtsx,NULL,NULL,BUMITAMA\sqlservice,0,NULL,2026-09-03 06:09:25.6285809 +07:00,2026-09-03 06:09:43.8766264 +07:00,18248,7,BUMITAMA\sqlservice,BGASVR-DWH-DEV
1241006,Project_Fact,AWL,AWL_Warning.dtsx,NULL,NULL,BUMITAMA\sqlservice,0,NULL,2026-09-03 06:09:47.3188249 +07:00,2026-09-03 06:09:52.8611409 +07:00,5543,7,BUMITAMA\sqlservice,BGASVR-DWH-DEV
1241007,Project_Fact,Account_Reservable,FACT_AR.dtsx,NULL,NULL,BUMITAMA\sqlservice,0,NULL,2026-09-03 06:10:03.0127240 +07:00,2026-09-03 06:11:06.8833783 +07:00,63871,7,BUMITAMA\sqlservice,BGASVR-DWH-DEV
1241008,Project_Fact,Bearer_Plant_Consol,Group_Pipeline_Bearer_Plant_Consol_1.dtsx,NULL,NULL,BUMITAMA\sqlservice,0,NULL,2026-09-03 06:11:40.5193101 +07:00,2026-09-03 06:11:58.0373112 +07:00,17518,7,BUMITAMA\sqlservice,BGASVR-DWH-DEV
1241009,Project_Fact,Bearer_Plant_Consol,Group_Pipeline_Bearer_Plant_Consol_2.dtsx,NULL,NULL,BUMITAMA\sqlservice,0,NULL,2026-09-03 06:12:02.3955595 +07:00,2026-09-03 06:12:11.5370859 +07:00,9142,7,BUMITAMA\sqlservice,BGASVR-DWH-DEV
1241010,Project_Fact,Bearer_Plant_Consol,DWH_FACT_BGA_CONSOL.dtsx,NULL,NULL,BUMITAMA\sqlservice,0,NULL,2026-09-03 06:12:14.1492296 +07:00,2026-09-03 06:12:21.5326527 +07:00,7383,7,BUMITAMA\sqlservice,BGASVR-DWH-DEV
1241011,Project_Fact,Bearer_Plant_Consol,DWH_FACT_BAL_CONSOL.dtsx,NULL,NULL,BUMITAMA\sqlservice,0,NULL,2026-09-03 06:12:26.3929311 +07:00,2026-09-03 06:12:30.9951946 +07:00,4603,7,BUMITAMA\sqlservice,BGASVR-DWH-DEV
1241012,Project_Fact,PPH21_DJP,FACT_TAX_PAYMENT.dtsx,NULL,NULL,BUMITAMA\sqlservice,1,NULL,2026-09-03 06:20:01.4379904 +07:00,2026-09-03 06:20:08.6524048 +07:00,7215,7,BUMITAMA\sqlservice,BGASVR-DWH-DEV
1241013,Project_Fact,PPH21_DJP,FACT_PPH21.dtsx,NULL,NULL,BUMITAMA\sqlservice,1,NULL,2026-09-03 06:25:01.2571639 +07:00,2026-09-03 06:26:02.7326810 +07:00,61475,7,BUMITAMA\sqlservice,BGASVR-DWH-DEV
1241014,Project_Fact,PPH21_DJP,FACT_UNIFIKASI.dtsx,NULL,NULL,BUMITAMA\sqlservice,1,NULL,2026-09-03 06:30:00.2602852 +07:00,2026-09-03 06:30:28.0568773 +07:00,27796,7,BUMITAMA\sqlservice,BGASVR-DWH-DEV
1241015,Project_Fact,PAYMENT_REALIZATION,Dim_Payment_Mapping.dtsx,NULL,NULL,BUMITAMA\sqlservice,1,NULL,2026-09-03 06:30:00.5022964 +07:00,2026-09-03 06:30:03.0664434 +07:00,2564,7,BUMITAMA\sqlservice,BGASVR-DWH-DEV
1241016,Project_Fact,PAYMENT_REALIZATION,Fact_Payment.dtsx,NULL,NULL,BUMITAMA\sqlservice,1,NULL,2026-09-03 06:30:06.9936714 +07:00,2026-09-03 06:30:32.1671092 +07:00,25174,7,BUMITAMA\sqlservice,BGASVR-DWH-DEV
1241017,Project_Fact,PPH21_DJP,FACT_PPH_ANNUAL.dtsx,NULL,NULL,BUMITAMA\sqlservice,0,NULL,2026-09-03 06:40:00.6906684 +07:00,2026-09-03 06:40:10.3102208 +07:00,9620,7,BUMITAMA\sqlservice,BGASVR-DWH-DEV
1241018,Project_Fact,DWH_GRADING_TBS,Staging.dtsx,NULL,NULL,BUMITAMA\sqlservice,0,NULL,2026-09-03 06:42:28.2841208 +07:00,2026-09-03 06:44:35.4084019 +07:00,127124,4,BUMITAMA\sqlservice,BGASVR-DWH-DEV
1241019,Project_Fact,MACHINE_LEARNING,FACT_ML_YP.dtsx,NULL,NULL,BUMITAMA\sqlservice,0,NULL,2026-09-03 06:42:30.4362457 +07:00,2026-09-03 06:46:26.0507362 +07:00,235614,7,BUMITAMA\sqlservice,BGASVR-DWH-DEV
1241020,Project_Fact,premi dan lembur monitoring,DWH_STG to DWH_DM.dtsx,NULL,NULL,BUMITAMA\sqlservice,0,NULL,2026-09-03 06:42:33.6854309 +07:00,2026-09-03 07:22:04.1441768 +07:00,2370459,7,BUMITAMA\sqlservice,BGASVR-DWH-DEV
1241022,Project_Fact,DWH_SMALLER_FACT,CHECK_QUERY_DATA.dtsx,NULL,NULL,BUMITAMA\sqlservice,0,NULL,2026-09-03 06:42:35.7215464 +07:00,2026-09-03 06:43:20.9651380 +07:00,45244,7,BUMITAMA\sqlservice,BGASVR-DWH-DEV
1241021,Project_Fact,DWH_SMALLER_FACT,CHECK_QUERY_DATA.dtsx,NULL,NULL,BUMITAMA\sqlservice,0,NULL,2026-09-03 06:42:35.8705571 +07:00,2026-09-03 06:43:21.9681934 +07:00,46098,7,BUMITAMA\sqlservice,BGASVR-DWH-DEV
1241023,Project_Fact,SPARTA_PROJECT,DIMENSI_SPARTA.dtsx,NULL,NULL,BUMITAMA\sqlservice,0,NULL,2026-09-03 06:43:31.2767297 +07:00,2026-09-03 06:46:32.7781238 +07:00,181502,7,BUMITAMA\sqlservice,BGASVR-DWH-DEV
1241024,Project_Fact,DAILY_DASHBOARD_PROJECT,STG_OPERATIONAL_HOLIDAY.dtsx,NULL,NULL,BUMITAMA\sqlservice,1,NULL,2026-09-03 06:43:32.5788102 +07:00,2026-09-03 06:44:23.1257017 +07:00,50547,7,BUMITAMA\sqlservice,BGASVR-DWH-DEV
1241025,Project_Fact,DAILY_DASHBOARD_PROJECT,STG_DAILY_DASHBOARD.dtsx,NULL,NULL,BUMITAMA\sqlservice,1,NULL,2026-09-03 06:44:28.4980050 +07:00,2026-09-03 06:45:01.4458936 +07:00,32947,7,BUMITAMA\sqlservice,BGASVR-DWH-DEV
1241026,Project_Fact,INTERNAL_AUDIT,FACT_INTERNAL_AUDIT.dtsx,NULL,NULL,BUMITAMA\sqlservice,0,NULL,2026-09-03 06:45:01.1738804 +07:00,2026-09-03 07:29:24.3943900 +07:00,2663221,7,BUMITAMA\sqlservice,BGASVR-DWH-DEV
1241027,Project_Fact,DAILY_DASHBOARD_PROJECT,FACT_DD_TBS.dtsx,NULL,NULL,BUMITAMA\sqlservice,0,NULL,2026-09-03 06:45:04.5660795 +07:00,2026-09-03 07:02:47.7779565 +07:00,1063211,7,BUMITAMA\sqlservice,BGASVR-DWH-DEV
1241028,Project_Fact,PPH21_DJP,FACT_PPH_ANNUAL_SPLIT.dtsx,NULL,NULL,BUMITAMA\sqlservice,0,NULL,2026-09-03 06:45:54.1389078 +07:00,2026-09-03 07:30:01.4675138 +07:00,2647329,7,BUMITAMA\sqlservice,BGASVR-DWH-DEV
1241029,Project_Fact,MACHINE_LEARNING,FACT_AP_TBS_.dtsx,NULL,NULL,BUMITAMA\sqlservice,0,NULL,2026-09-03 06:46:30.5309918 +07:00,2026-09-03 06:53:29.3199750 +07:00,418789,7,BUMITAMA\sqlservice,BGASVR-DWH-DEV
1241030,Project_Fact,SPARTA_PROJECT,FACT_SPARTA_LHA_NEW.dtsx,NULL,NULL,BUMITAMA\sqlservice,0,NULL,2026-09-03 06:46:37.3073811 +07:00,2026-09-03 07:39:49.3691812 +07:00,3192062,7,BUMITAMA\sqlservice,BGASVR-DWH-DEV
1241031,Project_Fact,DWH_SMALLER_FACT,CHECK_QUERY_DATA.dtsx,NULL,NULL,BUMITAMA\sqlservice,0,NULL,2026-09-03 06:50:00.6820272 +07:00,2026-09-03 06:50:07.7824353 +07:00,7100,7,BUMITAMA\sqlservice,BGASVR-DWH-DEV
1241032,Project_Fact,RANKING_PAYROLL,FACT_RANKING_PAYROLL.dtsx,NULL,NULL,BUMITAMA\sqlservice,0,NULL,2026-09-03 06:50:09.3635241 +07:00,2026-09-03 07:17:20.9329630 +07:00,1631569,7,BUMITAMA\sqlservice,BGASVR-DWH-DEV
