package_id,name,package_guid,description,package_format_version,version_major,version_minor,version_build,version_comments,version_guid,project_id,entry_point,validation_status,last_validation_time
95210,DWH_DimActivity.dtsx,BBE9A731-D5E2-4D6E-AFA9-D2F6B98FDC54,,8,1,0,7,,63AA9EA5-4AB1-4AF6-A0ED-868AF1E83FB9,1,1,N,NULL
95209,DWH_DimBlock.dtsx,7E11B461-68C7-47AA-8163-40B1CF03FB58,,8,1,0,30,,CC0D01FD-49FE-4F59-89FF-D16ACF4D56EC,1,1,N,NULL
95181,DWH_DimCompany.dtsx,92AF401F-5851-4868-AAE0-98C3DFD30F95,,8,1,0,9,,7F0A21E0-C2D6-4DD9-BAA4-5FB21491F1D3,1,1,N,NULL
95177,DWH_DimDate.dtsx,288A6B96-8E62-44C3-83A5-8D3FA3F5B2BC,,8,1,0,9,,D4D5ACBB-49E3-4E79-95A4-696082FCA1B2,1,1,N,NULL
95180,DWH_DimIntiPlasma.dtsx,1EBC719C-14CA-4F9F-9818-3B31693391F7,,8,1,0,14,,28BC2A1D-69F0-4F8A-8616-311B9593D3FD,1,1,N,NULL
95291,DWH_DimKas.dtsx,58B2DB85-0978-421E-86C4-DD691698E1D4,,8,1,0,82,,823778F6-20D5-4375-8EFA-2C486688064A,1,1,N,NULL
95343,DWH_DimLHPP_Wallpaper.dtsx,6CD58726-093F-4240-A4BB-15F085EEBFEB,,8,1,0,5,,E94A8E44-1AFA-479F-A869-CE07ECC55F1E,1,1,N,NULL
95194,DWH_DimLuasPanen.dtsx,6164F50E-4874-49BE-BCDD-7511F3B9D078,,8,1,0,11,,5BA4355B-34A0-4B60-BBE5-E6C196161AAF,1,1,N,NULL
95211,DWH_DimMandor.dtsx,32232BBD-F5C1-48D4-86FD-48755DC59F9D,,8,1,0,9,,E94C6D60-FCDC-447C-8B1E-8CD488943362,1,1,N,NULL
95218,DWH_DimParameterPuas.dtsx,E699B6CA-CDD8-471A-A5CF-B6818F06AFA3,,8,1,0,5,,0FFFF476-DEA7-40EC-9CFB-5E37FE2E7F0B,1,1,N,NULL
95178,DWH_DimProduct.dtsx,4AEBAF32-DCED-460C-9E64-90C6EB57AD8F,,8,1,0,11,,B0BF8D57-E8DB-4A0A-90A7-DB0F8E8C213B,1,1,N,NULL
95339,DWH_DIMPurchasing_Process.dtsx,3A4FB96D-0C85-40E6-A091-8CA6311FA765,,8,1,0,51,,7C20F07D-C058-42EF-9357-46CCC7034E86,1,1,N,NULL
95191,DWH_DimStandardMill.dtsx,76801738-562D-4038-A133-FDB1EE695703,,8,1,0,16,,42C2CDA1-E27E-466A-B4F5-CAD50EFD8CB3,1,1,N,NULL
95187,DWH_DimTipeTBS.dtsx,EA014881-2808-43A4-9489-76739213BBC4,,8,1,0,6,,164E98E5-97EE-4781-B285-51B460E666A2,1,1,N,NULL
95207,DWH_DimUnit.dtsx,A9B85DF0-52FC-4C4E-A8E6-F809CD3752CF,,8,1,0,33,,B1C6F05F-F575-4AA2-9242-D99BCB79B171,1,1,N,NULL
95184,DWH_DimVendor.dtsx,71274D8D-66FE-4359-877E-1F634AB29938,,8,1,0,13,,D97DE83F-C145-4777-B961-EA89BE344A80,1,1,N,NULL
95230,DWH_FactActivity.dtsx,E2D8D78E-BDF7-4987-AF41-42436C7F28AE,,8,1,0,83,,6115FF2C-55D8-422B-AC2E-205DE3808C41,1,1,N,NULL
95269,DWH_FactBlock.dtsx,9C8F9D72-4F7F-41E1-94AD-749BA90000EF,,8,1,0,49,,1EA76580-E231-4B30-A327-EF7BBB5662C7,1,1,N,NULL
95220,DWH_FactBudgetActivity.dtsx,A6B9ED1E-6FFE-4725-9709-23D5350D312A,,8,1,0,17,,F3051B05-30A5-4EF3-85ED-F9027686628B,1,1,N,NULL
95192,DWH_FactBudgetMill.dtsx,CF3DD339-45A6-427C-9FCE-630B8CBD7F5B,,8,1,0,46,,DBACA80D-F64A-4008-8470-70612076379D,1,1,N,NULL
95183,DWH_FactBudgetProduksiEstate.dtsx,854C2B9E-C254-4F1A-BA2B-50BFB1E96BBA,,8,1,0,29,,063B3C08-94E7-4642-A9DF-2D1995B5BB35,1,1,N,NULL
95193,DWH_FactBudgetSupportEstate.dtsx,2F247750-8128-489B-9547-24733172F4C6,,8,1,0,15,,545EFA31-4749-4BB1-865B-12A94067B57A,1,1,N,NULL
95212,DWH_FactHasilPanen.dtsx,8E351C97-00B6-4078-9D6B-5E292FF0377A,,8,1,0,41,,FC1F5984-D62B-4854-BC62-C8A618C07C7F,1,1,N,NULL
95292,DWH_FactKas.dtsx,6CD98E24-35EC-47E8-B3FB-398B9A009C7F,,8,1,0,59,,089B123D-847F-4347-91BA-86F7FE5E9326,1,1,N,NULL
95214,DWH_FactPencurian.dtsx,0AB39494-8FC1-467E-BE6A-5E9CC902BDF5,,8,1,0,17,,E97BA34C-9219-4F64-B1B4-6142CA3EF7E7,1,1,N,NULL
95185,DWH_FactPenerimaan.dtsx,28133A2A-544F-46CB-815B-30609A5DA826,,8,1,0,48,,B4867AE7-5287-4645-93E5-E6D45003571B,1,1,N,NULL
95188,DWH_FactPengiriman.dtsx,8B8111D0-A0E6-487E-9C04-BF58D8334264,,8,1,0,30,,B7FBB228-F2D0-48E3-9309-5168018C7AB8,1,1,N,NULL
95186,DWH_FactPengolahan.dtsx,B79632EB-64BF-4420-B810-542B28479CE9,,8,1,0,38,,3B3FA28A-A2CB-4F1B-A4B8-2C3598A35425,1,1,N,NULL
95229,DWH_FactProduksiEstate.dtsx,1DB5615E-B7CF-4244-AE70-BF828278E236,,8,1,0,72,,07602E14-8C43-4AF5-9EDF-35962B09FD8A,1,1,N,NULL
95213,DWH_FactProduksiEstateBlock.dtsx,526DFCFF-CD93-4C7C-B34C-1FC52FDEF5A6,,8,1,0,41,,F33B6352-FA76-4E0F-9979-88C545368F8A,1,1,N,NULL
95189,DWH_FactProduksiMill.dtsx,03FFF16B-A525-4BCC-BC96-877EE510B8CD,,8,1,0,27,,05E0AF98-E46F-4736-AF22-49B5E0E0D712,1,1,N,NULL
95217,DWH_FactPuas.dtsx,4FE5B217-2ED1-4E80-A957-ED06FAF687BD,,8,1,0,21,,6C1A839A-7EA1-4B41-84E9-5E72C6DFA14D,1,1,N,NULL
95219,DWH_FactPuasDetail.dtsx,29DC571F-1AB6-45F3-B1CB-E06A058BF7E7,,8,1,0,24,,8C7B5075-659E-4FCF-8137-89F0AB0D1BC0,1,1,N,NULL
95190,DWH_FactStock.dtsx,9853069E-D275-41F3-A0C5-79524CF13FC8,,8,1,0,23,,9DB00753-F4AE-4C3D-BD73-69ECB1B78BA2,1,1,N,NULL
95179,DWH_FactSupportEstate.dtsx,C3BC6782-00AE-469F-A29C-6156C429FA9B,,8,1,0,32,,5F550F88-41E5-4504-96D8-455144640C9B,1,1,N,NULL
95216,DWH_FactTargetPuas.dtsx,39364ACD-D03B-4E19-AD91-15F5FA119D1D,,8,1,0,32,,15AE5D46-A04F-4D61-9966-3B14ABFF2660,1,1,N,NULL
95344,DWH_FactType_Karyawan.dtsx,D3254BBF-442A-4B97-86F4-3666B220BC22,,8,1,0,16,,D2CA2CBF-0F41-437D-A941-6D844B30C268,1,1,N,NULL
95346,DWH_Grading.dtsx,E57533EC-4CE1-4AC6-9C18-3F7BCA717847,,8,1,0,20,,F29AF404-029C-45C2-841E-7B003E43C708,1,1,N,NULL
95294,DWH_HK_ALOKASI.dtsx,76063B0F-28C4-4646-9F5D-E69171B6A328,,8,1,0,6,,EF38EA20-1A95-4981-9B9C-73988CF7E715,1,1,N,NULL
95231,Group DWH ALL.dtsx,66EFAE50-F10C-440C-9EAF-31F941D56571,,8,1,0,2,,FE837B11-AA9B-4996-8C9A-E50E9D0C3792,1,1,N,NULL
95208,Group DWH LapHarian.dtsx,D0CF6272-E302-4A12-B1B1-EE604324425B,,8,1,0,42,,2CE6C3D1-850A-482B-8DB3-F11C1E288A0E,1,1,N,NULL
95215,Group DWH Panen.dtsx,7B09F9E4-6F5D-4857-A7F2-1FD300756391,,8,1,0,39,,7B25639A-A0E4-454C-8553-3C151BCABCD4,1,1,N,NULL
95316,Group Forecast Daily.dtsx,A288146B-E380-4968-95C2-588589E12EBD,,8,1,0,9,,7B410A87-AB8E-43A4-8295-61D08A7802E2,1,1,N,NULL
95330,Group Forecast Daily_Region.dtsx,76D63CEE-336E-47DA-AF63-00578E874BF5,,8,1,0,13,,E0CA49BB-F44D-4CD1-AF86-686DEEDFA5E9,1,1,N,NULL
95332,Group Forecast Quarter Region.dtsx,D233E888-04B5-4C55-95A1-9F245ADF8A92,,8,1,0,18,,B26C42C1-0D3A-45EE-9736-2ED4A4359884,1,1,N,NULL
95317,Group Forecast Quarter.dtsx,2675A3BD-6443-4359-AAAE-26A140CEB210,,8,1,0,6,,79190A0D-A590-4F1F-B262-A6B9EC9FEC4F,1,1,N,NULL
95328,Group_Forecast_Semester.dtsx,FF9D920E-D79C-4EE9-B441-F1AC7C777F33,,8,1,0,33,,0B60BB22-7206-455B-94A2-193C232964DE,1,1,N,NULL
95331,Group_Forecast_Semester_Region.dtsx,A9524A5B-53BF-4781-90E7-5D9866C2E07F,,8,1,0,20,,99FBD413-4A85-45EB-BA42-11BBEDF1B7D8,1,1,N,NULL
95329,Group_Forecast_Yearly.dtsx,7EC553C4-755B-4804-B88D-D68E4F7AC5E4,,8,1,0,22,,0A820678-2679-47BB-83DA-C94489AD42D3,1,1,N,NULL
95315,Group_Forecast_Yearly_Region.dtsx,651B2EC8-FB68-416D-82E9-D1B83D6D493D,,8,1,0,6,,9001F3E0-3974-4A15-9016-832EAF75F8AC,1,1,N,NULL
95345,Group_LapRH.dtsx,C1F50301-D827-43FB-A600-BD3BB37F0AEB,,8,1,0,161,,B0CE4CFE-FC68-4AD6-B623-B3765DBF40E8,1,1,N,NULL
95278,Group_TBS_Transaksi.dtsx,8DDDFCF4-3FF4-4072-B2EB-4DC5AEE8733D,,8,1,0,40,,057134A4-43D2-460A-8126-DF5B245E840C,1,1,N,NULL
95272,GroupSTG_AR.dtsx,5CFC982C-6491-477D-A2C3-10B6AACB1283,,8,1,0,5,,F50A198C-C326-43EA-9FBD-615832833C39,1,1,N,NULL
95223,GroupSTG_Budget.dtsx,0A5634D6-BEDB-46AF-970D-A2DC49218B0B,,8,1,0,3,,63E2EF7A-013A-47CB-A07D-3347CE315D20,1,1,N,NULL
95224,GroupSTG_Initial_Trans.dtsx,6BBA25ED-5EAC-4768-B27C-418D054E39A0,,8,1,0,4,,3583E97D-BD9F-4242-871A-8D96336D8125,1,1,N,NULL
95270,GroupSTG_LapHarianTrans.dtsx,A16322B5-48EC-4206-8C9D-240D8AA2830A,,8,1,0,66,,3262E990-C447-4411-A4F5-D667C43C13E9,1,1,N,NULL
95225,GroupSTG_Master.dtsx,84C72A8E-1E55-48FC-98CC-AB8B4A721682,,8,1,0,38,,E4DC3908-4E2F-4723-BFE9-520F06DEBBDF,1,1,N,NULL
95283,LKP_BPS_PNNPerawatan.dtsx,940F52E1-8E29-4F41-8022-8D6D4267F89D,,8,1,0,9,,825F54D8-D420-4BC7-AC19-D067CD2429AD,1,1,N,NULL
95287,LKP_Karyawan.dtsx,538EFC22-A21C-4880-B6AB-1EF154DA8B6B,,8,1,0,8,,D819AFDD-DDCD-43EB-AAED-D6503B1F8E5D,1,1,N,NULL
95275,LKP_Kas_PPDO.dtsx,FC88D912-FE26-4520-A47A-A170B83AED5E,,8,1,0,29,,790F9C21-E2E2-434C-8EAB-342D4DF45F8A,1,1,N,NULL
95333,LKP_Premi Lembur Panen_Detail.dtsx,1F847423-EED3-4616-82B2-F448E0CA32B7,,8,1,0,61,,3698A33E-3228-4412-A510-12E5876D4640,1,1,N,NULL
95337,LKP_Purchasing_Process.dtsx,52EC3646-7B85-4F8A-A770-570A3B029E6F,,8,1,0,73,,5B8B3A0C-76BC-4839-9ACE-D6A06835E763,1,1,N,NULL
95318,LKP_SAP_BILLING.dtsx,7F5BF345-17E6-412C-B864-D535F07D6955,,8,1,0,10,,E74ADEB9-EB25-4FE0-96BD-87064633FB6A,1,1,N,NULL
95322,LKP_SAP_FAGLFLEXT.dtsx,C8E69DE3-8A18-4808-A9C5-69CF1E826410,,8,1,0,4,,2897226B-2CE3-4468-91D8-822EC589A0F2,1,1,N,NULL
95336,LKP_SAP_Purchasing.dtsx,1B69F61F-36BC-4843-8538-CFE2E6375B70,,8,1,0,110,,E5468B7C-E373-4852-91AD-A4177BF9DE92,1,1,N,NULL
95313,LKP_SAP_VBAK.dtsx,6A0FA583-C8B0-4FDC-BECE-2F9AE697FE4C,,8,1,0,4,,F7A8DABA-236D-4FFA-B2E1-E03D5AB62161,1,1,N,NULL
95320,LKP_SAP_VBAP.dtsx,5825B3F5-33B6-4A31-8617-C538C20197B6,,8,1,0,17,,7990664E-6E12-4711-8357-89FFC9E5643C,1,1,N,NULL
95308,LKP_SAP_VBKD.dtsx,C1C98E08-BDF7-4D4B-A987-16D841ED5B5C,,8,1,0,2,,58AFFC96-154B-43E3-A919-60559A7D4F3C,1,1,N,NULL
95319,LKP_SAP_VBRP.dtsx,E9CD8A16-DFFF-41A5-9227-BA62DDD8B65C,,8,1,0,14,,2443D97B-5A9C-4C98-B7D8-E047AF59FD20,1,1,N,NULL
95285,LKP_Trans_Gaji.dtsx,466C991B-99DD-49B9-A63B-DA488F6E6C91,,8,1,0,2,,39DB85E2-7AAF-4F9F-912F-A705419BFD6F,1,1,N,NULL
95282,LKP_Trans_Kode_Absensi.dtsx,32BBE0C0-6923-4D2F-94BF-D2AD3B60448E,,8,1,0,3,,76E8B62C-CEA2-4C70-9AD2-C560072AAD4D,1,1,N,NULL
95226,Package1.dtsx,ACC9B144-F112-4C70-976E-05B9200A9618,,8,1,0,1,,5A58B369-B179-4826-AA7F-5EE07ED4A850,1,1,N,NULL
95236,Package3.dtsx,90F5BFAD-4903-491E-9429-78A1FB4963E8,,8,1,0,2,,3FD92FC0-9AEE-40DB-B174-1E840E2FFD1A,1,1,N,NULL
95238,Package4.dtsx,11CEFD5D-6399-4B87-87FF-D3DF72B9E1FB,,8,1,0,0,,19D0DECB-4F09-4FBF-9D6E-CF4214816858,1,1,N,NULL
95273,STG_1SAP_LFA_LFB.dtsx,A0422249-0844-411D-88E2-DBAD223AC5F3,,8,1,0,11,,6069173F-1221-4824-96CE-8154ED9EB0E1,1,1,N,NULL
95264,STG_2MON_COVP_MATNR.dtsx,8C4C44C5-25DF-4ACF-A6EF-809FDC59C1A1,,8,1,0,76,,6D959583-F6C9-42A0-B706-CA6576A64FA3,1,1,N,NULL
95263,STG_2MON_COVP_MILL.dtsx,40FE03D8-4714-48FC-A089-05DB85A4AC56,,8,1,0,188,,310FE628-5BA6-4540-A3AD-88698DE05D23,1,1,N,NULL
95268,STG_2MTR_MAP_IO.dtsx,59095CE7-512C-4AD4-A4BA-B54C72AAD96F,,8,1,0,28,,81DD6DD3-E2C4-4D32-87EA-F00712B5E0DB,1,1,N,NULL
95261,STG_2SAP_COEPR.dtsx,BD4CD7AE-F91E-40E3-A6C9-0B5E6F230C3E,,8,1,0,17,,8CA3FFFE-9AF7-4EF0-B031-81ADAC48F5EA,1,1,N,NULL
95251,STG_3MON_COS_F01_TD.dtsx,74687E36-14B0-4C54-A5BE-43D9BD0852BF,,8,1,0,48,,3B58F97D-A507-4357-9B44-39497014ED66,1,1,N,NULL
95279,STG_Absensi.dtsx,56DB81E9-F999-4394-B0F0-DAD03D4AF10E,,8,1,0,90,,2B34D18B-B0D0-4F71-99E4-024B66CB6EFA,1,1,N,NULL
95197,STG_BGASTG_DataBlok.dtsx,6BC44BD6-C14E-4E7B-83A9-5E894D67A89D,SSIS Package Description,8,1,0,3,,81120CCA-F595-46D8-804E-0C5BA00F6A4B,1,1,N,NULL
95196,STG_BLOK_t_blok_kk.dtsx,F0607E6E-1D67-4620-82AB-54926AD51C62,SSIS Package Description,8,1,0,47,,C465CC2F-F447-490E-A6D1-275E3732C3D1,1,1,N,NULL
95243,STG_BPS_BudgetActivity.dtsx,AE35E5C1-C617-408F-9D8E-999178762E0E,SSIS Package Description,8,1,0,3,,188BABD1-F4FD-427A-9671-8D3B6A588267,1,1,N,NULL
95286,STG_BPS_Karyawan.dtsx,6C986D9B-AF8D-4662-A6F2-8BCE939299AD,,8,1,0,5,,71180659-69C0-4F1A-8F6D-26A9946546A3,1,1,N,NULL
95237,STG_BPS_KKD.dtsx,104B6657-43EF-41C9-A137-D56B0A0A632F,SSIS Package Description,8,1,0,84,,8BEBBB07-75E5-4F75-AB06-6F585EEA1AEE,1,1,N,NULL
95228,STG_BPS_LAP_HARIAN 1.dtsx,E3A68325-94C4-4846-B38C-37D466C14513,SSIS Package Description,8,1,0,104,,7E6FA44C-3412-4BB8-8347-79854AB4A419,1,1,N,NULL
95271,STG_BPS_LAP_HARIAN.dtsx,686158C2-AB73-4ED8-AF84-F00B7EE3CB93,SSIS Package Description,8,1,0,141,,E0411E2C-B7BB-4872-988C-0A9E3263D0A9,1,1,N,NULL
95227,STG_BPS_LAP_HARIAN_ALL.dtsx,2EAD88AA-DA08-4218-8EB1-D65A11A553E6,SSIS Package Description,8,1,0,99,,071D1831-A3A8-4C7C-9EF2-AF90CBC046C1,1,1,N,NULL
95289,STG_BPS_MASTER_DIVISI_JABATAN.dtsx,EA04D2EC-5837-41E8-865C-026ECBCC6A80,,8,1,0,40,,9B6C2F8E-AE2B-46D4-BB94-E116A2817EBB,1,1,N,NULL
95242,STG_BPS_PNNPerwatan 6 bulan.dtsx,24D468FF-A68A-457D-AB8C-60A53A8C6246,SSIS Package Description,8,1,0,130,,98AAADF3-F1A2-4DC3-8B5A-344B001F33FA,1,1,N,NULL
95347,STG_BPS_PNNPerwatan.dtsx,B7F082F8-138B-4C7D-BB31-F153FA6F0EBD,SSIS Package Description,8,1,0,222,,6B5DF213-0F9E-4D5A-87C2-0C0C15EAE9F9,1,1,N,NULL
95334,STG_BPS_SPB.dtsx,A57B2DD4-BB8B-4585-BC60-9D7724AD4AD8,SSIS Package Description,8,1,0,117,,16DCFF63-D583-4CC8-8426-CC4C1DB93312,1,1,N,NULL
95293,STG_BPS_Trans_Absensi.dtsx,109D7D5F-EA65-4110-9E39-C3EB03E02782,,8,1,0,141,,0AD59D34-4521-485C-A2D4-020AD6421C21,1,1,N,NULL
95304,STG_BPS_Trans_Absensi_104.dtsx,07B636C4-83EE-4076-AA56-1082B692903C,,8,1,0,7,,F1F6D4EF-BDF6-48CB-BF33-230ECCF80CFD,1,1,N,NULL
95295,STG_BPS_Trans_Absensi_15.dtsx,7E807A21-EBD8-4A34-89E7-B630C7695D6C,,8,1,0,7,,9062C799-285F-490E-BB43-14CAE8F73055,1,1,N,NULL
95296,STG_BPS_Trans_Absensi_170.dtsx,33C70E55-F503-46D0-BAE0-9DD49B400806,,8,1,0,9,,CB6D2AD8-4882-4817-AFF2-E9C5C93232A7,1,1,N,NULL
95297,STG_BPS_Trans_Absensi_171.dtsx,680E3992-49C4-451B-B706-1B61BA8D296F,,8,1,0,8,,57DED2AF-1ADB-4044-B8F8-D6DEEB683F64,1,1,N,NULL
95298,STG_BPS_Trans_Absensi_172.dtsx,043A43A2-26CB-439A-8C18-0D47F2B67584,,8,1,0,5,,C88CE8D7-667E-45E0-A515-01DF58BECCE9,1,1,N,NULL
95299,STG_BPS_Trans_Absensi_174.dtsx,AC9DAB7D-2480-41D7-BDBB-FEA4999C34A2,,8,1,0,5,,A36E0FE0-F2CE-4C0A-9AFB-16EEA3BBEA50,1,1,N,NULL
95300,STG_BPS_Trans_Absensi_176.dtsx,0AFA1DDB-B6CC-43D1-B07F-1227EFDD03CE,,8,1,0,4,,4444CCDD-AC22-4AA0-AB4E-9B6965A4801D,1,1,N,NULL
95301,STG_BPS_Trans_Absensi_33.dtsx,31319BE5-78A1-4C67-932D-54A3CCFAA591,,8,1,0,6,,B0346CF7-F87D-4130-BB0F-57CDB7E7B6F2,1,1,N,NULL
95302,STG_BPS_Trans_Absensi_35.dtsx,50002302-6CA1-45B1-8727-534DFCE94E8F,,8,1,0,9,,201CF1D0-9A95-416C-8128-BF46CAE71A3C,1,1,N,NULL
95303,STG_BPS_Trans_Absensi_72.dtsx,8C6F948A-2961-4BA9-B548-E24492CFCB38,,8,1,0,7,,B0D3658F-4132-42D6-B831-9D7F746C3920,1,1,N,NULL
95305,STG_BPS_Trans_Gaji.dtsx,4FA677E7-57BF-44F5-9A8E-DF114D6E9690,,8,1,0,37,,4E02FF5D-42BA-4B32-9550-89065CF632DC,1,1,N,NULL
95348,STG_BPS_Trans_Karyawan - manual.dtsx,1DB94224-05F1-4604-AC2B-4F1C048B7160,,8,1,0,103,,9443CAD4-A9B6-45C6-9CBD-E10B48C1B9ED,1,1,N,NULL
95349,STG_BPS_Trans_Karyawan.dtsx,DC2BE6B3-2B5F-411B-B99B-0090955F7329,,8,1,0,101,,1F14212B-0F88-4D14-A907-C60B00A30F31,1,1,N,NULL
95306,STG_BPS_Trans_Lembur_VW.dtsx,5578A3B9-8DD8-42A2-BFA4-F66185A1016C,,8,1,0,28,,6D04B22C-11C7-4DC4-95A4-006C381F14A7,1,1,N,NULL
95325,STG_BPS_Trans_Premi_Lembur_Non_Panen.dtsx,5D2D6EA6-4B91-4DF3-9F82-E9FD9E3AE6E6,,8,1,0,61,,A613C774-FBB3-43B9-A91B-5D9760A9317D,1,1,N,NULL
95324,STG_BPS_Trans_Premi_Lembur_Panen.dtsx,9A5EBA65-85A3-4FD1-8081-7B0CCCEFA1D7,,8,1,0,12,,4B63FAF4-3273-40FE-ACCA-EE8316915712,1,1,N,NULL
95276,STG_BPS_Trans_Status.dtsx,7D5190F9-CBFA-421B-A9EF-1C075B2CDFE8,,8,1,0,12,,8BD74021-B82A-4833-8185-C54D2749ADDB,1,1,N,NULL
95206,STG_LHPP.dtsx,CAC3D67F-F7F6-46E3-B355-CECC0E0B499F,SSIS Package Description,8,1,0,6,,A4505D14-4167-4F44-87A3-CA4AAB779A3C,1,1,N,NULL
95341,STG_LHPP_MAPPING.dtsx,D9A1608F-96AD-4B0D-99A4-431E1FBCB753,,8,1,0,51,,07FAC05C-B16E-4672-BEB0-F9CD7BA74398,1,1,N,NULL
95244,STG_LHPP_XLS 2018_DEV.dtsx,33CF7DE2-6EC4-401C-A57B-5BC16196295A,,8,1,0,231,,71CAB98A-4096-4594-9FE7-E0A2BB2192EE,1,1,N,NULL
95241,STG_LHPP_XLS 20180305.dtsx,0EA03443-497A-49DA-BCBA-9070EF13FF01,,8,1,0,205,,2586ACCF-6DBB-47ED-9379-DEEA93D80864,1,1,N,NULL
95245,STG_LHPP_XLS.dtsx,0EA03443-497A-49DA-BCBA-9070EF13FF01,,8,1,0,231,,72C3BBDA-0B68-4B02-A3E0-ACE4635A3740,1,1,N,NULL
95233,STG_LHPP_XLS_2017.dtsx,EE2D4923-8882-4124-89B8-0E6D0D36A8A5,,8,1,0,142,,EBB1FDDB-2BD8-48CF-B788-CE24971700FC,1,1,N,NULL
95232,STG_LHPP_XLS_DEV.dtsx,566C7DCD-37E4-4A4A-ABB1-0AB9909DFD49,,8,1,0,143,,20B898EF-255B-45FF-B783-D898D3F0A56B,1,1,N,NULL
95246,STG_LHPP_XLS_FULL_MONTH.dtsx,90D0EDD3-6BBB-44C5-8AE4-F5D519888E37,,8,1,0,233,,F0200F9D-EDCA-4FF0-92B8-57D7E9E05350,1,1,N,NULL
95327,STG_MTR_MAP_IO_WBS.dtsx,09A7D6B4-1B5A-4144-91D9-31D4A9F426FA,,8,1,0,15,,7E7BB2E8-2EF7-4045-8008-ED29219894CF,1,1,N,NULL
95182,STG_PROXA.dtsx,900F763D-85C5-4B9D-8E06-A6592BEDE97F,SSIS Package Description,8,1,0,36,,75A4E81E-FFCF-4658-AC48-17DF7B57E465,1,1,N,NULL
95239,STG_PROXA_bgtcos_cal1.dtsx,8D943E0C-52E8-4EBC-A85D-2249635E5743,SSIS Package Description,8,1,0,0,,D662D2ED-BAF5-4730-8962-AB9626DD282F,1,1,N,NULL
95240,STG_PROXA_bgtmil.dtsx,CFE16F22-156E-4262-AB25-77ED7833E1AD,SSIS Package Description,8,1,0,0,,7ACE5D00-F2EC-4371-94B1-B17D4D45AD31,1,1,N,NULL
95204,STG_PROXA_UNITD.dtsx,51595ECC-E875-4162-B847-6ADB6246B169,SSIS Package Description,8,1,0,11,,ACF427C1-3C12-4460-9611-A6F89E94ABFB,1,1,N,NULL
95326,STG_QC_Grading_PKS.dtsx,7B561A3C-1061-40D0-BF6E-6A92210E0632,,8,1,0,27,,46D9B07B-0CE8-4BFF-B1A0-818A7968E33D,1,1,N,NULL
95323,STG_SAP_BILLING.dtsx,A54F8CB7-8D8B-45E3-8F3B-C620975CEA25,,8,1,0,24,,3EA6EE7D-B8F7-4241-BEDB-19E3C48C7EDC,1,1,N,NULL
95290,STG_SAP_BKPF.dtsx,6229F383-4FF4-4BAE-9614-1370BF7656E6,,8,1,0,49,,105C876E-108F-4015-98CA-3EF941168322,1,1,N,NULL
95247,STG_SAP_BSAD.dtsx,93750961-3BBF-46DF-AF22-89CF7E352E0F,,8,1,0,14,,A882FD7B-E97C-4F44-BB68-726C2B828836,1,1,N,NULL
95284,STG_SAP_BSAS.dtsx,CEF011E7-0C3B-4FDA-B497-E48EBD67F434,,8,1,0,65,,BA9CEAEB-5231-458A-9AB0-A5E28D2F1031,1,1,N,NULL
95340,STG_SAP_BSEG.dtsx,3131B48A-8047-4ECF-89A3-926ADB847FDB,,8,1,0,221,,6DDC8E77-6B28-4405-A81C-079070559719,1,1,N,NULL
95248,STG_SAP_BSID.dtsx,7E653647-937C-4715-9E25-8157576175B5,,8,1,0,21,,25E021EE-5325-4B55-8C24-EF3CD211FBFC,1,1,N,NULL
95314,STG_SAP_BSIS.dtsx,DF2C351C-59C0-437B-A1B0-CB7FF40C3BC6,,8,1,0,27,,BBF3C933-A3A5-4D24-97AF-8465A36C11D8,1,1,N,NULL
95265,STG_SAP_COAS.dtsx,86740386-1391-4CC5-804D-201129F598D1,,8,1,0,129,,925FD71A-795A-447C-BFFF-15A9728B7F34,1,1,N,NULL
95266,STG_SAP_COEPR.dtsx,25345961-4C38-490F-8A89-354AF2B0E9DF,,8,1,0,32,,F9BFC448-D1E6-4014-9424-C273C2C9C009,1,1,N,NULL
95262,STG_SAP_COVP.dtsx,FB4C1D2C-7715-4CCB-BEC4-4A63B43AC28D,,8,1,0,243,,DD3C3526-4EE5-4B8E-8AE6-E9956002B2C0,1,1,N,NULL
95256,STG_SAP_COVP2.dtsx,DFFB399B-9D68-4169-9F89-261E7B285636,,8,1,0,224,,3E619EA7-7E61-4651-9400-CDE4DBB35879,1,1,N,NULL
95257,STG_SAP_COVP2A.dtsx,B6BFA6D3-BF0C-4C4F-822D-F5029806F84C,,8,1,0,225,,B538EBEB-F005-4B25-AFA0-A16F5C660039,1,1,N,NULL
95258,STG_SAP_COVP3.dtsx,0FCDD502-D74F-4BA9-B9DD-D9CC8E159CB9,,8,1,0,226,,FFFD8CAA-6AAE-4348-8A80-30FB4E7B5514,1,1,N,NULL
95259,STG_SAP_COVP3a.dtsx,BFC47D03-B746-41E1-8A3C-FA0F6927E8DE,,8,1,0,228,,C87CBB7A-432D-45BD-89FF-2F9C60CD9CCB,1,1,N,NULL
95252,STG_SAP_COVP4.dtsx,583CC8FC-561B-480C-B71A-A46B955F7DA5,,8,1,0,217,,2E7DB138-DDDA-43C0-8798-D0EA5D365DC9,1,1,N,NULL
95253,STG_SAP_COVP4a.dtsx,D81F7D2D-ECCC-4620-A312-732A63F956DA,,8,1,0,218,,BBDC2E0C-6BB1-402D-9A23-662E7DD2CF68,1,1,N,NULL
95254,STG_SAP_COVP5.dtsx,B0B33E9C-609F-43D8-8C60-186587A26DBF,,8,1,0,219,,65779D59-4B4D-42ED-A2F6-967A3D5CF495,1,1,N,NULL
95255,STG_SAP_COVP5a.dtsx,BD9A80E1-F70B-412B-A67B-DA9453595EFE,,8,1,0,220,,5292EFEB-369A-4CAF-BA5E-20697B55E357,1,1,N,NULL
95260,STG_SAP_FAGLFLEXT.dtsx,0F30DA83-9335-4E3A-B087-1AA8C345F5D4,,8,1,0,35,,974683FF-9FD2-4A98-966F-A711B3B27CED,1,1,N,NULL
95309,STG_SAP_KNA1.dtsx,0A4181B3-FA3F-4B8D-9258-3BA71F2D563F,,8,1,0,30,,12573592-6A06-4557-B59F-C1F19672081C,1,1,N,NULL
95249,STG_SAP_LIKP.dtsx,CB36E46D-367E-496C-AEE3-EFBAE6E8E8A9,,8,1,0,22,,C222EDF6-9E3B-4D75-984D-87F2AC36EF0F,1,1,N,NULL
95250,STG_SAP_LIPS.dtsx,BA6C4BB3-E5BD-4A5A-AB5C-C95CEBD4D52E,,8,1,0,68,,089D4C22-9696-4303-AF24-0F85406C6881,1,1,N,NULL
95235,STG_SAP_MSEG.dtsx,62DE9DE3-A885-44BC-A283-CE50E16211D0,,8,1,0,27,,460AF6E5-BBA4-4A65-9844-A3C8CCDF87EA,1,1,N,NULL
95267,STG_SAP_PRPS.dtsx,B037F237-9FA7-42C3-B12F-992FB60FBC0B,,8,1,0,22,,72A6EA56-773D-4044-933C-E3528E84122C,1,1,N,NULL
95335,STG_SAP_PURCHASING.dtsx,CEC3829B-EA3C-44CA-88C3-8C9DCA767C6B,,8,1,0,145,,8A7273D5-BAFF-4995-AD05-2E36938ADEE2,1,1,N,NULL
95280,STG_SAP_SKAT.dtsx,69CE536B-3C54-42AB-A0DD-D30678CD3063,,8,1,0,17,,50B7D932-EE4E-4548-B644-180F8A9E0C25,1,1,N,NULL
95310,STG_SAP_VBAK.dtsx,33512F86-13B0-421A-8449-33EDB775A917,,8,1,0,46,,52E1CB48-AE19-45C9-B6A6-164B97C93831,1,1,N,NULL
95312,STG_SAP_VBAP.dtsx,CB962FF3-FA87-4309-9640-9F255AB15DED,,8,1,0,37,,F145AAF7-8A48-4205-9FBF-3022ADCB7D6A,1,1,N,NULL
95307,STG_SAP_VBKD.dtsx,1BC6DE98-2AB2-43A7-BE66-DDDA8CC5C882,,8,1,0,4,,1A472817-4B4A-4AA6-8017-B6118ADF517A,1,1,N,NULL
95311,STG_SAP_VBRP.dtsx,DAC00585-621D-4693-9744-3F6D90A6A923,,8,1,0,97,,AB142927-204B-4A27-B78B-B6C9A283FB5D,1,1,N,NULL
95274,STG_SAP_ZVT_MSEGPF.dtsx,4DAC919F-DB5E-471B-B129-5F9E05C6057F,,8,1,0,43,,091D98D4-5252-46B4-B556-69833CDF71AE,1,1,N,NULL
95234,STG_SAP_ZVTMSEGPF.dtsx,786DF6A5-F270-4B46-8B04-AC64C24AB5D4,,8,1,0,79,,8565A6CC-7E6C-419E-B976-6D3A20F12D41,1,1,N,NULL
95281,STG_Trans_Premi_Lembur.dtsx,7E303D1E-EB8F-44CC-AC5F-CDF873F62382,,8,1,0,69,,F333BC69-4573-4D86-B29E-691A9C34E41F,1,1,N,NULL
95342,STG_WB_MSKaryawan.dtsx,6AA5B4B5-8F15-42E9-BC2E-402088E430FE,,8,1,0,20,,0AA8C475-A926-4A38-B953-C2FB9CFF0084,1,1,N,NULL
95198,STG_XLS_BudgeEstate.dtsx,AB6B851E-C86B-41AD-BCE4-A79C9998E949,SSIS Package Description,8,1,0,17,,2FDA411D-0B57-45E0-8607-8B0C8B4924DB,1,1,N,NULL
95199,STG_XLS_BudgetMill.dtsx,F456BFAA-6B7C-402C-9229-0269B8A5E56F,SSIS Package Description,8,1,0,35,,21459DBD-8055-41F5-88D5-0B8A0CF3A78A,1,1,N,NULL
95201,STG_XLS_BudgetTahuanMill.dtsx,A9542E4B-7CB3-4FB9-B11E-3D9659E0950B,SSIS Package Description,8,1,0,20,,1D5055A8-F23B-469B-9B6C-FC5F52FC3C93,1,1,N,NULL
95200,STG_XLS_BudgetTahunan.dtsx,08EC8FCA-AA5B-4ADF-A3D6-E957A613A33F,SSIS Package Description,8,1,0,12,,E892D1A9-E6A5-4027-976C-C2E65CCF36C1,1,1,N,NULL
95205,STG_XLS_HariLibur.dtsx,E89D7386-5034-415B-A6B7-85EA38CC46E2,SSIS Package Description,8,1,0,16,,F77B48D7-5BD7-48D7-85BC-69DFC4228932,1,1,N,NULL
95221,STG_XLS_HKEEstate.dtsx,A5BD99AA-24B4-496D-B580-CC01A29841A1,SSIS Package Description,8,1,0,15,,5D37E50A-939E-4D72-9185-06BDBC085C4D,1,1,N,NULL
95222,STG_XLS_HKEMill.dtsx,E1722BA7-7F55-4457-A575-5BD5C14A9350,,8,1,0,5,,58B605DC-2142-4F6E-83A1-D20A76AE67A4,1,1,N,NULL
95202,STG_XLS_StandarMill.dtsx,B8915BF7-A891-4787-8EE0-1AB185F0DC45,SSIS Package Description,8,1,0,12,,912038B7-512D-4279-B448-5856F6440BF2,1,1,N,NULL
95203,STG_XLS_SupportEstate.dtsx,F9065005-FCBB-4F2F-ACEA-ECEDBD3760F1,SSIS Package Description,8,1,0,45,,78CFE148-9C3E-4B71-B15D-C3B9E56D3641,1,1,N,NULL
95195,STG_XLS_UNIT.dtsx,4EB4DF9B-7751-44E8-9997-235018C1B8B8,SSIS Package Description,8,1,0,17,,1635AD49-F1E1-49E0-995B-956E98E85AB6,1,1,N,NULL
95321,TRX_Billing_DO.dtsx,5A674B95-9066-4258-A0A5-37C0496727D5,,8,1,0,25,,4F1379EC-2EAF-4B31-94AF-5B48ED59EAD9,1,1,N,NULL
95288,TRX_Gaji_3NW.dtsx,14BFC2C5-A172-4374-8B00-2B0D779EEA78,,8,1,0,5,,C7BA1616-7F11-4FE9-8D9B-66169D7D4498,1,1,N,NULL
95277,TRX_HK_Alokasi.dtsx,84BE7CD9-424A-459F-83FC-662076A7D9D0,,8,1,0,7,,3DFD1CA8-C949-499E-A5C7-DBEC47146942,1,1,N,NULL
95338,TRX_Purchasing_Process.dtsx,9354AFEA-95A6-49C8-B105-1DD3BBAB2232,,8,1,0,92,,C92A7487-D6F1-4C82-87FC-8F09B68B80EF,1,1,N,NULL
95176,wbpool.dtsx,10554DF3-124A-4F29-835F-5EB42C4FEF9E,SSIS Package Description,8,1,0,6,,D839F28B-CD74-4F5B-9794-AC9F8E2656BD,1,1,N,NULL
50445,DWH_DimActivity.dtsx,BBE9A731-D5E2-4D6E-AFA9-D2F6B98FDC54,,8,1,0,7,,7488854B-21EB-4ED2-9913-9ACEE9EF8C14,2,1,N,NULL
50443,DWH_DimBlock.dtsx,7E11B461-68C7-47AA-8163-40B1CF03FB58,,8,1,0,30,,14A7B6BD-0ECE-49A0-8A1F-AFF95ED60ACD,2,1,N,NULL
50414,DWH_DimCompany.dtsx,92AF401F-5851-4868-AAE0-98C3DFD30F95,,8,1,0,9,,265DB27D-F4FB-4B1D-AEB5-893618478667,2,1,N,NULL
50410,DWH_DimDate.dtsx,288A6B96-8E62-44C3-83A5-8D3FA3F5B2BC,,8,1,0,9,,7570320F-0C68-457A-A360-EF57CEA00D78,2,1,N,NULL
50413,DWH_DimIntiPlasma.dtsx,1EBC719C-14CA-4F9F-9818-3B31693391F7,,8,1,0,14,,FB95973F-4A7C-4589-8C64-9D91826C24E2,2,1,N,NULL
50477,DWH_DimKas.dtsx,58B2DB85-0978-421E-86C4-DD691698E1D4,,8,1,0,77,,807A78F0-D915-4D91-A476-EB930030A595,2,1,N,NULL
50427,DWH_DimLuasPanen.dtsx,6164F50E-4874-49BE-BCDD-7511F3B9D078,,8,1,0,11,,3AD6F858-EFA2-4218-90CF-DF1788A10E0F,2,1,N,NULL
50446,DWH_DimMandor.dtsx,32232BBD-F5C1-48D4-86FD-48755DC59F9D,,8,1,0,9,,EE23C65C-7520-4D85-9782-F96C4A754E8F,2,1,N,NULL
50453,DWH_DimParameterPuas.dtsx,E699B6CA-CDD8-471A-A5CF-B6818F06AFA3,,8,1,0,5,,A7288558-E063-4FC8-95FC-A91B21AA887D,2,1,N,NULL
50411,DWH_DimProduct.dtsx,4AEBAF32-DCED-460C-9E64-90C6EB57AD8F,,8,1,0,11,,7F849AEF-D2E1-4968-ACD3-696F71011CE9,2,1,N,NULL
50424,DWH_DimStandardMill.dtsx,76801738-562D-4038-A133-FDB1EE695703,,8,1,0,16,,0843660E-B53C-4260-AB48-7B6B061405C0,2,1,N,NULL
50420,DWH_DimTipeTBS.dtsx,EA014881-2808-43A4-9489-76739213BBC4,,8,1,0,6,,67EB0A17-2E23-4574-9B81-D6D785DFC57A,2,1,N,NULL
50441,DWH_DimUnit.dtsx,A9B85DF0-52FC-4C4E-A8E6-F809CD3752CF,,8,1,0,33,,0800DE23-BE20-4218-B1D4-2F0BA63B9E1E,2,1,N,NULL
50417,DWH_DimVendor.dtsx,71274D8D-66FE-4359-877E-1F634AB29938,,8,1,0,13,,8FB69E84-1299-40DD-8DAF-9D565BD7941C,2,1,N,NULL
50468,DWH_FactActivity.dtsx,E2D8D78E-BDF7-4987-AF41-42436C7F28AE,,8,1,0,83,,626A200B-BF46-43FA-8608-E71B56F97F2D,2,1,N,NULL
50444,DWH_FactBlock.dtsx,9C8F9D72-4F7F-41E1-94AD-749BA90000EF,,8,1,0,40,,B110B63D-CB4E-42F3-80EA-BDB026DCBE6F,2,1,N,NULL
50455,DWH_FactBudgetActivity.dtsx,A6B9ED1E-6FFE-4725-9709-23D5350D312A,,8,1,0,17,,4FC0D5E6-2C0E-4902-BA2A-9EF1F5EC8648,2,1,N,NULL
50425,DWH_FactBudgetMill.dtsx,CF3DD339-45A6-427C-9FCE-630B8CBD7F5B,,8,1,0,46,,945F7196-3569-475B-A868-2FA4413AF208,2,1,N,NULL
50416,DWH_FactBudgetProduksiEstate.dtsx,854C2B9E-C254-4F1A-BA2B-50BFB1E96BBA,,8,1,0,29,,8E5E4182-1F49-483C-B604-1B48AA1CB6AC,2,1,N,NULL
50426,DWH_FactBudgetSupportEstate.dtsx,2F247750-8128-489B-9547-24733172F4C6,,8,1,0,15,,5A8D3733-F67E-4513-A22C-DFB90037B8B1,2,1,N,NULL
50447,DWH_FactHasilPanen.dtsx,8E351C97-00B6-4078-9D6B-5E292FF0377A,,8,1,0,41,,E826DFF4-ABC9-45F0-8995-DB0F236AD127,2,1,N,NULL
50449,DWH_FactPencurian.dtsx,0AB39494-8FC1-467E-BE6A-5E9CC902BDF5,,8,1,0,17,,6A0BE3B0-E4BA-44F7-9764-C4B41F95F6F8,2,1,N,NULL
50418,DWH_FactPenerimaan.dtsx,28133A2A-544F-46CB-815B-30609A5DA826,,8,1,0,48,,C267EBD7-DF9B-435A-898D-67B4AB323579,2,1,N,NULL
50421,DWH_FactPengiriman.dtsx,8B8111D0-A0E6-487E-9C04-BF58D8334264,,8,1,0,30,,0F213562-D3EA-4B1C-80ED-3F1D082D18EF,2,1,N,NULL
50419,DWH_FactPengolahan.dtsx,B79632EB-64BF-4420-B810-542B28479CE9,,8,1,0,38,,B319D836-1BC7-449D-8969-29E9BEBC4D46,2,1,N,NULL
50467,DWH_FactProduksiEstate.dtsx,1DB5615E-B7CF-4244-AE70-BF828278E236,,8,1,0,72,,F2A1B6C1-30BC-4FC1-8886-0D767A8D6315,2,1,N,NULL
50448,DWH_FactProduksiEstateBlock.dtsx,526DFCFF-CD93-4C7C-B34C-1FC52FDEF5A6,,8,1,0,41,,8E664E12-7D2A-4E4D-8DA6-1E3C72FF963C,2,1,N,NULL
50422,DWH_FactProduksiMill.dtsx,03FFF16B-A525-4BCC-BC96-877EE510B8CD,,8,1,0,27,,FB6E43D4-F2AF-44C1-A3C9-A9F2594C3D30,2,1,N,NULL
50452,DWH_FactPuas.dtsx,4FE5B217-2ED1-4E80-A957-ED06FAF687BD,,8,1,0,21,,B8CA35FC-3566-46DB-A768-EB217BF784CE,2,1,N,NULL
50454,DWH_FactPuasDetail.dtsx,29DC571F-1AB6-45F3-B1CB-E06A058BF7E7,,8,1,0,24,,84650B67-6545-4AB3-BDC4-9B0E7E77128F,2,1,N,NULL
50423,DWH_FactStock.dtsx,9853069E-D275-41F3-A0C5-79524CF13FC8,,8,1,0,23,,C5D8D7F2-F33B-435D-8CD9-19CE331E485C,2,1,N,NULL
50412,DWH_FactSupportEstate.dtsx,C3BC6782-00AE-469F-A29C-6156C429FA9B,,8,1,0,32,,FA62DB61-F3ED-49C8-A823-3EF95980710D,2,1,N,NULL
50451,DWH_FactTargetPuas.dtsx,39364ACD-D03B-4E19-AD91-15F5FA119D1D,,8,1,0,32,,D55ECA35-CD78-4D22-B788-5E0AA08E13FF,2,1,N,NULL
50482,DWH_HK_ALOKASI.dtsx,3953999B-9931-4F20-8C8A-63FDDC872AEE,,8,1,0,12,,A9AC6662-A72E-4B9D-B2F5-EA7FE2EF4A92,2,1,N,NULL
50469,Group DWH ALL.dtsx,66EFAE50-F10C-440C-9EAF-31F941D56571,,8,1,0,2,,ABB533D4-18B8-41FF-A66C-1EB0BBD7CDE9,2,1,N,NULL
50442,Group DWH LapHarian.dtsx,D0CF6272-E302-4A12-B1B1-EE604324425B,,8,1,0,42,,FD140784-5A2F-454A-B7C6-8D02C9C4A300,2,1,N,NULL
50450,Group DWH Panen.dtsx,7B09F9E4-6F5D-4857-A7F2-1FD300756391,,8,1,0,39,,59431D42-6764-4E6F-A324-3C80E9770DCE,2,1,N,NULL
50460,GroupSTG_Budget.dtsx,0A5634D6-BEDB-46AF-970D-A2DC49218B0B,,8,1,0,3,,2D6CC8F4-58E0-4C00-A081-E32ED4FC0B56,2,1,N,NULL
50461,GroupSTG_Initial_Trans.dtsx,6BBA25ED-5EAC-4768-B27C-418D054E39A0,,8,1,0,4,,563033FA-B5B5-4C11-B3DC-A16AD0D1AF02,2,1,N,NULL
50462,GroupSTG_LapHarianTrans.dtsx,A16322B5-48EC-4206-8C9D-240D8AA2830A,,8,1,0,64,,D14BDA26-2398-447C-9952-F6B3A9C37F76,2,1,N,NULL
50463,GroupSTG_Master.dtsx,84C72A8E-1E55-48FC-98CC-AB8B4A721682,,8,1,0,38,,FD6BC43E-F01A-4E7C-9DFF-7ED8615B97FA,2,1,N,NULL
50464,Package1.dtsx,ACC9B144-F112-4C70-976E-05B9200A9618,,8,1,0,1,,1DA01C33-5505-4170-B5C2-03014B7E779B,2,1,N,NULL
50430,STG_BGASTG_DataBlok.dtsx,6BC44BD6-C14E-4E7B-83A9-5E894D67A89D,SSIS Package Description,8,1,0,3,,1CD7F784-57E7-45AD-9A1F-2DC0258FB760,2,1,N,NULL
50429,STG_BLOK_t_blok_kk.dtsx,F0607E6E-1D67-4620-82AB-54926AD51C62,SSIS Package Description,8,1,0,44,,2040BD53-414F-42C9-921E-98B9BE281709,2,1,N,NULL
50466,STG_BPS_LAP_HARIAN 1.dtsx,E3A68325-94C4-4846-B38C-37D466C14513,SSIS Package Description,8,1,0,104,,658949D4-865A-4F03-88C9-DAA145A5CD79,2,1,N,NULL
50440,STG_BPS_LAP_HARIAN.dtsx,686158C2-AB73-4ED8-AF84-F00B7EE3CB93,SSIS Package Description,8,1,0,115,,614ECF98-47CE-4AFF-A3A2-93DD305D4A46,2,1,N,NULL
50465,STG_BPS_LAP_HARIAN_ALL.dtsx,2EAD88AA-DA08-4218-8EB1-D65A11A553E6,SSIS Package Description,8,1,0,99,,7F61BBCA-3796-4EE2-B6C5-75A1766B54A0,2,1,N,NULL
50408,STG_BPS_SPB.dtsx,69C44618-255E-4436-AFC8-61C3A7FD5921,SSIS Package Description,8,1,0,35,,C199159E-330D-4D22-94A1-C1DD8275426D,2,1,N,NULL
50439,STG_LHPP.dtsx,CAC3D67F-F7F6-46E3-B355-CECC0E0B499F,SSIS Package Description,8,1,0,6,,229013E8-F7AE-4379-9D6B-E725C597322B,2,1,N,NULL
50456,STG_LHPP_MAPPING.dtsx,D8D2D791-A6AC-49D9-833A-CAA4F567BA2C,,8,1,0,45,,A5C4300F-755D-4F38-B00E-897585004697,2,1,N,NULL
50472,STG_LHPP_XLS 1.dtsx,D046D614-35B2-4D40-AE60-1E36E80E6D30,,8,1,0,174,,31FB8512-3923-40C8-963E-9305D1B2AE1D,2,1,N,NULL
50457,STG_LHPP_XLS.dtsx,6F0C0183-8DEA-447B-9321-9BE8D8F40E24,,8,1,0,202,,C91E5052-8927-4C3A-9253-27BA56AA0BC4,2,1,N,NULL
50471,STG_LHPP_XLS_2017.dtsx,EE2D4923-8882-4124-89B8-0E6D0D36A8A5,,8,1,0,142,,EBFEF67B-6E59-4441-849D-CE120B0D46B3,2,1,N,NULL
50470,STG_LHPP_XLS_DEV.dtsx,566C7DCD-37E4-4A4A-ABB1-0AB9909DFD49,,8,1,0,143,,94C786EB-8496-49FD-8652-B6823AE7322D,2,1,N,NULL
50415,STG_PROXA.dtsx,900F763D-85C5-4B9D-8E06-A6592BEDE97F,SSIS Package Description,8,1,0,32,,FC450E69-BB0C-467F-BC7A-1B09424F7AC0,2,1,N,NULL
50437,STG_PROXA_UNITD.dtsx,51595ECC-E875-4162-B847-6ADB6246B169,SSIS Package Description,8,1,0,11,,B24D96AD-5DCA-4E33-82D4-CF59D70EE9E3,2,1,N,NULL
50476,STG_SAP_BKPF.dtsx,6229F383-4FF4-4BAE-9614-1370BF7656E6,,8,1,0,28,,E711B317-9CFC-4634-AD91-68B7728E228C,2,1,N,NULL
50481,STG_SAP_BSEG.dtsx,3131B48A-8047-4ECF-89A3-926ADB847FDB,,8,1,0,141,,B13054CE-AC59-4631-8FB0-E227BA3AFF75,2,1,N,NULL
50478,STG_SAP_BSEG2016.dtsx,6E3AF15A-D620-4D4E-98ED-E790B04B29A4,,8,1,0,85,,FDE1B5A6-8088-4CD0-A0C5-6DE7C1A7F070,2,1,N,NULL
50479,STG_SAP_BSEG2017.dtsx,41BE1A9C-A896-4863-8B91-D3274E81878E,,8,1,0,86,,62EFFC75-1EE6-4D7E-83DC-E5A0E3DEAFF1,2,1,N,NULL
50480,STG_SAP_BSEG2018.dtsx,74972553-3DFC-469A-88E0-D9D17541C437,,8,1,0,120,,ED2A17B9-6728-4079-B0F0-E3440D7E9ED8,2,1,N,NULL
50473,STG_SAP_COVP.dtsx,6D987E5A-2FC2-4CBF-9906-3D31417E7D24,,8,1,0,93,,E9B7F0A0-05B6-4634-A0DF-3532945969DB,2,1,N,NULL
50475,STG_SAP_MSEG.dtsx,62DE9DE3-A885-44BC-A283-CE50E16211D0,,8,1,0,23,,F17110B1-F2B4-4628-A45B-EEE22791A046,2,1,N,NULL
50474,STG_SAP_ZVTMSEGPF.dtsx,786DF6A5-F270-4B46-8B04-AC64C24AB5D4,,8,1,0,76,,8D305121-05C7-484C-9549-6BC24A4324FB,2,1,N,NULL
50431,STG_XLS_BudgeEstate.dtsx,AB6B851E-C86B-41AD-BCE4-A79C9998E949,SSIS Package Description,8,1,0,17,,C9846E2D-2FFC-496F-B7E9-AF51D0D41E67,2,1,N,NULL
50432,STG_XLS_BudgetMill.dtsx,F456BFAA-6B7C-402C-9229-0269B8A5E56F,SSIS Package Description,8,1,0,29,,B672CA13-0DC6-4F14-A6F6-13400BD00709,2,1,N,NULL
50434,STG_XLS_BudgetTahuanMill.dtsx,A9542E4B-7CB3-4FB9-B11E-3D9659E0950B,SSIS Package Description,8,1,0,11,,FB0CFD1D-4794-4BAB-82CB-B62A2671D02A,2,1,N,NULL
50433,STG_XLS_BudgetTahunan.dtsx,08EC8FCA-AA5B-4ADF-A3D6-E957A613A33F,SSIS Package Description,8,1,0,12,,44470883-5189-4088-9181-236BCD8C7358,2,1,N,NULL
50438,STG_XLS_HariLibur.dtsx,E89D7386-5034-415B-A6B7-85EA38CC46E2,SSIS Package Description,8,1,0,13,,C050B80E-D3B1-4816-BEDB-7368D7E2E7E0,2,1,N,NULL
50458,STG_XLS_HKEEstate.dtsx,A5BD99AA-24B4-496D-B580-CC01A29841A1,SSIS Package Description,8,1,0,15,,7E62C3B4-BB15-47DE-80BB-12EA62260E4B,2,1,N,NULL
50459,STG_XLS_HKEMill.dtsx,E1722BA7-7F55-4457-A575-5BD5C14A9350,,8,1,0,5,,58936E98-52F6-4346-9F87-AAF72F8C4B7F,2,1,N,NULL
50435,STG_XLS_StandarMill.dtsx,B8915BF7-A891-4787-8EE0-1AB185F0DC45,SSIS Package Description,8,1,0,12,,29445601-26B3-41F6-B8FC-F6C91FDCA3BD,2,1,N,NULL
50436,STG_XLS_SupportEstate.dtsx,F9065005-FCBB-4F2F-ACEA-ECEDBD3760F1,SSIS Package Description,8,1,0,45,,32498A2F-A3E7-4DED-8B44-1FA9B58A55B7,2,1,N,NULL
50428,STG_XLS_UNIT.dtsx,4EB4DF9B-7751-44E8-9997-235018C1B8B8,SSIS Package Description,8,1,0,15,,3D9F495F-2A83-4FC7-9194-EBA99C71F6E2,2,1,N,NULL
50409,wbpool.dtsx,10554DF3-124A-4F29-835F-5EB42C4FEF9E,SSIS Package Description,8,1,0,6,,E6ADB4CA-BA6D-4FE6-9766-E831E1ECAF0A,2,1,N,NULL
78069,DWH_DimActivity.dtsx,BBE9A731-D5E2-4D6E-AFA9-D2F6B98FDC54,,8,1,0,7,,6289601B-084B-4DB7-BD04-9B39EE5894B0,3,1,N,NULL
78067,DWH_DimBlock.dtsx,7E11B461-68C7-47AA-8163-40B1CF03FB58,,8,1,0,30,,2A4C9E35-7B10-4256-A0A2-CA377CD5A89F,3,1,N,NULL
78039,DWH_DimCompany.dtsx,92AF401F-5851-4868-AAE0-98C3DFD30F95,,8,1,0,9,,26FC06F9-97CA-4A74-97B1-9586469ACF13,3,1,N,NULL
78035,DWH_DimDate.dtsx,288A6B96-8E62-44C3-83A5-8D3FA3F5B2BC,,8,1,0,9,,8772AC0E-1066-43DC-9592-0721A0844574,3,1,N,NULL
78038,DWH_DimIntiPlasma.dtsx,1EBC719C-14CA-4F9F-9818-3B31693391F7,,8,1,0,14,,26931B03-4516-4280-963F-5281E91C3469,3,1,N,NULL
78052,DWH_DimLuasPanen.dtsx,6164F50E-4874-49BE-BCDD-7511F3B9D078,,8,1,0,11,,7F4CA2AB-042E-4B3C-93E3-18A9E54C7F27,3,1,N,NULL
78070,DWH_DimMandor.dtsx,32232BBD-F5C1-48D4-86FD-48755DC59F9D,,8,1,0,9,,8AB694EE-BB33-4B41-9CD7-04BC9FDEC121,3,1,N,NULL
78077,DWH_DimParameterPuas.dtsx,E699B6CA-CDD8-471A-A5CF-B6818F06AFA3,,8,1,0,5,,F4102ADF-A0DB-458E-882C-410EFB7043C6,3,1,N,NULL
78036,DWH_DimProduct.dtsx,4AEBAF32-DCED-460C-9E64-90C6EB57AD8F,,8,1,0,11,,E61E21D2-41AA-4CC5-9BAB-C66042D0488E,3,1,N,NULL
78049,DWH_DimStandardMill.dtsx,76801738-562D-4038-A133-FDB1EE695703,,8,1,0,16,,44CEEABC-58E5-401D-8B76-4C28CE925089,3,1,N,NULL
78045,DWH_DimTipeTBS.dtsx,EA014881-2808-43A4-9489-76739213BBC4,,8,1,0,6,,2C6F8E90-C5FC-4B37-B027-FC6F19F66922,3,1,N,NULL
78065,DWH_DimUnit.dtsx,A9B85DF0-52FC-4C4E-A8E6-F809CD3752CF,,8,1,0,33,,A0958A68-523C-4AA6-AE61-091B42A13E13,3,1,N,NULL
78042,DWH_DimVendor.dtsx,71274D8D-66FE-4359-877E-1F634AB29938,,8,1,0,13,,CDCB8851-91CB-4D1D-8CAE-ABF649658EA7,3,1,N,NULL
78092,DWH_FactActivity.dtsx,E2D8D78E-BDF7-4987-AF41-42436C7F28AE,,8,1,0,83,,AA4DA6BA-648A-4D14-8577-B72607648C9E,3,1,N,NULL
78068,DWH_FactBlock.dtsx,9C8F9D72-4F7F-41E1-94AD-749BA90000EF,,8,1,0,40,,D3A95953-4312-4A39-810F-C1460AB0054E,3,1,N,NULL
78079,DWH_FactBudgetActivity.dtsx,A6B9ED1E-6FFE-4725-9709-23D5350D312A,,8,1,0,17,,351CCFEC-ED60-454A-8D66-E2A59C9FECAC,3,1,N,NULL
78050,DWH_FactBudgetMill.dtsx,CF3DD339-45A6-427C-9FCE-630B8CBD7F5B,,8,1,0,46,,0518C438-AF31-498B-AB22-D39E0C8C5101,3,1,N,NULL
78041,DWH_FactBudgetProduksiEstate.dtsx,854C2B9E-C254-4F1A-BA2B-50BFB1E96BBA,,8,1,0,29,,7177718E-1E8D-40FE-9C77-6337B258B377,3,1,N,NULL
78051,DWH_FactBudgetSupportEstate.dtsx,2F247750-8128-489B-9547-24733172F4C6,,8,1,0,15,,8050A0DB-B3FB-4DDA-8CDC-B9857E413B48,3,1,N,NULL
78071,DWH_FactHasilPanen.dtsx,8E351C97-00B6-4078-9D6B-5E292FF0377A,,8,1,0,41,,6364F290-4BD6-4BCF-933B-A902BB220882,3,1,N,NULL
78073,DWH_FactPencurian.dtsx,0AB39494-8FC1-467E-BE6A-5E9CC902BDF5,,8,1,0,17,,C837CD0D-9D5B-4B77-A421-48348563C882,3,1,N,NULL
78043,DWH_FactPenerimaan.dtsx,28133A2A-544F-46CB-815B-30609A5DA826,,8,1,0,48,,55E6C0A3-1BA3-41F1-A060-E13AB35F31B9,3,1,N,NULL
78046,DWH_FactPengiriman.dtsx,8B8111D0-A0E6-487E-9C04-BF58D8334264,,8,1,0,30,,EF79B575-236F-47B6-B7DA-ECBF6DE70DF3,3,1,N,NULL
78044,DWH_FactPengolahan.dtsx,B79632EB-64BF-4420-B810-542B28479CE9,,8,1,0,38,,7E3444CF-CCDF-4FBB-9858-E641EE8812B5,3,1,N,NULL
78091,DWH_FactProduksiEstate.dtsx,1DB5615E-B7CF-4244-AE70-BF828278E236,,8,1,0,72,,3CE0CDAE-56C9-4947-BE0E-3961968FED76,3,1,N,NULL
78072,DWH_FactProduksiEstateBlock.dtsx,526DFCFF-CD93-4C7C-B34C-1FC52FDEF5A6,,8,1,0,41,,177FC47C-D264-4318-9D4D-A2B67617FCBA,3,1,N,NULL
78047,DWH_FactProduksiMill.dtsx,03FFF16B-A525-4BCC-BC96-877EE510B8CD,,8,1,0,27,,C86A7972-1381-405A-9F86-7F93B570B4D8,3,1,N,NULL
78076,DWH_FactPuas.dtsx,4FE5B217-2ED1-4E80-A957-ED06FAF687BD,,8,1,0,21,,3C03C287-1A6B-4178-9687-8B531A21CA3E,3,1,N,NULL
78078,DWH_FactPuasDetail.dtsx,29DC571F-1AB6-45F3-B1CB-E06A058BF7E7,,8,1,0,24,,C5D2D311-A123-40C1-BEC4-711AE6DC9723,3,1,N,NULL
78048,DWH_FactStock.dtsx,9853069E-D275-41F3-A0C5-79524CF13FC8,,8,1,0,23,,D9A45953-7C2A-402E-9210-63A5EFB9F5E7,3,1,N,NULL
78037,DWH_FactSupportEstate.dtsx,C3BC6782-00AE-469F-A29C-6156C429FA9B,,8,1,0,32,,86471F1E-1435-4FD8-983E-FF196BF57FF5,3,1,N,NULL
78075,DWH_FactTargetPuas.dtsx,39364ACD-D03B-4E19-AD91-15F5FA119D1D,,8,1,0,32,,26D955BF-D653-4DF7-86F7-C6FBAADFEAF2,3,1,N,NULL
78093,Group DWH ALL.dtsx,66EFAE50-F10C-440C-9EAF-31F941D56571,,8,1,0,2,,06D6039D-3EA4-4D64-9265-CE2E4E90CCAC,3,1,N,NULL
78066,Group DWH LapHarian.dtsx,D0CF6272-E302-4A12-B1B1-EE604324425B,,8,1,0,42,,3EB1CD46-76DB-4A4E-B0AC-B302170B2DC9,3,1,N,NULL
78074,Group DWH Panen.dtsx,7B09F9E4-6F5D-4857-A7F2-1FD300756391,,8,1,0,39,,75ECBB4C-F516-41BD-9560-0C89861BF1F9,3,1,N,NULL
78101,Group_LKP_KNB_LFA_LFB.dtsx,32CDBF74-804D-4231-88A5-ECF10128669A,,8,1,0,10,,8A6115BE-B3A4-45F2-8F2F-7724B063B25D,3,1,N,NULL
78106,Group_TBS_Transaksi.dtsx,8DDDFCF4-3FF4-4072-B2EB-4DC5AEE8733D,,8,1,0,50,,12402758-2E3C-43CC-A3F3-4883005DBC0B,3,1,N,NULL
78103,Group_Trans_Material.dtsx,92E3C6BD-7ACF-4012-8F1D-89CB9B0D7FC2,,8,1,0,35,,5948F8EF-83BF-4DB0-9C18-1616FB7F55D1,3,1,N,NULL
78084,GroupSTG_Budget.dtsx,0A5634D6-BEDB-46AF-970D-A2DC49218B0B,,8,1,0,3,,794A5249-F3E4-432C-BE09-C4FF173CF177,3,1,N,NULL
78085,GroupSTG_Initial_Trans.dtsx,6BBA25ED-5EAC-4768-B27C-418D054E39A0,,8,1,0,4,,38F75534-0A4A-4514-9264-D416D801D494,3,1,N,NULL
78086,GroupSTG_LapHarianTrans.dtsx,A16322B5-48EC-4206-8C9D-240D8AA2830A,,8,1,0,64,,E5012ADA-D9CE-456C-86B5-FBDE4092EE7E,3,1,N,NULL
78087,GroupSTG_Master.dtsx,84C72A8E-1E55-48FC-98CC-AB8B4A721682,,8,1,0,38,,83CCA5FE-7164-4769-89DC-AA347CE28FAC,3,1,N,NULL
78088,Package1.dtsx,ACC9B144-F112-4C70-976E-05B9200A9618,,8,1,0,1,,6584B117-99EC-4E56-A71E-3368A6FFA50B,3,1,N,NULL
78102,STG_1SAP_LFA_LFB.dtsx,A0422249-0844-411D-88E2-DBAD223AC5F3,,8,1,0,10,,5F274661-0E7B-4515-99FE-3E56F8A4BC62,3,1,N,NULL
78055,STG_BGASTG_DataBlok.dtsx,6BC44BD6-C14E-4E7B-83A9-5E894D67A89D,SSIS Package Description,8,1,0,3,,88644DA1-DBB3-4F6E-9E1A-4D8126D67A7C,3,1,N,NULL
78054,STG_BLOK_t_blok_kk.dtsx,F0607E6E-1D67-4620-82AB-54926AD51C62,SSIS Package Description,8,1,0,44,,F07059DD-B8E5-4E49-AA4A-238DCA42F37C,3,1,N,NULL
78107,STG_BPS_BLOK.dtsx,897F7753-8904-47B8-85EE-57A8F27C3046,,8,1,0,5,,0EB65F6B-3919-466D-AA7B-F8D8DA11BA62,3,1,N,NULL
78108,STG_BPS_Karyawan.dtsx,6C986D9B-AF8D-4662-A6F2-8BCE939299AD,,8,1,0,9,,407C0628-FCD0-4675-8092-A9709EF11A04,3,1,N,NULL
78109,STG_BPS_KKD.dtsx,104B6657-43EF-41C9-A137-D56B0A0A632F,SSIS Package Description,8,1,0,89,,571B0E9A-AD18-404E-BB70-FDE3C6457388,3,1,N,NULL
78090,STG_BPS_LAP_HARIAN 1.dtsx,E3A68325-94C4-4846-B38C-37D466C14513,SSIS Package Description,8,1,0,104,,13520538-97E7-4192-B4B9-6A3DF4751218,3,1,N,NULL
78110,STG_BPS_LAP_HARIAN.dtsx,686158C2-AB73-4ED8-AF84-F00B7EE3CB93,SSIS Package Description,8,1,0,144,,8C39E18D-3DC3-4A7C-B6C6-8503969E02D4,3,1,N,NULL
78089,STG_BPS_LAP_HARIAN_ALL.dtsx,2EAD88AA-DA08-4218-8EB1-D65A11A553E6,SSIS Package Description,8,1,0,99,,97C6F75D-7443-4C3A-B629-31ABE16E71C4,3,1,N,NULL
78111,STG_BPS_SPB.dtsx,A57B2DD4-BB8B-4585-BC60-9D7724AD4AD8,SSIS Package Description,8,1,0,86,,146D86FA-AAC5-4851-8BAE-6357E2F41CCF,3,1,N,NULL
78097,STG_BPS_SPB_1.dtsx,2DB7BFE9-8814-4942-B9AA-FFA16F60F638,,8,1,0,13,,769E3F8A-EA02-480A-8659-2D293A59DFCA,3,1,N,NULL
78104,STG_BPS_Trans_Absensi_104.dtsx,07B636C4-83EE-4076-AA56-1082B692903C,,8,1,0,8,,818197DE-E68C-43C8-890B-D653858D98AD,3,1,N,NULL
78099,STG_BPS_Trans_Material.dtsx,AED9E8FC-9205-4B85-91FE-D439D6BF36B3,,8,1,0,33,,61D686FD-145F-4A19-9FFC-6BD14AB8D970,3,1,N,NULL
78113,STG_BPS_Trans_Premi_Lembur_Panen.dtsx,9A5EBA65-85A3-4FD1-8081-7B0CCCEFA1D7,,8,1,0,9,,0D450D84-F452-42D0-BD85-BAC5A017CC2D,3,1,N,NULL
78064,STG_LHPP.dtsx,CAC3D67F-F7F6-46E3-B355-CECC0E0B499F,SSIS Package Description,8,1,0,6,,A9870201-F64F-4659-9057-96D08D551CF3,3,1,N,NULL
78080,STG_LHPP_MAPPING.dtsx,D8D2D791-A6AC-49D9-833A-CAA4F567BA2C,,8,1,0,45,,BE70BE06-96A6-44E6-B714-65F855D50A21,3,1,N,NULL
78096,STG_LHPP_XLS 1.dtsx,D046D614-35B2-4D40-AE60-1E36E80E6D30,,8,1,0,174,,91A51109-0446-415C-AE6C-B93C40F005DC,3,1,N,NULL
78081,STG_LHPP_XLS.dtsx,6F0C0183-8DEA-447B-9321-9BE8D8F40E24,,8,1,0,186,,AA5CC4BE-F0D7-41BE-8393-7F14879C609B,3,1,N,NULL
78095,STG_LHPP_XLS_2017.dtsx,EE2D4923-8882-4124-89B8-0E6D0D36A8A5,,8,1,0,142,,DD522236-B2F5-456E-8998-ED881D37CA52,3,1,N,NULL
78094,STG_LHPP_XLS_DEV.dtsx,566C7DCD-37E4-4A4A-ABB1-0AB9909DFD49,,8,1,0,143,,614A4545-CD5E-43B6-BC99-0B1D308BC7A0,3,1,N,NULL
78112,STG_LKP_WGSIP.dtsx,6DEE6260-C808-4A69-8573-E66CC8288615,,8,1,0,15,,86DD9D4C-19B1-4F79-AB14-C8998E0FD929,3,1,N,NULL
78040,STG_PROXA.dtsx,900F763D-85C5-4B9D-8E06-A6592BEDE97F,SSIS Package Description,8,1,0,32,,CA2FE24C-ED18-480B-8C94-BC362D5D0511,3,1,N,NULL
78062,STG_PROXA_UNITD.dtsx,51595ECC-E875-4162-B847-6ADB6246B169,SSIS Package Description,8,1,0,11,,DF2F117C-D7D7-449B-8AEF-CC0D5DC4FD3E,3,1,N,NULL
78105,STG_SAP_BSEG.dtsx,3131B48A-8047-4ECF-89A3-926ADB847FDB,,8,1,0,188,,74BFFE95-9513-4676-B67F-36075931D66B,3,1,N,NULL
78100,STG_SAP_KNA1.dtsx,0A4181B3-FA3F-4B8D-9258-3BA71F2D563F,,8,1,0,26,,B5A20304-382E-402F-81E7-6919195AF7CE,3,1,N,NULL
78056,STG_XLS_BudgeEstate.dtsx,AB6B851E-C86B-41AD-BCE4-A79C9998E949,SSIS Package Description,8,1,0,17,,AADFDA87-287A-4EA6-81E7-248E347153B2,3,1,N,NULL
78057,STG_XLS_BudgetMill.dtsx,F456BFAA-6B7C-402C-9229-0269B8A5E56F,SSIS Package Description,8,1,0,29,,7B37144F-B0DE-423E-864F-525ED78BA687,3,1,N,NULL
78059,STG_XLS_BudgetTahuanMill.dtsx,A9542E4B-7CB3-4FB9-B11E-3D9659E0950B,SSIS Package Description,8,1,0,11,,76BD6C2C-BAE9-4BFA-9570-738D7DA7E96A,3,1,N,NULL
78058,STG_XLS_BudgetTahunan.dtsx,08EC8FCA-AA5B-4ADF-A3D6-E957A613A33F,SSIS Package Description,8,1,0,12,,E01DC661-5F93-43CB-A198-A02B9293E08D,3,1,N,NULL
78098,STG_XLS_Date_MS_Calender.dtsx,A3D04BFE-B271-41A2-8ECB-08B40C7BBA17,,8,1,0,15,,3B3144D1-DC27-425C-87F5-5D8A7F229AF9,3,1,N,NULL
78063,STG_XLS_HariLibur.dtsx,E89D7386-5034-415B-A6B7-85EA38CC46E2,SSIS Package Description,8,1,0,12,,E4BA85A3-1A9A-4A75-9655-5F6E93757CAE,3,1,N,NULL
78082,STG_XLS_HKEEstate.dtsx,A5BD99AA-24B4-496D-B580-CC01A29841A1,SSIS Package Description,8,1,0,15,,BEEFC01E-4C25-4AF8-B60E-17B66247E6E1,3,1,N,NULL
78083,STG_XLS_HKEMill.dtsx,E1722BA7-7F55-4457-A575-5BD5C14A9350,,8,1,0,5,,56C3CEBC-39EA-4DFA-B819-E7F42D528B88,3,1,N,NULL
78060,STG_XLS_StandarMill.dtsx,B8915BF7-A891-4787-8EE0-1AB185F0DC45,SSIS Package Description,8,1,0,12,,9F4BFE40-24CE-4BD8-9AFA-B180E66B9CD2,3,1,N,NULL
78061,STG_XLS_SupportEstate.dtsx,F9065005-FCBB-4F2F-ACEA-ECEDBD3760F1,SSIS Package Description,8,1,0,45,,78E5DAEC-40C7-4383-AC1C-9ECF53EF7EC8,3,1,N,NULL
78053,STG_XLS_UNIT.dtsx,4EB4DF9B-7751-44E8-9997-235018C1B8B8,SSIS Package Description,8,1,0,15,,A6D6C32C-C7B3-4909-A2CB-BFD6A4377E47,3,1,N,NULL
78034,wbpool.dtsx,10554DF3-124A-4F29-835F-5EB42C4FEF9E,SSIS Package Description,8,1,0,6,,7EFDF9DD-3838-4118-9DAA-D3F980BCA15D,3,1,N,NULL
4545,DWH_DimActivity.dtsx,BBE9A731-D5E2-4D6E-AFA9-D2F6B98FDC54,,8,1,0,7,,BF81EA31-FE01-4AE5-BB28-BAAAC214D64B,4,1,N,NULL
4543,DWH_DimBlock.dtsx,7E11B461-68C7-47AA-8163-40B1CF03FB58,,8,1,0,30,,32E1312B-4EA0-429A-8B92-655BF2208EED,4,1,N,NULL
4514,DWH_DimCompany.dtsx,92AF401F-5851-4868-AAE0-98C3DFD30F95,,8,1,0,9,,077B0689-99E5-48C6-A7B0-5FCB100BD98B,4,1,N,NULL
4510,DWH_DimDate.dtsx,288A6B96-8E62-44C3-83A5-8D3FA3F5B2BC,,8,1,0,9,,71E810BE-A515-4902-8D65-B809CD17F5A0,4,1,N,NULL
4513,DWH_DimIntiPlasma.dtsx,1EBC719C-14CA-4F9F-9818-3B31693391F7,,8,1,0,14,,DD91CC1A-8876-4B90-90A2-B277E5604B28,4,1,N,NULL
4527,DWH_DimLuasPanen.dtsx,6164F50E-4874-49BE-BCDD-7511F3B9D078,,8,1,0,11,,B6AE6CEA-62BE-427F-BDC1-CC234EA90941,4,1,N,NULL
4546,DWH_DimMandor.dtsx,32232BBD-F5C1-48D4-86FD-48755DC59F9D,,8,1,0,9,,2BDF7A27-4B17-4AEB-B06F-448380FFC8DE,4,1,N,NULL
4553,DWH_DimParameterPuas.dtsx,E699B6CA-CDD8-471A-A5CF-B6818F06AFA3,,8,1,0,5,,F5BE9FF8-BD72-4328-828B-B0C6EAF3CDA9,4,1,N,NULL
4511,DWH_DimProduct.dtsx,4AEBAF32-DCED-460C-9E64-90C6EB57AD8F,,8,1,0,11,,53088E9E-AF43-4A23-8424-FAD42570BB62,4,1,N,NULL
4524,DWH_DimStandardMill.dtsx,76801738-562D-4038-A133-FDB1EE695703,,8,1,0,16,,CFE90F7C-730B-46DE-9AA8-CD072052411A,4,1,N,NULL
4520,DWH_DimTipeTBS.dtsx,EA014881-2808-43A4-9489-76739213BBC4,,8,1,0,6,,48458F52-5F99-4D1A-B045-144278D69DBD,4,1,N,NULL
4541,DWH_DimUnit.dtsx,A9B85DF0-52FC-4C4E-A8E6-F809CD3752CF,,8,1,0,33,,5B4C523E-C7DB-4EFD-B1E2-7747C3572A5E,4,1,N,NULL
4517,DWH_DimVendor.dtsx,71274D8D-66FE-4359-877E-1F634AB29938,,8,1,0,13,,49C8B5AC-803D-4986-9701-3DF4C250850F,4,1,N,NULL
4568,DWH_FactActivity.dtsx,E2D8D78E-BDF7-4987-AF41-42436C7F28AE,,8,1,0,83,,AAD2241A-4D5B-4CB3-A8FB-1DDE4C031886,4,1,N,NULL
4544,DWH_FactBlock.dtsx,9C8F9D72-4F7F-41E1-94AD-749BA90000EF,,8,1,0,40,,A91C3B93-22D7-4C52-9D4E-0A6D7EF16C50,4,1,N,NULL
4555,DWH_FactBudgetActivity.dtsx,A6B9ED1E-6FFE-4725-9709-23D5350D312A,,8,1,0,17,,652325E0-2B79-4B62-8A73-21A9EC183CBF,4,1,N,NULL
4525,DWH_FactBudgetMill.dtsx,CF3DD339-45A6-427C-9FCE-630B8CBD7F5B,,8,1,0,46,,D2D2A656-BF56-47B9-9775-AD50A430BC1B,4,1,N,NULL
4516,DWH_FactBudgetProduksiEstate.dtsx,854C2B9E-C254-4F1A-BA2B-50BFB1E96BBA,,8,1,0,29,,3DF566B4-9AEC-4525-811B-7B9B4E9FF557,4,1,N,NULL
4526,DWH_FactBudgetSupportEstate.dtsx,2F247750-8128-489B-9547-24733172F4C6,,8,1,0,15,,12B892E1-0D23-4A13-9CF5-0F2628AB1015,4,1,N,NULL
4547,DWH_FactHasilPanen.dtsx,8E351C97-00B6-4078-9D6B-5E292FF0377A,,8,1,0,41,,BD6B60D8-026C-4B1F-B055-E621E6D4F318,4,1,N,NULL
4549,DWH_FactPencurian.dtsx,0AB39494-8FC1-467E-BE6A-5E9CC902BDF5,,8,1,0,17,,666049E1-A072-4105-B4FF-1FA46BB251A1,4,1,N,NULL
4518,DWH_FactPenerimaan.dtsx,28133A2A-544F-46CB-815B-30609A5DA826,,8,1,0,48,,6626E20E-882E-4803-8955-C25FF073D5E3,4,1,N,NULL
4521,DWH_FactPengiriman.dtsx,8B8111D0-A0E6-487E-9C04-BF58D8334264,,8,1,0,30,,86063268-6F5B-4A8D-A1BD-F7039ADDEEB4,4,1,N,NULL
4519,DWH_FactPengolahan.dtsx,B79632EB-64BF-4420-B810-542B28479CE9,,8,1,0,38,,8EC98BEF-B3E3-46F1-BAC5-EC16825DE39C,4,1,N,NULL
4567,DWH_FactProduksiEstate.dtsx,1DB5615E-B7CF-4244-AE70-BF828278E236,,8,1,0,72,,887A3393-3BC8-42FE-974A-1370CF83955A,4,1,N,NULL
4548,DWH_FactProduksiEstateBlock.dtsx,526DFCFF-CD93-4C7C-B34C-1FC52FDEF5A6,,8,1,0,41,,F0B9C4A3-0CC3-4408-B610-C346A01F3CC9,4,1,N,NULL
4522,DWH_FactProduksiMill.dtsx,03FFF16B-A525-4BCC-BC96-877EE510B8CD,,8,1,0,27,,4D1FA17A-463A-49AB-A809-9567AB8FA80A,4,1,N,NULL
4552,DWH_FactPuas.dtsx,4FE5B217-2ED1-4E80-A957-ED06FAF687BD,,8,1,0,21,,1A0DF98A-C9EF-4543-9BE1-A7186F9DF896,4,1,N,NULL
4554,DWH_FactPuasDetail.dtsx,29DC571F-1AB6-45F3-B1CB-E06A058BF7E7,,8,1,0,24,,A7F408AC-6225-4208-BD4A-3D2C04DA0D21,4,1,N,NULL
4523,DWH_FactStock.dtsx,9853069E-D275-41F3-A0C5-79524CF13FC8,,8,1,0,23,,399ADB71-F686-4AEE-9CE8-B3286EF7AE07,4,1,N,NULL
4512,DWH_FactSupportEstate.dtsx,C3BC6782-00AE-469F-A29C-6156C429FA9B,,8,1,0,32,,54C80721-8784-4243-A0E9-031F2F03CA75,4,1,N,NULL
4551,DWH_FactTargetPuas.dtsx,39364ACD-D03B-4E19-AD91-15F5FA119D1D,,8,1,0,32,,82115C33-34D4-442D-B650-93FE5E3D3BD5,4,1,N,NULL
4569,Group DWH ALL.dtsx,66EFAE50-F10C-440C-9EAF-31F941D56571,,8,1,0,2,,C9B10BAE-081C-4269-AF8F-79DB307DA354,4,1,N,NULL
4542,Group DWH LapHarian.dtsx,D0CF6272-E302-4A12-B1B1-EE604324425B,,8,1,0,42,,89C70DDA-72F1-49EE-9382-53354051EC84,4,1,N,NULL
4550,Group DWH Panen.dtsx,7B09F9E4-6F5D-4857-A7F2-1FD300756391,,8,1,0,39,,2F9A93FE-F628-44E7-83B0-E75980AE560A,4,1,N,NULL
4560,GroupSTG_Budget.dtsx,0A5634D6-BEDB-46AF-970D-A2DC49218B0B,,8,1,0,3,,649882A2-91FD-49F6-87CF-0A7D66D614EB,4,1,N,NULL
4561,GroupSTG_Initial_Trans.dtsx,6BBA25ED-5EAC-4768-B27C-418D054E39A0,,8,1,0,4,,EB25B15E-117B-4FE1-AC40-F5A26F288E86,4,1,N,NULL
4562,GroupSTG_LapHarianTrans.dtsx,A16322B5-48EC-4206-8C9D-240D8AA2830A,,8,1,0,64,,CBBB5F39-53F4-4BF9-941A-BA8FFCE598C8,4,1,N,NULL
4563,GroupSTG_Master.dtsx,84C72A8E-1E55-48FC-98CC-AB8B4A721682,,8,1,0,38,,5E2AD844-96D8-4A47-8A5E-4E2165FE4AB0,4,1,N,NULL
4564,Package1.dtsx,ACC9B144-F112-4C70-976E-05B9200A9618,,8,1,0,1,,839C2F1B-D193-439D-956D-64403DF7E3F6,4,1,N,NULL
4530,STG_BGASTG_DataBlok.dtsx,6BC44BD6-C14E-4E7B-83A9-5E894D67A89D,SSIS Package Description,8,1,0,3,,6F8933D4-AF7B-4023-949A-896286585B41,4,1,N,NULL
4529,STG_BLOK_t_blok_kk.dtsx,F0607E6E-1D67-4620-82AB-54926AD51C62,SSIS Package Description,8,1,0,44,,7652A8F8-31DE-44FC-9618-143F8DD390D7,4,1,N,NULL
4566,STG_BPS_LAP_HARIAN 1.dtsx,E3A68325-94C4-4846-B38C-37D466C14513,SSIS Package Description,8,1,0,104,,AF4B347D-EAAE-44E8-B30B-A3B2438B2112,4,1,N,NULL
4540,STG_BPS_LAP_HARIAN.dtsx,686158C2-AB73-4ED8-AF84-F00B7EE3CB93,SSIS Package Description,8,1,0,115,,F418666B-095F-44EF-AC56-DCB3F1ED0A1D,4,1,N,NULL
4565,STG_BPS_LAP_HARIAN_ALL.dtsx,2EAD88AA-DA08-4218-8EB1-D65A11A553E6,SSIS Package Description,8,1,0,99,,28B5E153-EF4E-49E6-9610-A5A1694402C8,4,1,N,NULL
4508,STG_BPS_SPB.dtsx,69C44618-255E-4436-AFC8-61C3A7FD5921,SSIS Package Description,8,1,0,35,,3E2D0BC6-8731-4AB2-8F34-C1CA01BF0E16,4,1,N,NULL
4539,STG_LHPP.dtsx,CAC3D67F-F7F6-46E3-B355-CECC0E0B499F,SSIS Package Description,8,1,0,6,,ACCACD1C-4803-4BFC-8998-26CE91072F99,4,1,N,NULL
4556,STG_LHPP_MAPPING.dtsx,D8D2D791-A6AC-49D9-833A-CAA4F567BA2C,,8,1,0,45,,C7BEA086-6445-4345-B70D-C56693B3EC2D,4,1,N,NULL
4572,STG_LHPP_XLS 1.dtsx,D046D614-35B2-4D40-AE60-1E36E80E6D30,,8,1,0,174,,EFEFF4C2-CB05-43B4-B057-BB5FC4F701AC,4,1,N,NULL
4557,STG_LHPP_XLS.dtsx,6F0C0183-8DEA-447B-9321-9BE8D8F40E24,,8,1,0,202,,7E6BF9BF-92E5-4667-8F9A-44835DA93DF9,4,1,N,NULL
4571,STG_LHPP_XLS_2017.dtsx,EE2D4923-8882-4124-89B8-0E6D0D36A8A5,,8,1,0,142,,62BAA1BB-AA8E-4199-9212-CF1F4CC4A88F,4,1,N,NULL
4570,STG_LHPP_XLS_DEV.dtsx,566C7DCD-37E4-4A4A-ABB1-0AB9909DFD49,,8,1,0,143,,B54380CB-298D-4639-8DE1-10A47D01ED72,4,1,N,NULL
4515,STG_PROXA.dtsx,900F763D-85C5-4B9D-8E06-A6592BEDE97F,SSIS Package Description,8,1,0,32,,74F9FB0C-6A4C-499B-8F0C-4FFEB53E3300,4,1,N,NULL
4537,STG_PROXA_UNITD.dtsx,51595ECC-E875-4162-B847-6ADB6246B169,SSIS Package Description,8,1,0,11,,33986E95-F636-4C20-90F6-50DD989ABF6A,4,1,N,NULL
4573,STG_SAP_COVP.dtsx,6D987E5A-2FC2-4CBF-9906-3D31417E7D24,,8,1,0,71,,EF494E6E-B593-47BF-B47D-DA35CFA05FF2,4,1,N,NULL
4574,STG_SAP_ZVTMSEGPF.dtsx,786DF6A5-F270-4B46-8B04-AC64C24AB5D4,,8,1,0,65,,C1FB233A-BBAC-417B-8DE5-3194AC569AF4,4,1,N,NULL
4531,STG_XLS_BudgeEstate.dtsx,AB6B851E-C86B-41AD-BCE4-A79C9998E949,SSIS Package Description,8,1,0,17,,5641A647-C7A6-4CDD-A9EA-D999E80E1BA3,4,1,N,NULL
4532,STG_XLS_BudgetMill.dtsx,F456BFAA-6B7C-402C-9229-0269B8A5E56F,SSIS Package Description,8,1,0,29,,FB52456B-25A9-43B8-A406-2AF6CFC60092,4,1,N,NULL
4534,STG_XLS_BudgetTahuanMill.dtsx,A9542E4B-7CB3-4FB9-B11E-3D9659E0950B,SSIS Package Description,8,1,0,11,,0DF0F739-2BEA-4C48-80F9-F5554CC949C5,4,1,N,NULL
4533,STG_XLS_BudgetTahunan.dtsx,08EC8FCA-AA5B-4ADF-A3D6-E957A613A33F,SSIS Package Description,8,1,0,12,,68ADBA03-2EC2-4CE6-8DA9-98FFF7DF3C72,4,1,N,NULL
4538,STG_XLS_HariLibur.dtsx,E89D7386-5034-415B-A6B7-85EA38CC46E2,SSIS Package Description,8,1,0,13,,87AF53C0-57D2-47F8-A8AF-05E40A738DD7,4,1,N,NULL
4558,STG_XLS_HKEEstate.dtsx,A5BD99AA-24B4-496D-B580-CC01A29841A1,SSIS Package Description,8,1,0,15,,03D5FC68-AB8D-47FD-A888-41261792D3A8,4,1,N,NULL
4559,STG_XLS_HKEMill.dtsx,E1722BA7-7F55-4457-A575-5BD5C14A9350,,8,1,0,5,,ADCB70A9-CA32-4128-B616-0B0C6AF2FB21,4,1,N,NULL
4535,STG_XLS_StandarMill.dtsx,B8915BF7-A891-4787-8EE0-1AB185F0DC45,SSIS Package Description,8,1,0,12,,8459F6BF-2A8B-4989-A183-63DA7266618E,4,1,N,NULL
4536,STG_XLS_SupportEstate.dtsx,F9065005-FCBB-4F2F-ACEA-ECEDBD3760F1,SSIS Package Description,8,1,0,45,,2AA4A6E4-8D25-433B-B554-B58A04F2A859,4,1,N,NULL
4528,STG_XLS_UNIT.dtsx,4EB4DF9B-7751-44E8-9997-235018C1B8B8,SSIS Package Description,8,1,0,15,,1016A481-F4F8-4666-A6A7-192241BC13B7,4,1,N,NULL
4509,wbpool.dtsx,10554DF3-124A-4F29-835F-5EB42C4FEF9E,SSIS Package Description,8,1,0,6,,7BCCF67A-E1C7-42D6-98F4-793A497F8BB9,4,1,N,NULL
85972,COEP.dtsx,B41FB9FA-1426-4D93-8175-C3BAFEDB485F,,8,1,0,10,,294CC85A-1636-4493-A216-27EDDBF8B173,5,1,N,NULL
85971,COVP.dtsx,B8BEE71F-6A77-43B9-9232-71A4003B42D3,,8,1,0,38,,3246B62E-7A6B-4570-A535-A50D8767B9D6,5,1,N,NULL
85970,COVPR.dtsx,A3B48648-21F4-4FF9-BED0-D6266EB989DB,,8,1,0,1,,01872B41-E5BA-48D4-B3AC-A0F176E76543,5,1,N,NULL
85980,DWH-COEPByMonth.dtsx,6E8572A1-A7B2-4328-9369-98A7C775F961,,8,1,0,87,,6609600F-1174-4FB0-923B-A5E3BF340C67,5,1,N,NULL
85977,SAP DAILY.dtsx,6F7D592A-F36A-4B7D-BFBA-6313F3093447,,8,1,0,57,,FE68D9E1-3CD9-47E3-BC5E-BC81AC612C59,5,1,N,NULL
85978,SAP_Adhoc.dtsx,8C61107F-D47C-4536-A3B6-AB40A6AE7ABD,,8,1,0,13,,276EF411-1561-4A32-8B42-6BAC8BFE044E,5,1,N,NULL
85975,SAP_COEP.dtsx,6C65EE73-92EC-4D48-9F38-1426821A0F49,,8,1,0,32,,154D0858-F420-4D30-91BB-BDC731FC2AED,5,1,N,NULL
85974,SAP_COEP_COVP DAY.dtsx,B92BAA48-A0C4-4A5D-AD8A-D0B24A1BE009,,8,1,0,24,,53A5221A-497C-48C7-A41C-E1D82A72CBE2,5,1,N,NULL
85973,SAP_COEP_COVP.dtsx,6F53D66D-B012-4E3E-97CA-398E55428F70,,8,1,0,14,,8E5425FD-752D-498A-92C4-4D99A2D82786,5,1,N,NULL
85976,SAP_CONSOL.dtsx,429070C6-1DD3-4946-9EAD-37342B2824B9,,8,1,0,2,,DE7F3C48-31A3-485F-8C68-2117D1207E07,5,1,N,NULL
85979,SAP-COEP.dtsx,D3C5F0E1-9970-47AF-96F0-4074643F95D3,,8,1,0,35,,2D32746F-4C55-423E-9B8B-D3EBBCC3BD46,5,1,N,NULL
138285,BPS_SPB.dtsx,B944971D-D8D0-4E46-838E-84D63F0A393B,SSIS Package Description,8,1,0,151,,3D1FB942-5E75-4D53-8C1E-A9381CDCB523,11,1,N,NULL
138301,DWH_BPS.dtsx,3A04AAAD-3CBF-4E62-9700-7436135BD86A,SSIS Package Description,8,1,0,191,,D65799CA-8858-4E8C-B2B3-ED1D571ED47C,11,1,N,NULL
138306,DWH_BPS_YEAR.dtsx,8267EB8A-941C-4EB3-92AB-14776787E9ED,SSIS Package Description,8,1,0,339,,2050DFF6-8F1E-42E1-B5DE-74C602EDE525,11,1,N,NULL
138304,DWH_BPS_YEAR_ARCHIVE.dtsx,8E8CE903-6556-449C-8A52-4AA0CAC693B8,SSIS Package Description,8,1,0,334,,282792F1-7585-43B7-87E1-8BBB804E5571,11,1,N,NULL
138302,DWH_BPS_YEAR_Old.dtsx,F9B632FA-5494-422A-9A36-2B49C9FF4523,SSIS Package Description,8,1,0,215,,795F940C-FA91-4105-BFC9-F984A0EBB9F4,11,1,N,NULL
138303,DWH_BPS_YEAR_Old_Kendawangan.dtsx,A3373EAF-3E72-4D51-B5F7-00F4C51AABA5,SSIS Package Description,8,1,0,249,,F250EB87-1277-4C7B-9318-AD22AFC7F5E3,11,1,N,NULL
138294,DWH_COAS.dtsx,5452B300-D69C-4789-A6AF-A8A60367D073,,8,1,0,9,,EA7D3EE7-2C9E-4714-A1F9-3DC6541BB27A,11,1,N,NULL
138290,DWH_SAPByCompanyPeriod.dtsx,55B03315-E27F-4508-AB08-9A98F8E8216D,,8,1,0,44,,AAE0C121-9E60-416C-906F-720A7407D524,11,1,N,NULL
138295,DWH_SMALLERTABLES.dtsx,CC37D719-0293-45F7-A6C4-35CF88A13F56,,8,1,0,295,,59CE0B1D-31B1-42EA-9CD6-ADC534D9FCD9,11,1,N,NULL
138299,DWH_ZVT_MSEGPF 1.dtsx,3A37D0CE-B60B-4F54-AA4C-419686AF2039,,8,1,0,171,,EC5943C2-5DF1-449A-89B8-2B23920B7FB4,11,1,N,NULL
138305,DWH_ZVT_MSEGPF.dtsx,AE7EEEB6-E839-4505-8262-05CD6526A26C,,8,1,0,197,,8D00C4D0-D17F-4BBC-A942-9E37C20D1AAC,11,1,N,NULL
138307,DWH-COEP 1.dtsx,134A9F07-17A6-4450-B658-AF32857821BA,,8,1,0,301,,E7499D05-5CF2-408D-AFCA-2F3817DB6C30,11,1,N,NULL
138308,DWH-COEP.dtsx,26F50C07-83B4-441D-89A7-0890227F5E82,,8,1,0,297,,1D84FE6A-241B-4871-B301-69CEFB036E4E,11,1,N,NULL
138292,DWH-COEPByMonth.dtsx,97270D59-A5F3-42F4-B27C-8D036548C9D4,,8,1,0,128,,A75435AF-086B-49B8-B268-3AE33D9C77AD,11,1,N,NULL
138298,DWH-COEPMonthlyNew.dtsx,4F8DC8DC-3D45-404D-8675-A7B153E3B811,,8,1,0,267,,0BD84A33-49AF-4F66-95E9-2585DB2B7A9D,11,1,N,NULL
138293,DWH-FS.dtsx,629EC061-EC6C-42A3-A388-0422C87A7D38,,8,1,0,10,,7ADC11DE-A79F-4058-A57B-4EE717D39518,11,1,N,NULL
138291,Package1.dtsx,D8A4EE0E-513B-44BF-86B7-0C372F007904,,8,1,0,2,,CC841360-EC19-4047-94C5-5914D91D8764,11,1,N,NULL
138296,Package2.dtsx,6DD47ACA-4739-43D6-904C-86DAA92EFA96,,8,1,0,17,,8C2AAFCC-4CD2-439E-9627-FB42C32AA3BB,11,1,N,NULL
138297,Package3.dtsx,82EC68FE-A73E-49BE-A266-89E89A912CE3,,8,1,0,11,,7746FD25-9A50-4446-BEF5-B3E25F33CEDE,11,1,N,NULL
138300,Package5.dtsx,A38565BB-D293-4C43-8DA6-7EA36572BF19,,8,1,0,32,,4CAFFCF1-22EC-43D5-8BA9-09A2B0C9344A,11,1,N,NULL
138288,SAP_AdhocByCompany.dtsx,BD2C30E0-3CF6-47E2-B666-D00D90D3DF9A,,8,1,0,34,,9842C5CF-53B9-4E41-A22E-1DE268006175,11,1,N,NULL
138289,SAP_FULL 1.dtsx,A299B024-FC97-4C62-B660-46D32DC6DBB0,,8,1,0,14,,A3C91A08-C5BB-4F32-B10B-C3BAA938F035,11,1,N,NULL
138287,SAP_FULL.dtsx,FA85031E-09D0-4B06-BA74-9FB4EF944CF5,,8,1,0,14,,3E742BF1-1DE0-4976-B930-6DD5C865405C,11,1,N,NULL
138286,SAP_INCREMENTAL.dtsx,BC3FFBB0-3F03-438F-8BDE-AE7A32E14053,,8,1,0,10,,F04E24E4-EFA5-43B4-A039-1B69C8677229,11,1,N,NULL
93817,dim_coa.dtsx,CB4C06E4-3408-4343-9E01-BAA48391D6E6,,8,1,0,6,,1AEEFA82-7B24-492A-9857-C1F98D89B1E4,12,1,N,NULL
93820,dim_code_ebitda.dtsx,7D9BE725-BCAE-4760-88BF-2CB7E0C20C00,,8,1,0,8,,746FEC15-F51F-4109-A820-503D2CC0A834,12,1,N,NULL
93818,dim_company.dtsx,56F21198-B293-4B56-8FFC-E21A47420B97,,8,1,0,23,,8C42FC56-3551-4C2D-A363-52261C15F52C,12,1,N,NULL
93821,dim_date.dtsx,7A6E740F-DA72-4EEA-9CA4-DD015BD3E251,,8,1,0,1,,2443DE7C-2AD3-4D54-8BAA-3214FFBBD196,12,1,N,NULL
93823,fact_ebitda.dtsx,80EF0AE2-EF61-411C-8D8C-D88A282806DD,,8,1,0,72,,87622667-791D-42D7-BA73-07C5DC06E05D,12,1,N,NULL
93822,fact_summary_pl.dtsx,2E34B2B4-227F-4E88-8D6A-5EC922D425E6,,8,1,0,41,,300AF90E-DFC4-4FEE-ABA4-2EB5EFDC6725,12,1,N,NULL
93819,stg_company.dtsx,8379E966-10DE-46D3-BD7C-F32DCF51ADD4,,8,1,0,25,,047B4E87-3513-4B98-ABA3-AB56FCF1A19A,12,1,N,NULL
96126,Elim KG SAP to STG.dtsx,BF4BA85E-FE96-4BA5-B5FA-AB93AC3662F6,,8,1,0,26,,6E98D585-DBCC-46B9-8B23-26719DA40D36,13,1,N,NULL
96127,MR BAL SAP to STG.dtsx,CE12DA36-737A-41FA-BD54-50EC468EDE19,,8,1,0,9,,7C3EEEE8-E83A-49E7-B1E3-541843A4C299,13,1,N,NULL
87578,dim_cogs_measure.dtsx,97C452AB-1784-466F-8BF9-9466C344BBB0,,8,1,0,4,,998B3CF0-9B78-4DD4-86AE-16432B8E487C,14,1,N,NULL
87579,dim_company.dtsx,BE97A6CD-4100-4DD9-8957-73F956B3BE56,,8,1,0,7,,E4DDFC1B-80B2-4F84-8EB0-44234A8F5388,14,1,N,NULL
87574,dim_report_cogs.dtsx,93127845-6077-4C47-8061-B92BFFD86A41,,8,1,0,7,,D07A57F8-F113-447E-BABB-8CABDEA1DB72,14,1,N,NULL
87575,fact_cogs.dtsx,F194A740-5BD8-47E8-B6DC-FEFA502E5B4B,,8,1,0,10,,60C2A2A0-4709-40C1-8887-0A9740DE3ECD,14,1,N,NULL
87577,stg_cogs_measure.dtsx,71B8DD31-2894-45B3-BED0-BA501FC8FB2B,,8,1,0,5,,2F97CAC5-8E23-4984-AD21-7FF9C558D514,14,1,N,NULL
87576,stg_cogs_report_template.dtsx,B6DE8A05-D204-407C-A189-FAC9EADEC21E,,8,1,0,5,,958DD024-1C77-4ED1-87ED-09B79EAEE08F,14,1,N,NULL
87573,stg_CogsReport.dtsx,81141F14-ED99-4AFC-AC34-D6FF5A7262C4,,8,1,0,145,,30837F47-01CF-43E0-BCB2-55F779A10A95,14,1,N,NULL
139879,Fact - fact_pr_po_gr.dtsx,AD78C106-79D0-4255-9AEF-2907F93D1C0A,,8,1,0,159,,521C7FD6-61DD-4124-A49C-70B5043CD555,16,1,N,NULL
139880,Mapping Material dan Hari Libur.dtsx,F22E9B7D-26C7-4796-9E43-9C3698B68C42,,8,1,0,96,,5C824EFC-7F45-4B13-8EAD-075F4F9C1046,16,1,N,NULL
139882,RPS - ZMM_PRPOGR_FRC 1.dtsx,EE69C052-EBED-42FF-B6DA-7EE5094C2895,,8,1,0,35,,3AAA51FC-B991-4D22-AD5E-023534229BFF,16,1,N,NULL
139881,RPS - ZMM_PRPOGR_FRC.dtsx,8BFD10E5-7698-4403-B3E1-99EDBD2E5335,,8,1,0,60,,1BCC6C38-3BE3-40FB-BD76-F606484F542D,16,1,N,NULL
139878,STG - ZMM_PRPOGR_FRC.dtsx,3B904630-D764-4394-BC13-41B119BC25E8,,8,1,0,5,,0721E1DD-1F4B-4A11-9716-06A4E09A6964,16,1,N,NULL
139877,STG_COSS.dtsx,0BC36735-3013-4C69-BAFE-B1494EFD302D,,8,1,0,5,,B7CB7C2B-5776-4A3E-AD43-C93F2606246C,16,1,N,NULL
139876,STG_COVP.dtsx,94E2254B-7C29-4B29-A3A6-844B6AFC7503,,8,1,0,6,,06F243A1-223A-4140-A028-57BE3903F60E,16,1,N,NULL
136666,Fact_TBS_External.dtsx,B118D953-20E5-4501-A906-FEDA5DDA5924,,8,1,0,19,,7B98B5CD-6A9A-4179-B946-DE9703F48374,24,1,N,NULL
129354,Dim_MasterDriver.dtsx,F7CA1434-158C-4132-A0AD-D01CABE5DE12,,8,1,0,21,,7F169004-1AD3-4A41-8C24-30D7846AF229,31,1,N,NULL
129361,Fact_Traksi v1.0 1.dtsx,6F1ED982-B638-435D-8E0D-2E731A5D3C90,,8,1,0,452,,18AAF651-1703-4016-8444-FA0CC2B6B7CB,31,1,N,NULL
129359,Fact_Traksi v1.0.dtsx,C7A0348F-83F4-42C2-A278-C73F8084A14B,,8,1,0,459,,934AB929-02E5-4742-8A7D-A108C5A876A9,31,1,N,NULL
129360,Fact_Traksi v1.1 back up.dtsx,7B15F3D6-2462-4B97-9FA8-94DF426B0D79,,8,1,0,444,,4446456C-FBC8-4D51-B586-32DE518E1A96,31,1,N,NULL
129357,Fact_Traksi.dtsx,E28C1B27-DCD5-4551-97AD-5ABA2C6B9A30,,8,1,0,398,,0C6F2338-650F-486F-8EE1-348B687B4B36,31,1,N,NULL
129358,Stg_SAP_COVP.dtsx,4C8491AD-6866-48F8-B47C-B26EBC77E330,,8,1,0,138,,48F4E568-CC61-4C6D-BB56-BA0F33B1D2C4,31,1,N,NULL
129356,Stg_SAP_ZKKDDetail.dtsx,EC59B672-B4D4-469A-B380-F0F2A3AB15C6,,8,1,0,63,,79FF61DE-C51B-4E62-AE7B-15AFED32310C,31,1,N,NULL
129355,Stg_SAP_ZTORDER.dtsx,9A2CC953-57DB-4734-8BDE-C5A5351F3ABE,,8,1,0,60,,7CC3B78B-8162-4FD6-9534-D567968B3603,31,1,N,NULL
88196,Laporan Produksi TBS CPO PK.dtsx,87047066-E2B0-4B97-ABCD-763A2AF75B39,,8,1,0,3,,E271C77E-3B69-4E02-8FFE-A36913FC067B,32,1,N,NULL
142000,RPS - ZMM_PRPOGR_FRC.dtsx,8BFD10E5-7698-4403-B3E1-99EDBD2E5335,,8,1,0,57,,96B01777-B3C4-459B-BC2F-06588B48ADC2,33,1,N,NULL
142009,Seq_BKPF.dtsx,EDBACDC9-CC37-4BF2-B3B4-D73C295C6FE0,,8,1,0,279,,F524BE48-4E3A-4CD2-9BE1-21F3EF2ADA94,33,1,N,NULL
142037,Seq_BSEG 1.dtsx,F83E3AD1-2712-40C0-9857-4D177F08BB74,,8,1,0,361,,CBD4A1E7-4328-41DF-A39B-97FFF890D5DC,33,1,N,NULL
142007,Seq_BSEG.dtsx,4CC4D41E-CF2F-4DEB-BA29-3E6422CA9D3B,,8,1,0,268,,5E3466D4-631B-4BDD-A19D-C373B324CB2D,33,1,N,NULL
142006,Seq_BSID_BSAD.dtsx,23662298-8AB5-4E5D-B23D-6C4DBF8A86CF,,8,1,0,58,,2DA5D148-29FA-40AA-A0AD-CFEFD17BA820,33,1,N,NULL
142005,Seq_BSIK_BSAK.dtsx,74781A48-9EE6-48D3-BAD4-9CBB3FE8A303,,8,1,0,40,,E7D348D7-6EE6-4489-8F32-301A2E4778F4,33,1,N,NULL
142002,Seq_BSIS_BSAS.dtsx,60A5BEF0-17D2-424A-AE9C-9FB61F02596A,,8,1,0,48,,21918E11-4781-4948-804D-3F122D0868AC,33,1,N,NULL
142026,Seq_Repository.dtsx,DD69F1BF-A179-411F-A7A1-076C847DD22E,,8,1,0,444,,CB033CA2-FF30-4518-B607-5501C7D2D7F1,33,1,N,NULL
142001,Seq_Staging_BBRK.dtsx,A9838CED-6E9E-4464-8BDF-AC76D036BB77,,8,1,0,628,,AFFFD431-27C4-480F-8F60-D064F040DE4C,33,1,N,NULL
142011,Seq_Staging_BPS.dtsx,2576FEFD-5FE2-4B02-A2D6-804015B85BBE,,8,1,0,433,,A5808AA0-8D52-4F60-A97B-B23FA2C85F93,33,1,N,NULL
142029,Seq_Staging_NON_SAP.dtsx,4C2C2522-653D-4A56-B000-775138732347,,8,1,0,595,,71562681-167D-4D0A-BCC5-C5421D7B65F7,33,1,N,NULL
142014,Seq_Staging_NON_SAP_MANUAL_LOAD.dtsx,30B0C427-89E1-426F-9AC8-E52D465285CD,,8,1,0,446,,C952E7FF-B5C9-4D06-8CC3-0047F186647E,33,1,N,NULL
142024,Seq_Staging_NON_SAP_TMS.dtsx,CC3092FE-9A7C-4E83-B3C7-8E5650F45E09,,8,1,0,556,,1E4C00A4-0F0A-4C51-AE43-ADEAB46A1E28,33,1,N,NULL
142012,Seq_Staging_Power_Monitoring.dtsx,5107ADCC-81FF-4BDB-ADD8-7A01C943BA59,,8,1,0,139,,2CBA9E9F-B971-40AC-8F17-5381FE498E4F,33,1,N,NULL
142031,Seq_Staging_SAP.dtsx,E6AB49CB-A389-46CA-95CC-89978DDB5FDA,,8,1,0,1002,,005D2A2B-0FA4-45EC-9E0D-D70A8EC940C2,33,1,N,NULL
142036,Seq_Staging_SAP_EHP8.dtsx,BD682576-447D-417A-84E2-ED8414831803,,8,1,0,901,,793351A3-C0F9-4834-B995-AE125A790B61,33,1,N,NULL
142019,Seq_Staging_SAP_EHP8_BKPF.dtsx,E3D4A5E2-9E77-45E6-B95B-7F27E45A2249,,8,1,0,13,,60F41AC6-9CD4-4AA5-808C-C11240FD2F53,33,1,N,NULL
142020,Seq_Staging_SAP_EHP8_BSEG.dtsx,0482538B-C0D3-4B49-B25B-EF5AF6844B7E,,8,1,0,188,,520EF36D-4129-4139-97DB-41844D19F53E,33,1,N,NULL
142018,Seq_Staging_SAP_EHP8_BSID_BSAD.dtsx,F4A31463-0EAA-4110-9F41-5644E0E8DFEC,,8,1,0,193,,7B08312E-9930-4AF6-B0D4-C42CB9E45D3B,33,1,N,NULL
142016,Seq_Staging_SAP_EHP8_BSIK_BSAK.dtsx,F1240A5A-E20E-4A00-9536-B8EBC083AFAB,,8,1,0,28,,E4DB61A2-BBAB-4D91-B9DA-45120019D9ED,33,1,N,NULL
142017,Seq_Staging_SAP_EHP8_BSIS_BSAS.dtsx,ED6A7E81-56DE-47AA-9D39-3A788366E976,,8,1,0,188,,2665496F-3477-4125-9F86-CB027C7D1DD1,33,1,N,NULL
142022,Seq_Staging_SAP_EHP8_COBK.dtsx,EA69E049-3F63-4A7C-BAAE-F8828D29DC33,,8,1,0,194,,90C9DFB7-785A-42B2-A17F-EB04D135E7A2,33,1,N,NULL
142021,Seq_Staging_SAP_EHP8_COEP.dtsx,55E7A5B8-3570-44CD-9813-936D2288C537,,8,1,0,203,,968EB131-D0D9-4BAE-9C37-6D53A3C5F2FA,33,1,N,NULL
142013,Seq_Staging_SAP_EHP8_FAGLFLEXT.dtsx,32984A0B-E003-4A78-825B-9A1797E1CCA1,,8,1,0,185,,0433A34B-C632-491F-9619-235917A34DF2,33,1,N,NULL
142028,Seq_Staging_SAP_EHP8_SALDO_TREASURY.dtsx,0C9E39D0-833F-4B92-84E1-3374092E29D8,,8,1,0,741,,199BB166-8776-4C88-A7E7-F9DB358D484E,33,1,N,NULL
142027,Seq_Staging_SAP_EHP8_ZTA_STG_KSU5.dtsx,31176712-67A3-42A2-ACBA-812FC62A0B7C,,8,1,0,26,,C204F3B4-238B-4C39-9E0F-BD22E670BB5D,33,1,N,NULL
142023,Seq_Staging_SAP_EHP8_ZVT_MSEGPF.dtsx,2DD97ED2-70BF-4235-99D3-6AFBD0CE3D6A,,8,1,0,186,,74A78EED-509E-4EDD-BBAB-3EDE415B01B8,33,1,N,NULL
142008,Seq_Staging_SAP_SALDO_TREASURY.dtsx,C5359F15-5E7B-4575-A0C1-FA0E29DFE2C6,,8,1,0,713,,E40C5600-E50A-4674-A6FB-561C3A0079F6,33,1,N,NULL
142030,Seq_Staging_SIGAP.dtsx,193DA421-5940-41BE-84E0-EBECE4AA0919,,8,1,0,5,,8B67E4B8-0AFF-489E-9AD4-052E81665B11,33,1,N,NULL
142033,Seq_Staging_SPARTA 1.dtsx,4C39EC44-E92C-44D3-B7E1-DF6AA6B6E6DE,,8,1,0,852,,CA3A7873-42A7-45BC-B83B-957566B27145,33,1,N,NULL
142032,Seq_Staging_SPARTA TEST.dtsx,C3DDF752-59A7-4F38-927A-E094DE7FB955,,8,1,0,854,,9D2038FF-EF5B-421A-9247-03F3DBB7ED9E,33,1,N,NULL
142034,Seq_Staging_SPARTA.dtsx,4849AEFC-87D6-4086-84AE-720C866B8BA1,,8,1,0,853,,48C9BC72-68DA-40B0-A0E4-136F6881278C,33,1,N,NULL
142035,Seq_Staging_SPARTA_4T.dtsx,9D1A90CF-161A-4CDF-BCDC-6DEC63BF4587,,8,1,0,690,,042107D2-AA92-411E-A62F-09B6FEDE5B80,33,1,N,NULL
142010,Seq_Staging_SPARTA_QA.dtsx,49263709-872A-48B0-847C-9C688873EA59,,8,1,0,104,,74E81F19-7DF4-4987-B324-DF816E62995C,33,1,N,NULL
142025,Seq_Staging_WB.dtsx,32BE8949-9542-4221-AA67-4EF56A109572,,8,1,0,168,,EE67E922-33AA-485E-8FE9-C9EA7796B1ED,33,1,N,NULL
142003,STG_SAP_BSEG_BKPF.dtsx,4CC4D41E-CF2F-4DEB-BA29-3E6422CA9D3B,,8,1,0,263,,7F6FE317-8739-4158-805B-B52E7A324006,33,1,N,NULL
141999,STG_SAP_BSIS_BSAS.dtsx,4C7C9B2A-D4FA-4C37-9915-90AA4BCD5D2B,,8,1,0,4,,A8EBC266-3CA8-47B3-88A1-CC220848C46D,33,1,N,NULL
142004,STG_SAP_COBK 1.dtsx,7EF7BD91-83C4-4CBB-A226-A99B90A67DA7,,8,1,0,97,,3DC5CAC1-CE40-4C7F-A0D2-C8852FC4EC9F,33,1,N,NULL
142015,STG_SAP_COBK.dtsx,D8D1B411-8DE3-4295-B98E-930AD694F9AF,,8,1,0,115,,E50BFF5A-0CB0-4409-9EFA-156B7D5F7A33,33,1,N,NULL
136667,Fact_DP_Collection.dtsx,C7D1AA1B-1DC9-4AB8-9D19-128B39B216FD,,8,1,0,92,,A5687867-6043-429F-BEB6-A1025D265247,34,1,N,NULL
129677,Fact_Rekapitulasi.dtsx,5E7D068F-8716-41CE-BA43-44BC2DB637B4,,8,1,0,68,,0B6E003C-67F6-4D36-840A-F578CF586808,36,1,N,NULL
141832,Manual Upload.dtsx,D99470D7-164A-480D-98BD-7365BABACBBE,,8,1,0,8,,BE71F165-3331-4F66-B6A3-EE1956341A7A,41,1,N,NULL
141831,Segregation BACK UP.dtsx,A72C67F5-A3E9-4559-AC90-58A99A083EEC,,8,1,0,85,,49EAB33E-72B6-427C-B3C5-149B68079B14,41,1,N,NULL
141833,Segregation Mapping Budget.dtsx,155B0157-D509-4603-8ED5-03CEE5CD2149,,8,1,0,126,,38AD0950-443F-4215-BAEC-1C8A225EF59E,41,1,N,NULL
141835,Segregation.dtsx,1672FEFF-C43D-49D3-B0B4-ED0C2950C0CA,,8,1,0,179,,CC77DC1D-4208-4EF5-90F9-D2A27F870878,41,1,N,NULL
141834,Staging Segregation.dtsx,08000488-9B63-4982-B5F5-04935C0F2946,,8,1,0,8,,78BD1298-2ABF-4A1C-B919-105047F081B1,41,1,N,NULL
136660,DWH_STG_to_DWH_DM.dtsx,6393FDE0-2615-4702-A47C-A16623CFA4A5,,8,1,0,94,,FEEF6FAB-C545-4E16-8E6E-1F77B68DDB67,42,1,N,NULL
141072,Dim_Payment_Mapping.dtsx,7E3F10F6-7DDB-4B85-8C3A-84662F72BB62,,8,1,0,12,,6B6C0B70-0E20-47A2-B510-1B44DCE8C38E,43,1,N,NULL
141071,Fact_Payment.dtsx,85DC318E-F370-473C-AC0D-B140211C15D0,,8,1,0,53,,B8EEA31F-C642-4B45-B218-78355E0D0CD8,43,1,N,NULL
139644,AKTUAL_PEMAKAIAN_PUPUK.dtsx,FB005172-76FD-42BE-B264-1482C263209F,,8,1,0,97,,7DF69BAB-D703-4638-83FF-26CCCCB436ED,45,1,N,NULL
139645,MAPPING_BAHAN_PUPUK.dtsx,89778456-8946-4F47-B5C3-39F9E9859620,,8,1,0,11,,2E69FD8B-35A7-45AC-8E39-50491E849AE4,45,1,N,NULL
142064,DIM_FOR_FACT_MILL_COST.dtsx,735AC6DD-475D-47DC-B82D-579B6512CD08,,8,1,0,121,,F6648361-0691-4B6C-AB1C-D184CEFFF9EE,46,1,N,NULL
142065,FACT_MILL_COST.dtsx,4882B44D-95F7-40CB-AD3E-C149658266BD,,8,1,0,503,,4C0ABE3D-592B-49C0-B30D-DF0EF794CAF5,46,1,N,NULL
142063,FACT_MILL_COST_DASHBOARD.dtsx,61792F1B-E027-4BA8-970C-79D65E79D16E,,8,1,0,55,,C480320A-86B2-46D3-ADB0-82CC63EA9990,46,1,N,NULL
142062,INSERT_DATA_BUDGET_MILL_COST.dtsx,792608D5-E65F-4869-B900-B3A60DBBEEEC,,8,1,0,119,,D2DA5E90-A609-467A-8B42-DD970CE03674,46,1,N,NULL
142066,STG_FOR_DIM_MILL_COST.dtsx,46B58616-1109-4DBC-AC62-55C92E698FB2,,8,1,0,7,,CC34EE61-DA99-457D-8491-0248DE8B7353,46,1,N,NULL
129480,FACT_CIVIL_ENGINEERING.dtsx,29C62676-861D-4D5B-8C94-92BA3DD9BE71,,8,1,0,173,,18409A2F-2A78-4E09-822A-72870EFDC400,47,1,N,NULL
99025,Dashboard Payment Verification.dtsx,BBAA1849-78CE-47CE-8FD7-3D9EA7EB61F4,,8,1,0,22,,A0688D8B-0834-4D17-8CEB-7D66E736A20D,49,1,N,NULL
139341,AREAL_STATEMENT_PROPORSI_MANUAL_LOAD.dtsx,452F9495-44CE-48E3-95FF-81E71FA00E49,,8,1,0,24,,FA993321-5B1C-4E86-AF26-8A27B56795BE,52,1,N,NULL
139343,Fact_Pemakaian_Solar v2.dtsx,08A116BF-9E35-4082-B62D-B6DD5812FE0A,,8,1,0,287,,2ED2054B-E2CE-4B5D-B296-E3A9C0867A20,52,1,N,NULL
139339,Fact_Pemakaian_Solar.dtsx,38537D9D-390A-4079-8536-E2D086E8BBD6,,8,1,0,210,,9E6642B7-88D7-49DF-A15D-78C04E57B672,52,1,N,NULL
139342,Fact_Pemakaian_Solar_Inti.dtsx,38FD18DC-7880-4F1D-BDCD-52C13E81C245,,8,1,0,195,,0740DA06-FA44-40C3-8F97-7355C10AC260,52,1,N,NULL
139340,Master_Group_Solar.dtsx,2B50FEF7-B9A0-456C-B93B-4BE0FC6C13EB,,8,1,0,7,,CDAD0F52-7257-4325-9151-E4A89B72EB36,52,1,N,NULL
129477,Mapping SPKBAPP.dtsx,2CBF36E2-2995-4AE9-8C8B-6C5446E8ACFC,,8,1,0,10,,55E064AF-1C0B-44A8-A4DD-36341D18C91D,53,1,N,NULL
129478,Payment.dtsx,7017BFE9-32A9-460A-ABB6-56DF6A373119,,8,1,0,23,,387A61B4-3D21-4F7A-91B3-3E046F005312,53,1,N,NULL
129476,SPK_BAPP.dtsx,F6A71A5C-86C2-45B7-8707-71E1FD9F73C5,,8,1,0,78,,2F9D3A4A-80FA-40E0-8334-B7ED78729100,53,1,N,NULL
136823,BPS_SPB.dtsx,B944971D-D8D0-4E46-838E-84D63F0A393B,SSIS Package Description,8,1,0,151,,F550016B-3C68-4907-9222-95450E1F3158,54,1,N,NULL
136842,COAS.dtsx,5B210212-3B83-4660-A512-AEADFA613803,,8,1,0,4,,EC206B77-34FB-4F94-937C-3E4AF02F02B6,54,1,N,NULL
136827,DWH_BPS.dtsx,7D9C1FA4-3CE7-4E31-96D0-91BC6BF04F8F,SSIS Package Description,8,1,0,189,,8B8058E4-21FF-49D6-8A3F-A6AD8334D1AC,54,1,N,NULL
136836,DWH_BPS_YEAR Copy.dtsx,F9B632FA-5494-422A-9A36-2B49C9FF4523,SSIS Package Description,8,1,0,210,,C758E6A9-B4F6-41C2-898D-4A38DCEAF409,54,1,N,NULL
136840,DWH_BPS_YEAR.dtsx,8267EB8A-941C-4EB3-92AB-14776787E9ED,SSIS Package Description,8,1,0,229,,CB060AB5-58B2-4ADA-8077-0CFA46054A53,54,1,N,NULL
136834,DWH_COAS.dtsx,5452B300-D69C-4789-A6AF-A8A60367D073,,8,1,0,9,,CE14DF04-E793-4DF3-BA95-D49852D68A0B,54,1,N,NULL
136829,DWH_SAPByCompanyPeriod.dtsx,55B03315-E27F-4508-AB08-9A98F8E8216D,,8,1,0,44,,D63133A9-EE04-4B91-B3B6-EA8054699E42,54,1,N,NULL
136845,DWH_SMALLERTABLES.dtsx,CC37D719-0293-45F7-A6C4-35CF88A13F56,,8,1,0,296,,E0FB8BE7-E3A3-42DA-BE47-2D3C21951FE5,54,1,N,NULL
136839,DWH_ZVT_MSEGPF 1.dtsx,3A37D0CE-B60B-4F54-AA4C-419686AF2039,,8,1,0,171,,4B22E218-5067-47FF-A72F-C3E8F34F6249,54,1,N,NULL
136844,DWH_ZVT_MSEGPF 2.dtsx,8BF9DA0F-47DB-4B8A-B3F5-123129ED3A45,,8,1,0,205,,0C86119C-93B0-48CE-ACAD-F49487457F41,54,1,N,NULL
136835,DWH_ZVT_MSEGPF.dtsx,AE7EEEB6-E839-4505-8262-05CD6526A26C,,8,1,0,162,,698A9870-1BA9-479F-85C7-744067E271CC,54,1,N,NULL
136841,DWH-COEP 1.dtsx,1E0C88F4-9FC9-47C2-9040-C9DE052EFD2B,,8,1,0,280,,B0F5A907-6E2E-4CD2-98EA-5A1A672E2769,54,1,N,NULL
136846,DWH-COEP.dtsx,26F50C07-83B4-441D-89A7-0890227F5E82,,8,1,0,296,,A14B8ED4-0B32-4DD0-8E8C-C732AA439DC2,54,1,N,NULL
136831,DWH-COEPByMonth.dtsx,97270D59-A5F3-42F4-B27C-8D036548C9D4,,8,1,0,128,,5DEF4436-E9CD-4A76-8416-C7E18879FCF1,54,1,N,NULL
136833,DWH-COEPByMonth_SIMPLE.dtsx,F7F16F04-78B5-4FB6-A5EE-EA4A6821CAE0,,8,1,0,127,,77956C89-7CD5-40A4-BC1E-2F083C02250A,54,1,N,NULL
136843,DWH-COEPMonthlyNew.dtsx,4F8DC8DC-3D45-404D-8675-A7B153E3B811,,8,1,0,266,,A91A5070-2DE7-4A82-9060-DEEE5CD61088,54,1,N,NULL
136832,DWH-FS.dtsx,629EC061-EC6C-42A3-A388-0422C87A7D38,,8,1,0,10,,41C1A682-9DD0-4390-9EDD-E6C95255237F,54,1,N,NULL
136830,Package1.dtsx,D8A4EE0E-513B-44BF-86B7-0C372F007904,,8,1,0,2,,E91D1667-15C5-42F3-AD86-BBCF9814A2B0,54,1,N,NULL
136837,Package2.dtsx,6DD47ACA-4739-43D6-904C-86DAA92EFA96,,8,1,0,17,,42BCF644-CE7E-4BD3-8B54-E029870AE2BF,54,1,N,NULL
136838,Package3.dtsx,82EC68FE-A73E-49BE-A266-89E89A912CE3,,8,1,0,11,,DC3498DE-A071-466D-BC3F-5D72F2EA2F84,54,1,N,NULL
136826,SAP_AdhocByCompany.dtsx,BD2C30E0-3CF6-47E2-B666-D00D90D3DF9A,,8,1,0,34,,876992C7-5C30-4D6E-99D3-B5BC662C74B3,54,1,N,NULL
136828,SAP_FULL 1.dtsx,A299B024-FC97-4C62-B660-46D32DC6DBB0,,8,1,0,14,,79822E75-1DA7-47B2-B316-BAED0EF6B567,54,1,N,NULL
136825,SAP_FULL.dtsx,FA85031E-09D0-4B06-BA74-9FB4EF944CF5,,8,1,0,14,,3F07DA06-23FB-4812-9DAE-B47334892208,54,1,N,NULL
136824,SAP_INCREMENTAL.dtsx,BC3FFBB0-3F03-438F-8BDE-AE7A32E14053,,8,1,0,10,,5F121D06-E37C-4C39-8244-721F23B2A7E4,54,1,N,NULL
92354,Ap_Aging.dtsx,28504A23-887E-4CFA-9A67-18906BF7DF86,,8,1,0,3,,C030ECD8-ED94-4E1A-8D8A-5A5210B6C032,56,1,N,NULL
138203,DIM_PAYMENT.dtsx,17131438-CD3C-4CC8-9B42-1F20A2E8DDA0,,8,1,0,17,,02ECA23A-1EAF-402C-8BCD-F5515B144A95,57,1,N,NULL
138207,FACT_BALANCE_PAYMENT.dtsx,DEA5F945-23DE-492C-8711-D5297526379B,,8,1,0,21,,886AA561-F2D6-44C0-91EB-9DB8752158B8,57,1,N,NULL
138204,FACT_DETAIL_PAYMENT.dtsx,9981649F-0547-4F1A-8E6A-8E5273860349,,8,1,0,31,,4D4BEC8A-3EE0-48F6-A2CD-0497B481F35E,57,1,N,NULL
138205,FACT_OUTSTANDING_PAYMENT.dtsx,9CB7A4A5-2E4A-4FE7-9138-E25C0662AD4B,,8,1,0,26,,25440471-FE08-455F-9084-3DCDB9D0A7CE,57,1,N,NULL
138206,FACT_PERFORMANCE_PAYMENT.dtsx,A8BFF80C-4AFB-4B86-8948-C528CF9DBC05,,8,1,0,25,,F5DB54B7-6505-4CB9-B1F8-A3086C0A5E65,57,1,N,NULL
138202,FACT_SUMMARY_PAYMENT.dtsx,2844D6BD-1108-4D2E-8B7B-8A8946E4056C,,8,1,0,23,,620E61FF-A8D8-4C1F-8507-D10D0A733A15,57,1,N,NULL
138201,MAPPING_GROUP_PAYMENT.dtsx,767A8FD4-F26A-4059-BA11-E4A012CB1D1F,,8,1,0,15,,CDEC98F1-D273-455F-935B-E28C1F1CD3F5,57,1,N,NULL
138208,Package1.dtsx,1680879F-CCF0-4C51-B157-4889543BC374,,8,1,0,1,,4B971FAE-2CDE-4ACC-BFF3-D24A236983EA,57,1,N,NULL
141334,DWH_STG_to_DWH_DM.dtsx,D3CE280A-090C-46F6-9D20-1FD3581E308D,,8,1,0,168,,9E78190A-2E6A-4BE1-B2DB-07536F5E80CB,58,1,N,NULL
141333,SOURCE_to_DWH_STG.dtsx,B496F5FE-8D4D-43F3-A13A-BA19BF4D3984,,8,1,0,328,,1477FF9C-EA7E-43D1-9F31-EFA9BDD9EE1B,58,1,N,NULL
140631,FACT_RANKING_PAYROLL.dtsx,51751411-5CFC-4BE3-9A26-7D03E6BADE8D,,8,1,0,284,,96818095-7FF0-49CB-89DF-C8DBFA6FA22E,59,1,N,NULL
140630,MAPPING_RANKING_PARAM.dtsx,4EFE8DDE-E16B-4EC1-8436-F7964C71A9A0,,8,1,0,3,,0D8419DD-E2DA-4D3D-849A-4EC1DCC2FF8D,59,1,N,NULL
129972,Fact_GRIR.dtsx,6336FC5B-84DE-4618-927A-B0C4B91D60E0,,8,1,0,204,,BB90C491-181B-43A0-ABC2-3C1286C98BAD,60,1,N,NULL
129973,ZTABLE_GRIR_BC.dtsx,99F35512-EAFC-4850-BCD5-F15F344F191E,,8,1,0,9,,DB59466E-1504-4492-92EB-FA32EDF1D27F,60,1,N,NULL
94718,FACT_ESTATE_MILL_COST.dtsx,884E1125-EA3D-41AE-89D8-726D374E09CF,,8,1,0,182,,0463834F-FB50-4097-B6C1-1586AB6424BE,61,1,N,NULL
94717,INSERT_REPORT_LEVEL_ESTATE_MILL.dtsx,F6327268-BEA8-4FBC-968C-D391F4F6DCE6,,8,1,0,12,,5EFD6180-ED83-4FBC-A6E1-BA65C8DE6CDF,61,1,N,NULL
112177,Closing Ranking Payroll.dtsx,ED12B967-A4FC-4EF9-B81A-C75FC3D690DB,,8,1,0,69,,574E02AC-0E75-49BF-B810-070820CDADA8,63,1,N,NULL
112176,Payroll Final.dtsx,0BF2401A-92D7-4994-93A6-52809F0A3FC4,,8,1,0,24,,92C9C83A-8E0F-4DB0-A958-DF3D2717EC56,63,1,N,NULL
141418,COS_CE.dtsx,D63A88A1-21E5-43E2-B648-AFD07CD7464D,,8,1,0,112,,CDEEFBD2-204F-4625-8C0D-958C8AEF55A5,64,1,N,NULL
141415,PL_BS.dtsx,2EE31106-0FB9-4964-8290-2C052B73B8CB,,8,1,0,86,,EE6D2A41-A564-4605-ABE5-0F7C863E28D8,64,1,N,NULL
141414,PS_AS (Load data sebelum 2023).dtsx,E8F409C4-2A24-4D98-B624-EB379DCB0D97,,8,1,0,166,,A386E24E-7272-4B38-84C6-83D5AF9E7FFB,64,1,N,NULL
141417,PS_AS.dtsx,4BB521B3-3579-4487-AD5F-263F8B174C8C,,8,1,0,187,,33E2D6D5-9DAA-4E31-993C-959845F1C3EF,64,1,N,NULL
141416,RATIO_QS.dtsx,71EB6566-AC2D-44A4-BFE7-9E344D1E3E11,,8,1,0,94,,825CA0C5-EDB7-43E1-8B56-F1F84109C044,64,1,N,NULL
141413,Upload_IR.dtsx,E39BB3A1-1003-4FAA-85DA-50CD953A5815,,8,1,0,40,,5817DC43-7B13-443B-AB98-3FF6CD220EAC,64,1,N,NULL
139553,DIMENSI_REALIASI_VS_ANGGARAN_HO.dtsx,A03EF996-F3DC-4ABE-BC7E-D90D4E30167D,,8,1,0,44,,F2D47946-9B5E-41CB-8DB0-A6BFE0076C1E,65,1,N,NULL
139556,FACT_REALISASI_VS_ANGGARAN_HO.dtsx,39EA6E12-B556-4BC5-B8AD-939A4BCD16F7,,8,1,0,325,,5EB7E8CB-C194-4915-BFDC-1A82B5AC2C19,65,1,N,NULL
139552,FACT_REALISASI_VS_ANGGARAN_HO_Backup.dtsx,0018D3BA-F91A-42AE-B903-A1277D0EC399,,8,1,0,212,,EE4A0BE1-263C-4D9D-8E5B-DE4605826A68,65,1,N,NULL
139555,INSERT MAPPING.dtsx,B4A8CB26-0ADE-4811-967E-1EC3C99D5577,,8,1,0,114,,53EAE374-C6B2-4C00-9DC0-6CA58D01F528,65,1,N,NULL
139554,UPLOAD_PTAB_RELOKASI_COP.dtsx,E1BFDC13-77E0-4691-8EA3-D214297EFB6E,,8,1,0,200,,E719D20E-E5EE-440F-8080-3C465795AA7B,65,1,N,NULL
139799,FACT_SALDO_AKHIR_BULAN.dtsx,EF059AC2-40FA-46FB-BE60-E418987DE723,,8,1,0,201,,EE3CB067-1748-432F-B2E1-86A7EE1BAFB1,66,1,N,NULL
139800,FACT_SALDO_HARIAN.dtsx,A8A5490E-5AF5-4074-8676-E188B39F625C,,8,1,0,152,,170CDC0F-C1B0-4572-9A28-950C0664F93C,66,1,N,NULL
139798,MAPPING_SALDO.dtsx,57D00415-3D75-47E2-80C5-D3510B600B97,,8,1,0,27,,E410331F-BF3D-4C83-B1E9-98948336E092,66,1,N,NULL
139704,FACT_INVESTASI_BIAYA_TANAMAN.dtsx,15D4C657-70E9-4983-92B4-3AFD9381C665,,8,1,0,29,,F08D63AA-8B6B-4D39-A151-403D374582E4,67,1,N,NULL
139707,FACT_LKK 1.dtsx,57C345C4-7F33-43DA-B674-4BD6C259DD0C,,8,1,0,415,,99DD6726-9A35-451C-BAD2-0B1C0E513030,67,1,N,NULL
139708,FACT_LKK 2.dtsx,D8DF0FB9-09CF-445D-8540-FFFD3488ABB4,,8,1,0,459,,AE91FC01-FFC6-4BED-BF8E-BCADD243ED8A,67,1,N,NULL
139709,FACT_LKK.dtsx,60B5B367-0CFF-439E-846A-2F678FA0440B,,8,1,0,528,,25CC9A9C-A262-4116-9528-8FB9680142C8,67,1,N,NULL
139706,FACT_LKK_BIAYA_UPAH_PANEN_PENGENDALIAN_GULMA.dtsx,5B6B2F49-D022-4889-BA50-06F191549F99,,8,1,0,12,,75860CA1-0C1B-4ABE-A29A-214F6A35CD08,67,1,N,NULL
139705,FEED_DATA.dtsx,17306EC4-AFC2-4BAD-A3FD-95B2CC6996C8,,8,1,0,85,,F583B999-471E-4FB2-B221-DB493874C8E2,67,1,N,NULL
139703,INSERT_MAPPING_BIAYA_TANAMAN.dtsx,132ADE14-5294-40A2-B5CC-B974A006F616,,8,1,0,274,,93EB14C8-1158-4D2D-9E1A-3A53F5BB7C8D,67,1,N,NULL
129569,DWH_DIM_COMPANY.dtsx,44FCD26D-7DD7-4202-8FFE-4CE87FC1CC23,,8,1,0,2,,280F8D5D-857E-4AD3-BA84-9147213D70C2,68,1,N,NULL
129586,DWH_DIM_LEVEL_BS.dtsx,4E59D7EA-6582-48A6-B5CA-29B2A7DAD8F7,,8,1,0,44,,21B51DA5-CAB1-4F55-8642-6101636F69A0,68,1,N,NULL
129570,DWH_DIM_LEVEL_PL.dtsx,C1D94873-ACD0-4119-8C82-CCA2907FF3BE,,8,1,0,24,,DEFB34F9-7B13-42FF-9D4F-C3B8CF47DC91,68,1,N,NULL
129587,DWH_DIM_SUB_LEVEL_BS.dtsx,DC486A2F-9ADA-485D-8792-07C174182AFD,,8,1,0,56,,1634857A-DEF8-473D-B048-73F6B40D4685,68,1,N,NULL
129601,DWH_FACT_FS_BALL.dtsx,66AA2D5E-3C3A-4063-915D-FF55E27DCD08,,8,1,0,96,,E4D98BC0-B6E6-461C-B133-BBD5EAA88503,68,1,N,NULL
129595,DWH_FACT_FS_BS_Additions.dtsx,8F281D77-AF38-4E3F-AB67-CB1419F69B2E,,8,1,0,13,,F5C8A324-36C3-4F17-8808-FC2A643A203F,68,1,N,NULL
129588,DWH_FACT_FS_BS_BSIK_BSID_BSAK_BSAD_Looping.dtsx,C2E24268-50D4-41CE-BE96-B3D1FAF690DA,,8,1,0,69,,478B4F92-BE2C-4B42-A194-D81DD950E7BF,68,1,N,NULL
129609,DWH_FACT_FS_BS_Excel_Manual_Upload 1.dtsx,4494B0C2-B396-4BF3-8BD2-219827864342,,8,1,0,84,,D08DC52F-44FB-4F77-8DBB-A0CDE10FBAEF,68,1,N,NULL
129592,DWH_FACT_FS_BS_Excel_Manual_Upload.dtsx,2A6B9393-B1F1-4D34-9A4B-3E84F0D90ED8,,8,1,0,77,,024ACDCA-1C30-4FCE-867F-F2CDD8B88F84,68,1,N,NULL
129590,DWH_FACT_FS_BS_FAGLFLEXT.dtsx,98AADACC-604D-4891-BC09-DC0E5F46F46F,,8,1,0,120,,FC2EC826-C704-4DA1-AFA2-CB134993A6E1,68,1,N,NULL
129591,DWH_FACT_FS_BS_FAGLFLEXT_V2.dtsx,9450DC0B-9F49-411D-A68D-58194674A622,,8,1,0,141,,325BE1C9-D857-4C1C-A082-CE6CF5FCC4CE,68,1,N,NULL
129594,DWH_FACT_FS_BS_FAGLFLEXT_V3.dtsx,C9D4EB34-B581-497B-B816-615E09E65E78,,8,1,0,165,,F5E9A45D-64D0-4F0A-BEF7-3928BFC24530,68,1,N,NULL
129600,DWH_FACT_FS_BS_LIABILITIES_STOCK_HOLDERS_EQUITY.dtsx,FA98ECC4-FAEB-48CE-802A-4475066429DC,,8,1,0,89,,0A74112E-22BD-4E49-AC7B-21B0A3F0BEA1,68,1,N,NULL
129593,DWH_FACT_FS_BS_MR_DWH_ReportFact.dtsx,5781086A-8A8B-42BB-B23E-B0F37A52C9F3,,8,1,0,137,,4C6E0E09-0221-40CE-8ECE-DC6CFAA5900A,68,1,N,NULL
129596,DWH_FACT_FS_BS_SUMMARIZE.dtsx,C637E322-8236-4964-9841-A3B88987B0BA,,8,1,0,86,,0642A023-76B1-489C-8D0C-61FA3E6AB46D,68,1,N,NULL
129597,DWH_FACT_FS_BS_SUMMARIZE_V2.dtsx,BD821E4C-1A74-4878-8C43-79440F9796E2,,8,1,0,101,,D90AAC92-5BC4-439C-AEDC-6CE14313A715,68,1,N,NULL
129598,DWH_FACT_FS_BS_SUMMARIZE_V3.dtsx,C8CB833A-156C-4202-ADE7-45BB67833200,,8,1,0,93,,CDE2E96C-5A9A-4CBA-9CF7-E4796C18DAD4,68,1,N,NULL
129599,DWH_FACT_FS_BS_SUMMARIZE_V4.dtsx,E628082E-79A6-48C4-A482-01ECD269FA72,,8,1,0,86,,7D78A8BF-207F-4403-A690-25E2AB3C4543,68,1,N,NULL
129573,DWH_FACT_FS_PL_BSIS_BSID_BSAD.dtsx,C2E86183-5296-442C-B83A-37CAF63BA9B5,,8,1,0,73,,9E143845-3CCF-4C48-A2EE-0DBC0A332AE7,68,1,N,NULL
129574,DWH_FACT_FS_PL_BSIS_BSID_BSAD_KNA.dtsx,E3E685DA-CD44-49F1-8F6B-7E3891DA4F6E,,8,1,0,73,,E12600C5-9B17-45D7-81DD-26198B8105C1,68,1,N,NULL
129576,DWH_FACT_FS_PL_COEP.dtsx,1CEAFDD7-9066-4211-AF35-D70DF4069D5B,,8,1,0,88,,D1A9CBC2-9A3D-47A2-90DE-089D5017CBE6,68,1,N,NULL
129582,DWH_FACT_FS_PL_Cost of Goods Manufactured.dtsx,BFD48CA8-3ACF-467A-A54B-5C35BE9278A7,,8,1,0,73,,61445A86-3BFC-4956-94DD-BB71B9F4D6B1,68,1,N,NULL
129575,DWH_FACT_FS_PL_FAGLFLEXT.dtsx,0A86FBE1-2DB0-4CDC-9BB8-7EE73C34C3F8,,8,1,0,51,,519EB173-69F5-4BE3-B7FB-0963C8DE4797,68,1,N,NULL
129583,DWH_FACT_FS_PL_Gross_Profit.dtsx,EAAB16EE-6EFD-4D85-B617-8EFF83AACE9E,,8,1,0,80,,230F1526-EFA6-409F-A890-4651CEB723C7,68,1,N,NULL
129577,DWH_FACT_FS_PL_MR_DWH_ReportDetailFact.dtsx,5E6522F1-B56F-4E6D-AF04-D6B4326E00BE,,8,1,0,50,,B7E2785F-514E-4A01-B879-29B85873E398,68,1,N,NULL
129579,DWH_FACT_FS_PL_MR_DWH_ReportDetailFact_Administrative.dtsx,78B4A1BD-E77F-43D7-A1F7-1F13B75D0075,,8,1,0,109,,BA5398D6-AEE2-496B-8E1C-73FC12DEAE69,68,1,N,NULL
129580,DWH_FACT_FS_PL_MR_DWH_ReportFact.dtsx,CBC61F60-6135-48E5-9A76-8C2D478E9525,,8,1,0,129,,25C01735-A7F0-401A-8143-44C9688FAD09,68,1,N,NULL
129584,DWH_FACT_FS_PL_Operating Expense_Income.dtsx,125EEE0B-AE6F-4ADA-995A-DBC2E2F59C14,,8,1,0,84,,C0187718-2EAA-44F5-8E3E-C16235DD3D81,68,1,N,NULL
129585,DWH_FACT_FS_PL_SUMMARIZE.dtsx,A633A830-C9D4-4512-91B6-A6A049EF6E1E,,8,1,0,81,,F0752AD8-9362-4C36-BD68-34025E6B8642,68,1,N,NULL
129571,DWH_FACT_FS_PL_ZTA_MMR_SD003R.dtsx,FE9F33AF-E5BE-45F9-962E-E4E263D5B09F,,8,1,0,49,,AD88D7E6-A974-4875-B033-EED3A1D555B6,68,1,N,NULL
129572,DWH_FACT_FS_PL_ZTA_MMR_SD003R_KNA.dtsx,2A00118C-E569-4782-88BF-DC3D8DB8B012,,8,1,0,42,,4EBD46A5-F89C-40BD-AFF8-5586A3B16299,68,1,N,NULL
129578,DWH_Pre_FACT_FS_PL_MR_DWH_ReportDetailFact_Administrative.dtsx,AED1CCC8-40AB-462D-885D-13E21FC6EAB7,,8,1,0,95,,F3E92A77-020E-4127-B13B-D794D1EEFA24,68,1,N,NULL
129589,Group_Pipeline_Fact_FS_BS.dtsx,3A0AF2DD-CD48-425B-8976-2377AE3DD7AA,,8,1,0,47,,4DC0172E-D99B-4FB0-90B6-297C2F75729F,68,1,N,NULL
129602,Group_Pipeline_Fact_FS_BS_FAGLFLEXT.dtsx,B8D64B3B-54ED-447B-A1B9-D3923DE320B6,,8,1,0,48,,901E3F9E-4ABB-4DF1-AEF2-282BFBB50DBB,68,1,N,NULL
129604,Group_Pipeline_Fact_FS_BS_SUMMARIZE.dtsx,44C9AF50-CF8F-44EC-8826-3C197CEDB957,,8,1,0,47,,21455050-B5DB-4066-AEE4-619ACF122E3D,68,1,N,NULL
129603,Group_Pipeline_Fact_FS_Manual Excel - MR.dtsx,C7DE4987-49E9-47E2-9FF5-9A02940E0060,,8,1,0,47,,FAB01EE2-26CD-49AF-A116-9F4DACE20BA3,68,1,N,NULL
129581,Group_Pipeline_Fact_FS_PL.dtsx,81B25F28-8A9D-4EC9-BD95-2E03C7C64A50,,8,1,0,20,,0509C4AB-E0D2-40C4-9D6B-612B52A6386A,68,1,N,NULL
129606,Group_Pipeline_Fact_FS_PL_COEP_FAGLFLEXT.dtsx,2B3A4619-76C6-41DC-BFDD-EAA31ADB889E,,8,1,0,19,,20742E9C-4566-4C4F-BE83-46EC7CC3E502,68,1,N,NULL
129607,Group_Pipeline_Fact_FS_PL_MR_Report.dtsx,44DEC102-A49D-4314-A97F-DD59CCED91BC,,8,1,0,28,,7BD32F9A-5F08-404E-B5EE-2D04342232D4,68,1,N,NULL
129608,Group_Pipeline_Fact_FS_PL_Summarized.dtsx,9D1DB4B1-308D-4970-80F5-75C28DBA77F1,,8,1,0,18,,DA331A1E-06CE-4945-B166-2730CB5DAC9C,68,1,N,NULL
129605,Group_Pipeline_Fact_FS_PL_ZTA_MMR_SD003R - BSIS-BSAD-BSID.dtsx,09C2918B-5BF0-4E10-87FE-495A851EB770,,8,1,0,23,,925C8C4E-5D6C-408E-B080-224948DD02ED,68,1,N,NULL
137793,Package1.dtsx,142FF505-CDC3-4146-9FEB-3487514B0875,,8,1,0,21,,3E629B0A-9E07-4DD1-A8FC-8593AD2FDA1A,70,1,N,NULL
137789,RPS - ZMM_PRPOGR_FRC.dtsx,8BFD10E5-7698-4403-B3E1-99EDBD2E5335,,8,1,0,57,,4299BF3D-3D9F-483E-8255-2A5EB32F1F88,70,1,N,NULL
137801,Seq_BKPF.dtsx,F72D89A0-D2B2-4374-86E2-C2193ED6FEAE,,8,1,0,278,,038A2A95-48FD-405A-BA5D-D0A8D1FA059C,70,1,N,NULL
137802,Seq_BSEG.dtsx,4CC4D41E-CF2F-4DEB-BA29-3E6422CA9D3B,,8,1,0,268,,C918DBEA-15FC-48FD-83BA-F03BB23C9A08,70,1,N,NULL
137796,Seq_BSID_BSAD.dtsx,F3BBC847-72ED-4C5C-A7F8-88F31BE7F835,,8,1,0,53,,C79B2AAC-3778-4485-AFB1-1FC4E22A2A36,70,1,N,NULL
137795,Seq_BSIK_BSAK.dtsx,74781A48-9EE6-48D3-BAD4-9CBB3FE8A303,,8,1,0,40,,CAD3F5AA-35A3-46C2-8D21-BB5C02C0507D,70,1,N,NULL
137794,Seq_BSIS_BSAS.dtsx,60A5BEF0-17D2-424A-AE9C-9FB61F02596A,,8,1,0,52,,015F71A0-AF6E-4070-A7DA-219C4D091D3B,70,1,N,NULL
137790,Seq_Repository.dtsx,DD69F1BF-A179-411F-A7A1-076C847DD22E,,8,1,0,435,,D81B1472-9C25-4A88-8BAC-5F872AD167E7,70,1,N,NULL
137799,Seq_Staging_BPS.dtsx,2576FEFD-5FE2-4B02-A2D6-804015B85BBE,,8,1,0,440,,0D275234-5467-4EEA-9FF3-3AD5888AA2BB,70,1,N,NULL
137798,Seq_Staging_BPS_Old.dtsx,ECE83CC6-C112-4829-8800-11580FAD015D,,8,1,0,286,,C22A683D-19A9-435C-8687-CC686860ED75,70,1,N,NULL
137797,Seq_Staging_BPS_Old_Kendawangan.dtsx,A3E2008F-DBB0-4C49-8304-262FD72DC7B0,,8,1,0,281,,277C293F-AFA8-4534-92EE-8AC9DC8605AA,70,1,N,NULL
137788,Seq_Staging_NON_SAP.dtsx,309F9020-CDCD-4624-852E-366BF6398507,,8,1,0,497,,EBDADA0F-A70C-4A10-9841-796FD57AF02C,70,1,N,NULL
137805,Seq_Staging_NON_SAP_MANUAL_LOAD.dtsx,30B0C427-89E1-426F-9AC8-E52D465285CD,,8,1,0,454,,9D68F291-A40E-40BF-B127-E2F4006B2566,70,1,N,NULL
137787,Seq_Staging_SAP.dtsx,E6AB49CB-A389-46CA-95CC-89978DDB5FDA,,8,1,0,976,,A86E70F2-1C63-4203-AD85-608010633807,70,1,N,NULL
137800,Seq_Staging_SAP_SALDO_TREASURY.dtsx,C5359F15-5E7B-4575-A0C1-FA0E29DFE2C6,,8,1,0,711,,90841C58-7D34-4BC9-9D89-B8D1632A5FB0,70,1,N,NULL
137792,Seq_Staging_SPARTA.dtsx,40D3138B-45A8-4F88-86C5-36AE0E19CEAA,,8,1,0,588,,7B16A371-FA0F-4CAA-A30B-C842AFCBB30B,70,1,N,NULL
137803,Seq_Staging_SPARTA_4T.dtsx,9D1A90CF-161A-4CDF-BCDC-6DEC63BF4587,,8,1,0,605,,CC578305-ED60-4593-90F2-970DA473222E,70,1,N,NULL
137804,Seq_Staging_WB.dtsx,32BE8949-9542-4221-AA67-4EF56A109572,,8,1,0,103,,872E0DE5-85F8-4E19-AE59-1FD23FE17EF8,70,1,N,NULL
137791,STG_SAP_COBK.dtsx,D8D1B411-8DE3-4295-B98E-930AD694F9AF,,8,1,0,99,,034C4E46-A266-40B6-A075-0038E0C22373,70,1,N,NULL
129330,FACT_DAILY_OPR.dtsx,D2F46CA4-8409-4880-9A1E-4A25C01447AF,,8,1,0,155,,15067682-A3F3-4E27-BDA6-5F48A86C5447,71,1,N,NULL
129332,FACT_DAILY_OPR_FFB.dtsx,EC28DB7D-3339-4F0E-8942-8EA57DDE7C9E,,8,1,0,151,,73AB00B2-4B37-4F7E-99F1-5ABB82759CE9,71,1,N,NULL
129331,MAPPING_SORTING.dtsx,1BAF9626-3B23-4AF6-A747-2C09D73C2D10,,8,1,0,4,,A4C2D2C5-6695-4B22-A0F6-2105AB38F7E6,71,1,N,NULL
129333,MAPPING_USER.dtsx,1A9268D0-2815-420F-83AD-BD12F3C624D8,,8,1,0,10,,CB0BEF54-D929-4A73-9486-D77D7FDEAE6F,71,1,N,NULL
141436,DIM_TAX_PAYMENT.dtsx,428C70D0-04B0-4CDF-A606-4366164DE0C4,,8,1,0,5,,D6F5BDAD-7A7A-4DC8-B0F5-B72E9FA8F64E,72,1,N,NULL
141438,DIM_TAX_PPH21.dtsx,0DC3B9C2-C72F-4C12-877C-C83115A23CFA,,8,1,0,6,,8DBA114A-3ADE-4AB8-AC44-4381631E8E51,72,1,N,NULL
141432,DIM_TAX_UNFIKASI.dtsx,B9B4BFCF-9794-41B3-8103-36B88096F403,,8,1,0,5,,54860A1E-179E-4801-9AF6-27C07DF8115F,72,1,N,NULL
141430,FACT_DJP.dtsx,21B48481-1E9F-4E5F-B685-F5CF7081FC33,,8,1,0,89,,E11E3849-3984-40F9-89DC-ACD7500FF96F,72,1,N,NULL
141433,FACT_PPH_ANNUAL.dtsx,996C1343-95A1-4614-8905-818BFFFA77D9,,8,1,0,162,,79543E06-5967-41BB-8E64-568BE56DD1AD,72,1,N,NULL
141434,FACT_PPH_ANNUAL_SPLIT.dtsx,F7BFBBBD-425A-47A3-8AD5-CB9BB280B545,,8,1,0,163,,A8587240-BCB5-4F02-AEA2-FEB60F9C1073,72,1,N,NULL
141437,FACT_PPH21.dtsx,44F6897D-957F-49F9-9FF6-AA5FD7865596,,8,1,0,134,,6F84A428-E707-412B-ABDA-5AA6749E3C01,72,1,N,NULL
141435,FACT_TAX_PAYMENT.dtsx,D641172C-7E7C-44A9-A756-52208397EDE0,,8,1,0,40,,E5095487-00FC-4095-8F7F-6828C50C1493,72,1,N,NULL
141431,FACT_UNIFIKASI.dtsx,AA145ACA-ED22-44ED-BEED-C51F4DCEBD9C,,8,1,0,88,,F574A6A6-7A9D-4705-B0F5-9255E9D9BA4A,72,1,N,NULL
136719,FACT_UANG_MUKA.dtsx,F453F324-33D1-482F-B495-7F43C8928507,,8,1,0,49,,62609398-51C7-462C-A240-75AF29C19FCF,73,1,N,NULL
130075,FACT_RELOCATION_BUDGET.dtsx,8FDC12F4-1961-47B5-8BF3-4BEFC0876C02,,8,1,0,190,,32878FA7-5319-447D-B086-B9C13E7D302F,74,1,N,NULL
130074,FACT_RELOCATION_BUDGET_OLD.dtsx,A906D0A5-6893-475B-AB9B-D964006B6341,,8,1,0,314,,27079682-4806-473D-9B28-B7269BE865CF,74,1,N,NULL
130073,Repository_Relocation_Budget.dtsx,90C182E6-A5A5-4367-A05B-DE7C837E5CE3,,8,1,0,423,,A7013FE2-928A-414D-B777-D6B2118F0D45,74,1,N,NULL
130076,Staging_Relocation_Budget.dtsx,79E7E6FB-C224-46C4-9CF8-602BE74A9AF0,,8,1,0,25,,ECF45A9F-ED9F-4357-98A4-E4C03625B5E8,74,1,N,NULL
127773,DWH_DIM_BEARER_PLANT.dtsx,413942D0-842F-4B19-B7B2-FE8F311497AA,,8,1,0,35,,8448EB0E-44E8-4F07-A336-8AC77E676125,75,1,N,NULL
127779,DWH_FACT_BEARER_PLANT_SUMMARIZE.dtsx,A27E33B6-2F3B-4174-86E2-6DDCB5BB3149,,8,1,0,23,,0E8985FF-86C3-474D-8477-9E86D7FD7328,75,1,N,NULL
127780,DWH_FACT_BEARER_PLANT_SUMMARIZE_Excel.dtsx,416D132E-BBB5-4CE3-9BB2-649A2204696A,,8,1,0,169,,91FA9EA3-6DC5-4118-B9FF-F5E8CB5B177C,75,1,N,NULL
127775,DWH_FACT_BP_COEP.dtsx,FCF76A8A-13FE-4FD6-8BE9-DFD5515362FE,,8,1,0,16,,190F90E2-04B0-46C7-877E-CB36D5B48264,75,1,N,NULL
127777,DWH_FACT_BP_Excel_Manual_Upload.dtsx,4E49EBB9-AF2C-478C-AD59-661FF99DF7C1,,8,1,0,150,,66E45D82-0514-4755-8617-0A3D554D4610,75,1,N,NULL
127776,DWH_FACT_BP_Excel_Manual_Upload_Initial.dtsx,199A139E-96F9-4DE5-A326-8EA1FBBD347A,,8,1,0,145,,50E4D8AD-ED3B-4F67-AFEF-D95C658769B8,75,1,N,NULL
127774,DWH_FACT_BP_FAGLFLEXT.dtsx,50A3A4E0-DEE4-48DC-A8D9-47A775A1F973,,8,1,0,89,,4B34554A-ADCA-4AE4-B0CC-2BE1C07CF63B,75,1,N,NULL
127781,DWH_FACT_BP_FAGLFLEXT_Initial.dtsx,D954F24D-C9B5-4C1F-92D0-A924C08BEAA8,,8,1,0,87,,61F3BE09-E491-48F0-9222-C0F3B89E1AA4,75,1,N,NULL
127782,DWH_FACT_BP_ZVT_MSEGPF.dtsx,EABDFAE4-771C-4065-9991-21741CC71B39,,8,1,0,79,,81BE970D-2782-4DB0-84B4-EA70715781BD,75,1,N,NULL
127784,Generate MTD.dtsx,A5D947D7-F638-4027-84E7-3FD6E3A21337,,8,1,0,4,,83CA4B37-F883-4F2C-B9E0-9EC50F4969F3,75,1,N,NULL
127783,Generate YTD.dtsx,6DB60177-0FCF-481D-A4A1-FAEA08489912,,8,1,0,2,,AE922996-1236-4CB4-B71A-CBFB72083CCF,75,1,N,NULL
127778,Group_Pipeline_Fact_Bearer_Plant.dtsx,5DAD9307-B3EA-4E89-A763-6F544270281B,,8,1,0,10,,8DE4AA4A-E47A-448B-979F-E5805F172663,75,1,N,NULL
141206,DIM_ABSENSI.dtsx,4F17D20D-3E7C-464A-B87B-4D3868DAD90C,,8,1,0,5,,B865BBE0-097F-4777-BF71-69FB61887947,76,1,N,NULL
141203,FACT_ALOKASI_DAN_ABSENSI_HK.dtsx,2412FDE3-80BA-4C22-96D4-B6A8B9CFC81A,,8,1,0,152,,A7D2EC51-55E1-4FCE-B1E7-630E2F01E0EA,76,1,N,NULL
141205,FACT_PUSINGAN_PANEN_DAN_RAWAT.dtsx,81A3E231-1117-42FA-A6A0-07E0C1AB9A49,,8,1,0,89,,A35F187E-C941-43DE-856F-94ECFAC03AA8,76,1,N,NULL
141204,MAPPING_ALOKASI_DAN_ABSENSI_HK.dtsx,9555A0B2-F039-4FF2-B94B-1D569B6C4532,,8,1,0,1,,911CD2A9-941E-49B9-AD9F-B567CF3EBF7C,76,1,N,NULL
141421,FACT_COST_ELEMENT.dtsx,64F462DD-74C1-479B-A2CD-6DA16C80D9C5,,8,1,0,209,,DF3C0E34-CCA7-4F13-8884-4E6455FC49E7,78,1,N,NULL
141422,FACT_COST_ELEMENT_RATE.dtsx,A965647E-A25B-4629-8E36-68341527E622,,8,1,0,120,,C1237EFE-15B6-4E8D-8755-A09C01CD5C1E,78,1,N,NULL
141420,INSERT MAPPING.dtsx,C36D04F6-1111-4755-94A8-559504007AC3,,8,1,0,14,,C0AEAB79-5C24-4830-9A62-4F273124DFEA,78,1,N,NULL
132011,FACT_INTERNAL_AUDIT.dtsx,2321B656-6ECD-46C2-9C96-9FE9E033E9B0,,8,1,0,58,,B86E8419-EB4F-4832-BEEB-5362A45158DC,79,1,N,NULL
132012,MAPPING_AUDIT.dtsx,07A30E85-021B-48A4-B8D6-C63AEFDBCD17,,8,1,0,2,,412BE070-D597-419C-A2C3-2366254ABB44,79,1,N,NULL
138760,FACT_AREAL_STATEMENT_BLOCK.dtsx,C65DDA4D-417C-44A3-8F7B-5366FA0B328C,,8,1,0,32,,CC5A3160-7214-4FAF-A60C-816338722872,80,1,N,NULL
138761,FACT_DD_HARVESTING_MANAGEMENT_DTL.dtsx,B7C79F52-6763-4688-9C1F-59E82DF4B44A,,8,1,0,315,,5AE1067A-BDB9-474C-A1B2-6790BA4643DE,80,1,N,NULL
138762,FACT_DD_SUMMARY.dtsx,01FB4B41-99F1-4AAE-93B2-2E915EE25168,,8,1,0,32,,3BEBBF7A-0889-4B0E-8446-0E84BE9A4392,80,1,N,NULL
138764,FACT_DD_TBS.dtsx,D65CD9A4-8DCD-4DBB-B68F-57285A229C57,,8,1,0,282,,4F9AA944-3AFB-4977-BF40-F64DE47DA050,80,1,N,NULL
138759,STG_DAILY_DASHBOARD.dtsx,63933DC6-C5F8-413D-8FBC-5C0F389B9B21,,8,1,0,17,,8B7DD92E-F54B-4BB0-B2A6-E85EF523F3E6,80,1,N,NULL
138758,STG_HARVESTING_MANAGEMENT.dtsx,06115FC2-4CA2-4FB0-ADED-048B314E5080,,8,1,0,28,,93C05D3C-5082-4DC7-A85E-F3E703B323B0,80,1,N,NULL
138763,STG_OPERATIONAL_HOLIDAY.dtsx,C455B221-668D-4DFF-8CBE-347450EE4BBE,,8,1,0,15,,C0DA9B1D-8EBE-4DC0-886A-10DB8C5CE43D,80,1,N,NULL
138765,STG_TBS_EXTERNAL.dtsx,8F29605D-8271-4819-B419-E7D9DD4ED8C0,,8,1,0,12,,188910C5-4450-42D1-AFA2-623EDA0F8D63,80,1,N,NULL
141290,DIMENSI_SPARTA.dtsx,82C95882-ED59-45FA-A269-2BCB34355334,,8,1,0,406,,D16BF3E1-4CA3-4886-BD69-F1600BC4A819,81,1,N,NULL
141286,FACT_SPARTA_FISIK_PREMI.dtsx,7121D1DA-7F6B-4AE2-BCB5-48016CC736F0,,8,1,0,10,,72CAF918-F17D-43EF-BCBA-EF6EC796489F,81,1,N,NULL
141284,FACT_SPARTA_LHA.dtsx,5A222D6B-B7D8-485E-9835-53493D745795,,8,1,0,342,,DCE70480-1C67-4FC2-9DFD-04059E4D87DA,81,1,N,NULL
141289,FACT_SPARTA_LHA_NEW.dtsx,A418B627-8F60-445F-A1C9-41094AD29917,,8,1,0,526,,C2B13537-EDE6-424B-914F-E99DC55CB394,81,1,N,NULL
141287,FACT_SPARTA_LHA_NEW_BACKUP.dtsx,B7AFB8AE-E1B3-4DDC-A6F1-8CC13C3BFB44,,8,1,0,518,,563D599D-127D-408C-A0A0-CB601606A529,81,1,N,NULL
141285,FACT_SPARTA_MONITORING_INPUT.dtsx,1BE2042D-8B25-43C3-A61D-A3A919E96E42,,8,1,0,25,,ACBEBA92-039F-438D-9EDC-32520280C7D2,81,1,N,NULL
141288,FACT_SPARTA_PAYROLL.dtsx,9FE3FE7A-8F6A-403A-A728-457F8080607A,,8,1,0,459,,5AA5C087-1315-48F6-8283-3858942C807B,81,1,N,NULL
128466,DIMENSI_FOR_FACT_PAYROLL.dtsx,7A1A6AAF-5F22-4C93-9AC6-716688486B45,,8,1,0,20,,4E3459FE-780E-4F49-B9F4-A6F8330188EE,82,1,N,NULL
128468,FACT_PAYROLL.dtsx,4A519ABE-5A83-4539-8CD4-3C2370369B20,,8,1,0,295,,3E122CFE-B73E-4275-B9D0-D2CD2D717980,82,1,N,NULL
128467,INSERT_MAPPING.dtsx,65893F99-C98C-415B-BF1B-8C257D137F3E,,8,1,0,22,,0BDF0D19-8BC0-487B-B1B9-B31C3888564F,82,1,N,NULL
127799,DWH_DIM_BEARER_PLANT_ELIM.dtsx,C3217D9F-F612-4A67-AE06-C7DB10E86E44,,8,1,0,16,,5F2B7E7E-99B1-4F22-8B3B-F06DF5A00A37,83,1,N,NULL
127785,DWH_DIM_COMPANY_SELECTION.dtsx,AC102235-69E3-46D5-901A-6BB5381D71AD,,8,1,0,10,,9246798A-9A14-41BE-8056-BEDB46C5D337,83,1,N,NULL
127789,DWH_FACT_AMS_CONSOL.dtsx,AB38E691-5255-4589-B5F3-3CB64C79FBA2,,8,1,0,235,,7CF110EC-4F75-436E-BABF-4CBACA59AC60,83,1,N,NULL
127794,DWH_FACT_BAL_CONSOL.dtsx,D5BC19AC-BF69-4343-B21A-C58109BA2485,,8,1,0,238,,59307A76-6ECD-4467-B411-AF96596AB866,83,1,N,NULL
127786,DWH_FACT_BEARER_PLANT_CONSOL.dtsx,EB74E339-80B4-452A-BF2C-8A762B122A91,,8,1,0,50,,07B22DAA-3DA3-4E07-88F8-BA4F93163A19,83,1,N,NULL
127798,DWH_FACT_BGA_CONSOL.dtsx,006D1FD2-9763-41B8-A8E6-E7C05AA241C7,,8,1,0,258,,01716ADD-586A-49B2-B513-5802E42A6506,83,1,N,NULL
127793,DWH_FACT_BSL_CONSOL.dtsx,9E9422C9-99F4-4262-B2D3-AD504E8BDA7B,,8,1,0,237,,A9E035D1-9B03-4F0C-9CB9-5A74E0063D5F,83,1,N,NULL
127788,DWH_FACT_GKS_CONSOL.dtsx,5AD64061-7B3C-47B0-A6B6-3C74CB552EFE,,8,1,0,222,,9E3BABC4-6690-44A2-BEE2-C59F2B1E62E7,83,1,N,NULL
127787,DWH_FACT_ISL_CONSOL.dtsx,19C1047C-9250-4F64-9FD0-D6CD454FB851,,8,1,0,207,,87DE9C52-2D2D-4EE8-90A3-F6A0452A9070,83,1,N,NULL
127790,DWH_FACT_KMB_CONSOL.dtsx,D06892A5-7094-400F-9758-5DEAA3F3C989,,8,1,0,234,,D0628C24-D196-4010-851C-63F4E3D70C32,83,1,N,NULL
127791,DWH_FACT_LGI_CONSOL.dtsx,F704F022-52C0-4177-9AE8-0230D27E748D,,8,1,0,213,,63CB29BF-CA54-490B-AC9C-3E6FC32A166D,83,1,N,NULL
127792,DWH_FACT_SMS_CONSOL.dtsx,9BECB448-0BAF-4900-9FE1-6C3322C5B585,,8,1,0,224,,E073E08B-7C70-451B-9785-83035FE6D64A,83,1,N,NULL
127796,Group_Pipeline_Bearer_Plant_Consol_1.dtsx,FE425A29-0708-4B12-95D7-0E9D85D6FA61,,8,1,0,9,,9935DDDF-70DC-4218-82CD-2096034730BD,83,1,N,NULL
127797,Group_Pipeline_Bearer_Plant_Consol_2.dtsx,59B53097-E672-4940-A36F-F37BAE002BB7,,8,1,0,9,,D277299E-0A1C-4EA4-AC49-2CBD699C6415,83,1,N,NULL
127800,Group_Pipeline_Dim_Bearer_Plant_Consol.dtsx,51C64249-47C3-4B0B-BBC2-2368E5F1ADEF,,8,1,0,14,,7A4543F2-E9BB-4806-9200-509B936D52DD,83,1,N,NULL
127795,Group_Pipeline_Fact_Bearer_Plant_Consol.dtsx,0E6BEE0D-6390-45B8-ACFF-E20DF6919E41,,8,1,0,22,,F2930517-8693-4C15-A9F4-AC269173702C,83,1,N,NULL
124803,STG to DWH.dtsx,00CDC504-0D83-483B-B740-566EF454E233,,8,1,0,24,,62879697-0779-4AD5-94B2-55D60029112E,84,1,N,NULL
112190,Closing Payroll New.dtsx,ED061D33-9348-4038-94DA-E2125C76BCA8,,8,1,0,4,,2BC6E393-9BB0-43BD-B0F4-42E284287082,85,1,N,NULL
138078,Excel to STG.dtsx,47D97BA8-53A1-470F-BA19-5B5D933EEAD8,,8,1,0,13,,F7194E59-0351-4F4E-919F-E5561C0FFA06,86,1,N,NULL
138080,Package1 1.dtsx,B804F46C-A4C7-4D69-9495-4868CD94D411,,8,1,0,57,,9EB4D2C8-208A-4A4D-979A-5C84E30FFA32,86,1,N,NULL
138079,Package1.dtsx,A5713BCB-31DA-4415-A8A1-7F05488ABC30,,8,1,0,52,,74B6CF1A-807D-4C95-B17F-DAF2BBD5D4CE,86,1,N,NULL
138081,STG to DWH.dtsx,CB170700-35C8-465E-80BA-238775F96DAD,,8,1,0,134,,8350756E-8EA6-4FEC-8553-3A5FFBA799AE,86,1,N,NULL
128213,FACT_DD_HARVESTING_MANAGEMENT_DTL.dtsx,B7C79F52-6763-4688-9C1F-59E82DF4B44A,,8,1,0,311,,263DAD71-C427-43CB-841F-C5D9D1EB4872,88,1,N,NULL
128211,FACT_DD_TBS.dtsx,D65CD9A4-8DCD-4DBB-B68F-57285A229C57,,8,1,0,99,,DBBFB2A2-97BE-4EA0-8381-FD5671509888,88,1,N,NULL
128212,STG_HARVESTING_MANAGEMENT.dtsx,06115FC2-4CA2-4FB0-ADED-048B314E5080,,8,1,0,28,,A1854674-1FA9-4AC7-8377-C85BA96DF59D,88,1,N,NULL
128210,STG_OPERATIONAL_HOLIDAY.dtsx,C455B221-668D-4DFF-8CBE-347450EE4BBE,,8,1,0,14,,C9E40572-6DBF-4C8F-8663-ABFB4C99AFCF,88,1,N,NULL
141351,CHECK_QUERY_DATA.dtsx,C07D9F2A-3B2C-433B-87F9-F359FA4AFA1F,,8,1,0,7,,AE38C310-3563-45A2-A49F-4CBB9145AEF8,89,1,N,NULL
141348,FACT_COST_TO_MATURITY.dtsx,C7334A50-FA05-42F6-81A9-C742C13A39B9,,8,1,0,53,,54271C09-0382-4445-8095-1D766C8B2C02,89,1,N,NULL
141349,FACT_DAILY_RELEASE_MCM.dtsx,95EBCEC9-7E54-4B8A-ABC1-57C907BE40DF,,8,1,0,66,,0F56E89E-0EC3-4795-AF8C-0686A98C5F4C,89,1,N,NULL
141350,FACT_MONITORING_CAPEX.dtsx,B33D90A0-22DB-4D80-8ECB-A8318D0CD05D,,8,1,0,66,,2C86B222-2005-4F8D-86CD-37A5016574F3,89,1,N,NULL
141353,FACT_STOCK_AREA.dtsx,CC28C02E-52EA-47D6-8353-68F05A5F1BC1,,8,1,0,64,,285F6A66-F1CC-41FE-A8EB-E942D7038362,89,1,N,NULL
141352,STAGING_STOCK_AREA_ECC0.dtsx,B99EB488-6074-4518-888F-0B9E9E073190,,8,1,0,32,,CC5BC750-A4B2-4B2C-AEAE-6C0497589FE6,89,1,N,NULL
141354,STAGING_STOCK_AREA_EHP8.dtsx,2E65E69F-C870-422D-AABF-111C1588A594,,8,1,0,12,,CA48BAB7-FB7C-4A99-B227-4B64B4F1A56D,89,1,N,NULL
136089,FACT_AP_TBS_.dtsx,42BB7ADD-3057-48BC-AD49-5F220B7D964E,,8,1,0,170,,6EC11E03-05DE-4555-BFFC-C83A4A32487D,90,1,N,NULL
136088,FACT_ML_YP.dtsx,8A1259A8-3F3B-4525-9CDC-33A318E0352D,,8,1,0,175,,9A1F7672-1312-490B-B13F-532C2D59E311,90,1,N,NULL
136087,STG_MANUAL_LOAD.dtsx,08E64CD8-C1D8-405A-AB6A-A0E0BCCDAE99,,8,1,0,28,,E28004C3-CB7F-4969-8DEA-AAE1979D0D49,90,1,N,NULL
136086,STG_ML_YIELD_PREDICTION.dtsx,CCA39ACB-85BA-4C76-8BD5-EF8316AEF72C,,8,1,0,68,,B050593F-BBE4-4D1C-8479-377FA6DFCEA8,90,1,N,NULL
136560,Fact.dtsx,DC6F3CC8-5E49-47B6-9063-17AA14FC28A4,,8,1,0,69,,2F248C75-40ED-409E-A6FC-10481A352EC3,91,1,N,NULL
131827,FACT_LHT_AB.dtsx,51B467F0-9BBF-4475-B664-C7B3C7321B60,,8,1,0,8,,C549381F-D1E2-45BA-B941-1D28585916C7,93,1,N,NULL
131828,FACT_TRAKSI_LHT.dtsx,05F8D9B4-5317-40DF-9C0D-FD9959C521F2,,8,1,0,69,,208D2AD3-7525-4689-B5CF-91F862EADF22,93,1,N,NULL
131825,STG_TRAKSI.dtsx,0FCBD6EB-27A3-4C22-9073-883E11BE37E9,,8,1,0,12,,211DA5AE-FFA6-4BDC-A145-15AFC7872FE3,93,1,N,NULL
131826,STG_TRAKSI_LHT.dtsx,45068114-58C4-49D4-B48E-63B8FD3FD272,,8,1,0,34,,49045CD8-D0F2-4FA6-A5B3-1843EBB5979B,93,1,N,NULL
132314,FACT_LKK_DASHBOARD.dtsx,258D28D3-2411-42E0-924A-1D6E802A77B0,,8,1,0,96,,4E004741-14AE-41B5-9AC4-3830D2B66058,94,1,N,NULL
132315,MAPPING_LKK_DASHBOARD.dtsx,48968B98-EE9A-466F-AAF4-B723EA16E39C,,8,1,0,1,,75FD67C8-8154-438B-B9A8-F078452D2929,94,1,N,NULL
140393,AWL_Warning.dtsx,EC2A278A-82CD-4058-BF7B-2C9940B08CC2,,8,1,0,67,,6B905C4B-0A61-4027-AB15-687CAD1D51EF,95,1,N,NULL
140391,Fact.dtsx,13D72771-52C6-43A1-9D9D-025AE01D3C6B,,8,1,0,29,,9E0765BB-6B22-43D0-B2BB-ACB2BD22805A,95,1,N,NULL
140392,Staging.dtsx,0262DEB1-B7E7-442A-9421-CE4647292A22,,8,1,0,33,,C057A8D2-972C-45B5-9757-9C48DE2F9A83,95,1,N,NULL
140006,Fact.dtsx,4BACE946-3E89-497F-868C-6E85581D56BF,,8,1,0,192,,A38A6EF4-6C7C-4839-B9B9-38FE68CD8D1D,96,1,N,NULL
140005,Staging.dtsx,7AB59DEC-757B-4A3E-A75E-7A912100CFF8,,8,1,0,13,,678251ED-592E-47CC-A513-8C9B058AED31,96,1,N,NULL
127162,DWH_DIM_COMPANY.dtsx,44FCD26D-7DD7-4202-8FFE-4CE87FC1CC23,,8,1,0,2,,BFDD46BA-98D9-4571-8100-CD4E901A2409,97,1,N,NULL
127179,DWH_DIM_LEVEL_BS.dtsx,4E59D7EA-6582-48A6-B5CA-29B2A7DAD8F7,,8,1,0,44,,1F6E5155-F4AD-4A6E-8DE2-2AC62B26F0BB,97,1,N,NULL
127163,DWH_DIM_LEVEL_PL.dtsx,C1D94873-ACD0-4119-8C82-CCA2907FF3BE,,8,1,0,24,,D7B4D10B-A757-4ABB-A0C0-CE624912512E,97,1,N,NULL
127180,DWH_DIM_SUB_LEVEL_BS.dtsx,DC486A2F-9ADA-485D-8792-07C174182AFD,,8,1,0,56,,2A406946-ED99-4CBB-8592-D74D6472C5D1,97,1,N,NULL
127194,DWH_FACT_FS_BALL.dtsx,66AA2D5E-3C3A-4063-915D-FF55E27DCD08,,8,1,0,96,,E6634C99-8A5E-4C46-A736-6C08DCAB5F28,97,1,N,NULL
127188,DWH_FACT_FS_BS_Additions.dtsx,8F281D77-AF38-4E3F-AB67-CB1419F69B2E,,8,1,0,13,,516ABB67-C71C-4AC6-9F56-240F8068D502,97,1,N,NULL
127181,DWH_FACT_FS_BS_BSIK_BSID_BSAK_BSAD_Looping.dtsx,C2E24268-50D4-41CE-BE96-B3D1FAF690DA,,8,1,0,69,,ADAD79A7-836C-4FE8-95E6-C22C2F6C4EBD,97,1,N,NULL
127202,DWH_FACT_FS_BS_Excel_Manual_Upload 1.dtsx,4494B0C2-B396-4BF3-8BD2-219827864342,,8,1,0,84,,88E6A767-A39E-4CA9-8785-AE61E7AA1036,97,1,N,NULL
127185,DWH_FACT_FS_BS_Excel_Manual_Upload.dtsx,2A6B9393-B1F1-4D34-9A4B-3E84F0D90ED8,,8,1,0,76,,E55FCC7A-3D86-49E0-8087-BC9E0DFCC23C,97,1,N,NULL
127183,DWH_FACT_FS_BS_FAGLFLEXT.dtsx,98AADACC-604D-4891-BC09-DC0E5F46F46F,,8,1,0,120,,DD778464-E31A-421D-AFF0-C6F4D390B38E,97,1,N,NULL
127184,DWH_FACT_FS_BS_FAGLFLEXT_V2.dtsx,9450DC0B-9F49-411D-A68D-58194674A622,,8,1,0,141,,0A714B03-BD30-49E9-A3DA-C60F0E37E5AA,97,1,N,NULL
127187,DWH_FACT_FS_BS_FAGLFLEXT_V3.dtsx,C9D4EB34-B581-497B-B816-615E09E65E78,,8,1,0,165,,7E435006-6F7D-473B-A92B-D68527DB62E3,97,1,N,NULL
127193,DWH_FACT_FS_BS_LIABILITIES_STOCK_HOLDERS_EQUITY.dtsx,FA98ECC4-FAEB-48CE-802A-4475066429DC,,8,1,0,89,,9B74AA89-607E-431F-9AF2-82D180D555B5,97,1,N,NULL
127186,DWH_FACT_FS_BS_MR_DWH_ReportFact.dtsx,5781086A-8A8B-42BB-B23E-B0F37A52C9F3,,8,1,0,137,,79DE7C0E-F221-43EB-A61C-05F9F522EBEA,97,1,N,NULL
127189,DWH_FACT_FS_BS_SUMMARIZE.dtsx,C637E322-8236-4964-9841-A3B88987B0BA,,8,1,0,86,,A8432B3B-6E4F-45DB-BFD4-D3DEC2F6C1A4,97,1,N,NULL
127190,DWH_FACT_FS_BS_SUMMARIZE_V2.dtsx,BD821E4C-1A74-4878-8C43-79440F9796E2,,8,1,0,101,,200872AE-76DA-45E1-A631-C76026019D50,97,1,N,NULL
127191,DWH_FACT_FS_BS_SUMMARIZE_V3.dtsx,C8CB833A-156C-4202-ADE7-45BB67833200,,8,1,0,93,,0F33EBAB-48E9-42CE-91CE-7085E79E96E4,97,1,N,NULL
127192,DWH_FACT_FS_BS_SUMMARIZE_V4.dtsx,E628082E-79A6-48C4-A482-01ECD269FA72,,8,1,0,86,,C89EA108-B0E5-4C77-87C9-EA399EB2980A,97,1,N,NULL
127166,DWH_FACT_FS_PL_BSIS_BSID_BSAD.dtsx,C2E86183-5296-442C-B83A-37CAF63BA9B5,,8,1,0,73,,06A87550-8114-43F0-BD67-3D2088E1DF49,97,1,N,NULL
127167,DWH_FACT_FS_PL_BSIS_BSID_BSAD_KNA.dtsx,E3E685DA-CD44-49F1-8F6B-7E3891DA4F6E,,8,1,0,73,,576CD407-A119-4A98-A924-4ED8264BAF9E,97,1,N,NULL
127169,DWH_FACT_FS_PL_COEP.dtsx,1CEAFDD7-9066-4211-AF35-D70DF4069D5B,,8,1,0,88,,FDA8F073-8EDA-4A88-B262-0202AE84AB34,97,1,N,NULL
127175,DWH_FACT_FS_PL_Cost of Goods Manufactured.dtsx,BFD48CA8-3ACF-467A-A54B-5C35BE9278A7,,8,1,0,73,,CE0A9E91-15FA-47E5-B3F5-F6283DA2F6B3,97,1,N,NULL
127168,DWH_FACT_FS_PL_FAGLFLEXT.dtsx,0A86FBE1-2DB0-4CDC-9BB8-7EE73C34C3F8,,8,1,0,51,,B47269A2-7539-454C-B2D5-31C67CFBA1DB,97,1,N,NULL
127176,DWH_FACT_FS_PL_Gross_Profit.dtsx,EAAB16EE-6EFD-4D85-B617-8EFF83AACE9E,,8,1,0,80,,8EB3A4CF-A494-4E2E-AACF-19DDF9F39958,97,1,N,NULL
127170,DWH_FACT_FS_PL_MR_DWH_ReportDetailFact.dtsx,5E6522F1-B56F-4E6D-AF04-D6B4326E00BE,,8,1,0,50,,6E4EBB48-DF2D-40DD-BA7C-D48950A06E0C,97,1,N,NULL
127172,DWH_FACT_FS_PL_MR_DWH_ReportDetailFact_Administrative.dtsx,78B4A1BD-E77F-43D7-A1F7-1F13B75D0075,,8,1,0,109,,6A48016D-2B63-4E4B-AF51-B56D99CEB4E3,97,1,N,NULL
127173,DWH_FACT_FS_PL_MR_DWH_ReportFact.dtsx,CBC61F60-6135-48E5-9A76-8C2D478E9525,,8,1,0,129,,BA4C2D1F-DCDD-4C2D-BDA5-1E60D534C1ED,97,1,N,NULL
127177,DWH_FACT_FS_PL_Operating Expense_Income.dtsx,125EEE0B-AE6F-4ADA-995A-DBC2E2F59C14,,8,1,0,84,,5746A51E-08CB-4B77-8702-F05C3AC3C907,97,1,N,NULL
127178,DWH_FACT_FS_PL_SUMMARIZE.dtsx,A633A830-C9D4-4512-91B6-A6A049EF6E1E,,8,1,0,81,,B51A3A13-6C9F-44EA-A611-56A879D2C0C5,97,1,N,NULL
127164,DWH_FACT_FS_PL_ZTA_MMR_SD003R.dtsx,FE9F33AF-E5BE-45F9-962E-E4E263D5B09F,,8,1,0,49,,FF208996-40F3-4E5A-B47F-5648C7BC4D7A,97,1,N,NULL
127165,DWH_FACT_FS_PL_ZTA_MMR_SD003R_KNA.dtsx,2A00118C-E569-4782-88BF-DC3D8DB8B012,,8,1,0,42,,BFF18B06-4165-4902-9CE4-CDFA5741D4C9,97,1,N,NULL
127171,DWH_Pre_FACT_FS_PL_MR_DWH_ReportDetailFact_Administrative.dtsx,AED1CCC8-40AB-462D-885D-13E21FC6EAB7,,8,1,0,95,,B57429AB-9D96-48A6-ADB7-DD8057B6B896,97,1,N,NULL
127182,Group_Pipeline_Fact_FS_BS.dtsx,3A0AF2DD-CD48-425B-8976-2377AE3DD7AA,,8,1,0,47,,A05FB7FC-DB30-49F6-86D0-B931A06DF692,97,1,N,NULL
127195,Group_Pipeline_Fact_FS_BS_FAGLFLEXT.dtsx,B8D64B3B-54ED-447B-A1B9-D3923DE320B6,,8,1,0,48,,A12646C9-A56D-4D34-A3E7-B0D4A4ADF372,97,1,N,NULL
127197,Group_Pipeline_Fact_FS_BS_SUMMARIZE.dtsx,44C9AF50-CF8F-44EC-8826-3C197CEDB957,,8,1,0,47,,04DF71ED-C8A7-4290-9924-B539E61EAC52,97,1,N,NULL
127196,Group_Pipeline_Fact_FS_Manual Excel - MR.dtsx,C7DE4987-49E9-47E2-9FF5-9A02940E0060,,8,1,0,47,,E96EC942-B716-4429-B864-2A3D5F7CF0F1,97,1,N,NULL
127174,Group_Pipeline_Fact_FS_PL.dtsx,81B25F28-8A9D-4EC9-BD95-2E03C7C64A50,,8,1,0,20,,7DB76B8B-9C06-4D34-BB01-F08C4BF54581,97,1,N,NULL
127199,Group_Pipeline_Fact_FS_PL_COEP_FAGLFLEXT.dtsx,2B3A4619-76C6-41DC-BFDD-EAA31ADB889E,,8,1,0,19,,83594186-659A-43D4-9B95-F71A0409F8B2,97,1,N,NULL
127200,Group_Pipeline_Fact_FS_PL_MR_Report.dtsx,44DEC102-A49D-4314-A97F-DD59CCED91BC,,8,1,0,28,,50F89A77-EB1C-488F-BB6F-C0AA787A0690,97,1,N,NULL
127201,Group_Pipeline_Fact_FS_PL_Summarized.dtsx,9D1DB4B1-308D-4970-80F5-75C28DBA77F1,,8,1,0,18,,2230BAF7-D3DE-4835-BA55-1E8BAB243A0F,97,1,N,NULL
127198,Group_Pipeline_Fact_FS_PL_ZTA_MMR_SD003R - BSIS-BSAD-BSID.dtsx,09C2918B-5BF0-4E10-87FE-495A851EB770,,8,1,0,23,,2DF0EF3E-508E-4D2D-930D-9A1D702EB3AC,97,1,N,NULL
126969,DWH_DIM_BEARER_PLANT.dtsx,413942D0-842F-4B19-B7B2-FE8F311497AA,,8,1,0,35,,A87E2420-6782-4B57-8E0B-17F7130C5841,98,1,N,NULL
126975,DWH_FACT_BEARER_PLANT_SUMMARIZE.dtsx,A27E33B6-2F3B-4174-86E2-6DDCB5BB3149,,8,1,0,23,,2D1124FF-034A-4A10-8445-A13BE15F306A,98,1,N,NULL
126976,DWH_FACT_BEARER_PLANT_SUMMARIZE_Excel.dtsx,416D132E-BBB5-4CE3-9BB2-649A2204696A,,8,1,0,169,,D286A73F-8520-4969-AD73-6FFA0A4C04B0,98,1,N,NULL
126971,DWH_FACT_BP_COEP.dtsx,FCF76A8A-13FE-4FD6-8BE9-DFD5515362FE,,8,1,0,16,,95DF23DC-2E49-4759-B6C3-DF70E1C3B706,98,1,N,NULL
126973,DWH_FACT_BP_Excel_Manual_Upload.dtsx,4E49EBB9-AF2C-478C-AD59-661FF99DF7C1,,8,1,0,150,,C63F597B-9809-4103-93EF-3FAA2FFD6D2E,98,1,N,NULL
126972,DWH_FACT_BP_Excel_Manual_Upload_Initial.dtsx,199A139E-96F9-4DE5-A326-8EA1FBBD347A,,8,1,0,145,,81A869D3-96AF-4F38-A74F-0BC0FA2B5BF5,98,1,N,NULL
126970,DWH_FACT_BP_FAGLFLEXT.dtsx,50A3A4E0-DEE4-48DC-A8D9-47A775A1F973,,8,1,0,89,,7093CC4C-00CB-4439-A3C1-C15AC713E99F,98,1,N,NULL
126977,DWH_FACT_BP_FAGLFLEXT_Initial.dtsx,D954F24D-C9B5-4C1F-92D0-A924C08BEAA8,,8,1,0,87,,AEFC78E5-B1FC-40B3-8CAF-3AA99861BAFF,98,1,N,NULL
126978,DWH_FACT_BP_ZVT_MSEGPF.dtsx,EABDFAE4-771C-4065-9991-21741CC71B39,,8,1,0,79,,0529CC7D-53B7-4552-B78C-192BC00A0E97,98,1,N,NULL
126980,Generate MTD.dtsx,A5D947D7-F638-4027-84E7-3FD6E3A21337,,8,1,0,4,,8C7B5DE2-4654-487C-AE97-FE09D88423D4,98,1,N,NULL
126979,Generate YTD.dtsx,6DB60177-0FCF-481D-A4A1-FAEA08489912,,8,1,0,2,,05452EF7-140A-455C-BD5D-C072D595BB14,98,1,N,NULL
126974,Group_Pipeline_Fact_Bearer_Plant.dtsx,5DAD9307-B3EA-4E89-A763-6F544270281B,,8,1,0,10,,F9FB4B37-12E5-43CC-94C5-2403A6F56CC5,98,1,N,NULL
126930,DWH_DIM_BEARER_PLANT_ELIM.dtsx,C3217D9F-F612-4A67-AE06-C7DB10E86E44,,8,1,0,16,,100767A5-690F-4949-8F10-3919DFB2F130,99,1,N,NULL
126916,DWH_DIM_COMPANY_SELECTION.dtsx,AC102235-69E3-46D5-901A-6BB5381D71AD,,8,1,0,10,,5623D2ED-DE12-4546-A9D1-2EE8AE1456EA,99,1,N,NULL
126920,DWH_FACT_AMS_CONSOL.dtsx,AB38E691-5255-4589-B5F3-3CB64C79FBA2,,8,1,0,235,,F7D90BF9-8318-4DF2-BC73-8E076FA125A5,99,1,N,NULL
126925,DWH_FACT_BAL_CONSOL.dtsx,D5BC19AC-BF69-4343-B21A-C58109BA2485,,8,1,0,238,,01EAC0CB-D418-40FE-9E2D-A90921FC7BD9,99,1,N,NULL
126917,DWH_FACT_BEARER_PLANT_CONSOL.dtsx,EB74E339-80B4-452A-BF2C-8A762B122A91,,8,1,0,50,,2A0B064E-F1BE-4FA0-A857-A8B93D5851E0,99,1,N,NULL
126929,DWH_FACT_BGA_CONSOL.dtsx,006D1FD2-9763-41B8-A8E6-E7C05AA241C7,,8,1,0,258,,313C6151-4845-413D-A27B-2BCB41A0D122,99,1,N,NULL
126924,DWH_FACT_BSL_CONSOL.dtsx,9E9422C9-99F4-4262-B2D3-AD504E8BDA7B,,8,1,0,237,,717D22D5-2633-466D-8E01-D083BEB87FC9,99,1,N,NULL
126919,DWH_FACT_GKS_CONSOL.dtsx,5AD64061-7B3C-47B0-A6B6-3C74CB552EFE,,8,1,0,222,,FE0D8545-80E5-41E0-92F0-17E715982438,99,1,N,NULL
126918,DWH_FACT_ISL_CONSOL.dtsx,19C1047C-9250-4F64-9FD0-D6CD454FB851,,8,1,0,207,,9B55E80A-CFCA-45F8-839A-34162F99027E,99,1,N,NULL
126921,DWH_FACT_KMB_CONSOL.dtsx,D06892A5-7094-400F-9758-5DEAA3F3C989,,8,1,0,234,,64124C73-D6A3-4ABA-AC64-03A911B33BD3,99,1,N,NULL
126922,DWH_FACT_LGI_CONSOL.dtsx,F704F022-52C0-4177-9AE8-0230D27E748D,,8,1,0,213,,EE91F9A4-D17F-43DC-8E97-B04030F15EC8,99,1,N,NULL
126923,DWH_FACT_SMS_CONSOL.dtsx,9BECB448-0BAF-4900-9FE1-6C3322C5B585,,8,1,0,224,,1090424F-6268-4A21-8A40-81689687A530,99,1,N,NULL
126927,Group_Pipeline_Bearer_Plant_Consol_1.dtsx,FE425A29-0708-4B12-95D7-0E9D85D6FA61,,8,1,0,9,,A9FBABCD-8A68-4453-8E1D-0B4D0277C5AC,99,1,N,NULL
126928,Group_Pipeline_Bearer_Plant_Consol_2.dtsx,59B53097-E672-4940-A36F-F37BAE002BB7,,8,1,0,9,,9D194194-1DFE-4644-90D9-A801246FDEAC,99,1,N,NULL
126931,Group_Pipeline_Dim_Bearer_Plant_Consol.dtsx,51C64249-47C3-4B0B-BBC2-2368E5F1ADEF,,8,1,0,14,,FF6CF424-C9F3-4011-A0DD-DC0D967C54B7,99,1,N,NULL
126926,Group_Pipeline_Fact_Bearer_Plant_Consol.dtsx,0E6BEE0D-6390-45B8-ACFF-E20DF6919E41,,8,1,0,22,,66EBCD10-19DD-4605-9110-74272037DB57,99,1,N,NULL
137037,FACT_AR.dtsx,7E356CF2-450F-408C-8A3C-6C67C158C93A,,8,1,0,31,,020D8F77-6B89-4C93-A987-CC02EFF93197,100,1,N,NULL
134489,FACT_STOCK_MANAGEMENT.dtsx,C9A58E47-C481-4CF5-B89D-42E5E81F0567,,8,1,0,29,,7564B9E8-5549-459C-B184-3D7D797117A4,101,1,N,NULL
129130,DWH_STG_to_DWH_DM.dtsx,D3CE280A-090C-46F6-9D20-1FD3581E308D,,8,1,0,152,,9321C217-82DC-4B0C-A5E2-DBD8F2BA4F69,102,1,N,NULL
129129,SOURCE_to_DWH_STG.dtsx,B496F5FE-8D4D-43F3-A13A-BA19BF4D3984,,8,1,0,277,,1902208E-7597-413C-A6DA-5F219502F9AB,102,1,N,NULL
132009,DIM_AWS_ID.dtsx,36B69ADA-EF21-40CC-80E5-0C49E6ECD70E,,8,1,0,6,,801C146B-02A1-443D-A6B2-40AA721EECC3,107,1,N,NULL
132010,FACT_AWS.dtsx,FB68DC5A-8E6E-4C16-A84E-B7A6962FB52E,,8,1,0,98,,055CDC6D-052B-4B5F-975E-D7DA58277D40,107,1,N,NULL
141877,Segregation.dtsx,1672FEFF-C43D-49D3-B0B4-ED0C2950C0CA,,8,1,0,180,,70BE6006-716D-4EFD-BD33-2108D68642AF,108,1,N,NULL
134450,UPLOAD_TBS_ANGKUT.dtsx,581F81EF-8AC9-4E4C-BC98-FD87D86F1C6E,,8,1,0,60,,4FD52A57-0100-4FA8-8750-C01DD7812951,109,1,N,NULL
130142,DIM_MMR.dtsx,11C436E5-E00C-43C6-894C-4C5B6162C238,,8,1,0,52,,C5C68F4F-CD36-4B71-83E6-76AEB9C9FEEB,110,1,N,NULL
130141,FACT_MMR.dtsx,D6D91A5F-4353-434D-A04A-02BAABAF54E3,,8,1,0,273,,8D9D2C10-8E4F-442C-906F-A0C5FCB1D865,110,1,N,NULL
130143,STG_MMR.dtsx,D76D8110-691E-48FD-9F15-381651BF9EBF,,8,1,0,91,,236AA63D-5782-4B53-A7B3-B831FF560E6A,110,1,N,NULL
131925,Source to Staging.dtsx,F44F94E1-979E-4338-8595-A4DEA5868F76,,8,1,0,13,,D1E5052A-793E-4B44-BF42-0CD3CD7FA55A,111,1,N,NULL
131926,Staging to DWH.dtsx,6BF2857F-3382-4114-8372-3A290E58AD65,,8,1,0,46,,4FC88946-9946-4988-A9AB-F10D3DA2C2AB,111,1,N,NULL
131942,source to staging.dtsx,AFC2782A-E5F4-484B-B659-D4E064BC95A2,,8,1,0,18,,B38ABCF3-BA54-480C-93B4-803D0E7E8312,112,1,N,NULL
131943,staging to dwh.dtsx,B1C1C938-D27A-4742-A2DA-13B54FADEC95,,8,1,0,100,,621C4963-2D4D-4971-A002-3C7D5D8FDFCE,112,1,N,NULL
140606,COPY_FILE_PROCESS_DATA.dtsx,27BC5D6C-5182-47CF-8F44-68E972109D02,,8,1,0,2,,0D024C02-76F3-4A18-AC97-56880DB1C738,114,1,N,NULL
140610,DWH-COEP.dtsx,26F50C07-83B4-441D-89A7-0890227F5E82,,8,1,0,296,,4DBD5C99-974E-4491-873D-9899CADDBE8C,114,1,N,NULL
140607,FACT_INVESTASI_BIAYA_TANAMAN.dtsx,15D4C657-70E9-4983-92B4-3AFD9381C665,,8,1,0,34,,4DB2B46D-F3FA-4F94-B4BD-B95F29C17448,114,1,N,NULL
140612,FACT_LKK 1.dtsx,57C345C4-7F33-43DA-B674-4BD6C259DD0C,,8,1,0,415,,5BAE54E2-4E89-4F5F-84C2-F9D1AEDE4FC9,114,1,N,NULL
140614,FACT_LKK.dtsx,60B5B367-0CFF-439E-846A-2F678FA0440B,,8,1,0,560,,40E00AC3-E4AF-4DB7-94D1-BB4A94676012,114,1,N,NULL
140609,FACT_LKK_BIAYA_UPAH_PANEN_PENGENDALIAN_GULMA.dtsx,5B6B2F49-D022-4889-BA50-06F191549F99,,8,1,0,19,,09800AC7-822E-4B41-B5D6-12DC7FD41AAF,114,1,N,NULL
140608,FEED_DATA.dtsx,17306EC4-AFC2-4BAD-A3FD-95B2CC6996C8,,8,1,0,102,,38B84E12-D9F6-4FEB-B8F6-B228FDA36A78,114,1,N,NULL
140613,INSERT_MAPPING_BIAYA_TANAMAN.dtsx,132ADE14-5294-40A2-B5CC-B974A006F616,,8,1,0,321,,92314DEA-5457-42FF-9BC2-75F5373D49A4,114,1,N,NULL
140611,MANUAL UPLOAD.dtsx,8CB7033E-E3CE-4223-946C-7DF16129F8E6,,8,1,0,9,,A05A4B6F-5199-4669-81A4-F6970FC9C2E2,114,1,N,NULL
131700,Dimensi.dtsx,4C589868-DB7F-47C4-8943-48E0B98DE8C6,,8,1,0,32,,E221CCF7-5955-4A11-9E6F-1124CD08A4C0,115,1,N,NULL
131701,Fact Backup.dtsx,5D2DE0D1-11C3-489A-A4B1-F7BBC18F273C,,8,1,0,40,,56C7E0D0-AE48-4F41-B3F9-FB2D3D57B5C5,115,1,N,NULL
131703,Fact.dtsx,1E3B28EE-BE3D-42FF-9D61-6565A6C752E7,,8,1,0,113,,186E63C1-F9FB-4E22-B83B-5D5469249FFA,115,1,N,NULL
131702,Staging.dtsx,F1054B5A-FC29-4F00-9FA1-DC8D2EA8E011,,8,1,0,10,,E86509A5-4325-4CDC-A24B-101C5ED3D3CB,115,1,N,NULL
136422,FACT.dtsx,82127398-4B1D-4847-A0FB-C7D6A579F910,,8,1,0,72,,128DF7BF-7051-4DA3-B180-66B5E31C215F,117,1,N,NULL
136420,STAGING SAP8.dtsx,705772B1-166E-43E5-BA7A-F62A3732412B,,8,1,0,1,,9DCE2418-5F41-4313-9AF4-F807A07379CA,117,1,N,NULL
136421,STAGING.dtsx,8979F788-68B8-453C-B11C-CE24494F2988,,8,1,0,66,,3B595453-57A8-4CBA-B48E-3789764A580E,117,1,N,NULL
133418,FACT_TMS.dtsx,69241030-D8B5-4134-9304-C71977DBF809,,8,1,0,23,,95434C40-0E1B-4CC1-B70E-D633407D536C,118,1,N,NULL
136677,FACT_DOCKET.dtsx,4C607361-B556-4B99-AE29-E33E95F930B0,,8,1,0,25,,BE6BB74E-ECFF-4AF0-A5BB-95D938DE7874,119,1,N,NULL
141219,Fact Detail Non Staff.dtsx,128FA75D-DC48-4ECC-A70B-627694E81CFD,,8,1,0,87,,58198E9D-BF98-4FD3-9589-49AE684DF508,120,1,N,NULL
141217,Fact Detail.dtsx,452BE18D-DA74-4F50-8DA7-B88A9EF990EE,,8,1,0,48,,E73823E0-A01F-419B-90E9-32EDE42EACE8,120,1,N,NULL
141220,Fact Rekap Non Staff.dtsx,6CB7C945-1C22-40EA-939B-CC344A18767E,,8,1,0,36,,28AE487A-01C4-457C-8447-F95BD4DF0663,120,1,N,NULL
141218,Fact Rekap.dtsx,18CC0CC4-1520-4EAE-B0FF-2688BB9E6839,,8,1,0,89,,8CD2646E-4BAE-4540-8643-D6A8344DCEA2,120,1,N,NULL
141215,Staging Non Staff.dtsx,6359804D-B4B8-45CC-9A8C-B2E43840DD12,,8,1,0,12,,49EC1839-6B68-4C52-81F7-ACBC10C93DD9,120,1,N,NULL
141216,Staging.dtsx,C2146644-07CC-43BE-8B9B-7882AD6447E0,,8,1,0,101,,57D60D4B-DA43-4B80-9523-A1D3008108A1,120,1,N,NULL
131830,FACT_TRAKSI_LHT.dtsx,05F8D9B4-5317-40DF-9C0D-FD9959C521F2,,8,1,0,70,,90DA8B6C-E2FE-46F7-9A77-1A71129FC919,121,1,N,NULL
132157,DIM_FOR_FACT_MILL_COST.dtsx,735AC6DD-475D-47DC-B82D-579B6512CD08,,8,1,0,114,,8724A26E-3FCE-44F8-8542-51E56645D6F0,122,1,N,NULL
132160,FACT_MILL_COST.dtsx,4882B44D-95F7-40CB-AD3E-C149658266BD,,8,1,0,471,,FF88D789-DE00-49B4-8BB4-1DB5DDACCC4C,122,1,N,NULL
132159,FACT_MILL_COST_DASHBOARD.dtsx,61792F1B-E027-4BA8-970C-79D65E79D16E,,8,1,0,55,,49D9CC96-6021-43B8-BC1F-943CA19D4201,122,1,N,NULL
132158,INSERT_DATA_BUDGET_MILL_COST.dtsx,792608D5-E65F-4869-B900-B3A60DBBEEEC,,8,1,0,124,,0FAF8FFD-CC4D-411C-A5E7-69DAFD532EE1,122,1,N,NULL
141325,Fact Detail Non Staff.dtsx,128FA75D-DC48-4ECC-A70B-627694E81CFD,,8,1,0,102,,6B7C6C78-6C39-418E-85B4-0E91E3B8733B,123,1,N,NULL
141327,Fact Detail.dtsx,452BE18D-DA74-4F50-8DA7-B88A9EF990EE,,8,1,0,50,,528E96AE-8198-4550-8E8C-7B064181BA57,123,1,N,NULL
141326,Fact Rekap Non Staff.dtsx,6CB7C945-1C22-40EA-939B-CC344A18767E,,8,1,0,40,,14E3B7AD-2778-459A-B93D-A83210C85375,123,1,N,NULL
141321,Fact Rekap.dtsx,18CC0CC4-1520-4EAE-B0FF-2688BB9E6839,,8,1,0,86,,5B848518-AFD2-4AD6-B6C8-08EC79F922BD,123,1,N,NULL
141322,Staging Non Staff.dtsx,6359804D-B4B8-45CC-9A8C-B2E43840DD12,,8,1,0,18,,AA82809B-6010-4579-BE15-FB60CB5E4ABD,123,1,N,NULL
141324,Staging.dtsx,C2146644-07CC-43BE-8B9B-7882AD6447E0,,8,1,0,101,,1C64480E-7E1A-4DF5-9AA7-06ACD9EDD6DD,123,1,N,NULL
141323,Upload Historis Non Staff.dtsx,6B1852D7-8DA5-489C-A959-843174A67030,,8,1,0,41,,C67D9C93-11C9-48C2-ACE6-D6DFD20BBC1A,123,1,N,NULL
132445,STG to DWH.dtsx,1E41CE6C-C572-4A37-AABF-D44F900DF487,,8,1,0,14,,8A13937E-8434-405A-8C99-63DA424D1F8B,124,1,N,NULL
137317,FACT_VR.dtsx,48F4007F-17E7-4561-A9F9-D551C336C3D6,,8,1,0,53,,ACF664C7-226C-4150-8161-4D689B819C1B,125,1,N,NULL
133332,STG Audit.dtsx,7D51C9F7-1632-4788-9FE8-32E4EE2682D7,,8,1,0,23,,B81593DB-141D-4125-8174-04B0F0FE52B1,126,1,N,NULL
132772,DIMENSI_SPARTA.dtsx,82C95882-ED59-45FA-A269-2BCB34355334,,8,1,0,381,,5A6E432F-A96B-4D9D-8103-8FE97B76D232,127,1,N,NULL
132773,FACT_SPARTA_LHA.dtsx,5A222D6B-B7D8-485E-9835-53493D745795,,8,1,0,339,,2B650206-01CA-44ED-968A-790450B2B1B3,127,1,N,NULL
132776,FACT_SPARTA_LHA_NEW.dtsx,A418B627-8F60-445F-A1C9-41094AD29917,,8,1,0,410,,996F8624-2F4E-47DD-B81F-4F945CDB55B6,127,1,N,NULL
132775,FACT_SPARTA_MONITORING_INPUT.dtsx,1BE2042D-8B25-43C3-A61D-A3A919E96E42,,8,1,0,25,,B3954FEA-F8E8-4637-96C8-8623EF454402,127,1,N,NULL
132774,FACT_SPARTA_PAYROLL.dtsx,9FE3FE7A-8F6A-403A-A728-457F8080607A,,8,1,0,395,,0E963968-E87F-4BFA-9AC9-E316CCB98D7B,127,1,N,NULL
132919,Excel to STG.dtsx,E33F5C61-61F2-4FF9-B2EA-286A62986004,,8,1,0,21,,FF1E53A8-DC11-45BF-93B2-029CD0B32ED4,128,1,N,NULL
132920,STG to DWH.dtsx,D49FC82B-6598-4A63-906E-201642D5B23E,,8,1,0,14,,00272F43-3710-469D-8935-D8FAC4397ACB,128,1,N,NULL
138627,Excel to STG.dtsx,A4CC705B-3D1E-4717-AD57-6D2DE442E3B9,,8,1,0,12,,4ADE29D5-557E-47B8-892D-07204DD9DDFA,129,1,N,NULL
138628,STG to DWH.dtsx,D66BF2FD-F9B8-4B76-83FE-D48A9FFEE5BC,,8,1,0,45,,3AEF01DA-60B8-4CBC-95D9-A7FF2284AF01,129,1,N,NULL
138989,DIM_BMS.dtsx,826DADCD-85D7-457D-BFAE-F02AA5B07382,,8,1,0,34,,F001FBA0-7149-486C-92CE-B78453CE0844,131,1,N,NULL
138992,FACT_BJR.dtsx,454D0462-780E-429B-A11B-05E90845C550,,8,1,0,14,,A8714987-B23C-4DCF-8327-DD35112AAC51,131,1,N,NULL
138990,FACT_BMS.dtsx,1A371E9C-F3BB-457E-B1CB-84CB40D76329,,8,1,0,8,,D5CAD6B8-5A9E-4802-88EA-3C8148DEBDC9,131,1,N,NULL
138991,STG_BMS.dtsx,9FC1540B-06E0-424D-8C4C-6FDF44F94373,,8,1,0,8,,5DC4ACD0-BB0E-49AB-8099-51C1EC981296,131,1,N,NULL
138712,FACT_INLOAN.dtsx,88E5024B-9F7F-4F93-9199-D454AA439F53,,8,1,0,108,,6EE5E47A-2A90-46FB-B3D1-C3DA8524A1EA,136,1,N,NULL
138713,MASTER_INLOAN.dtsx,7F13B28A-C933-4ECD-A417-B7973E1B5EBA,,8,1,0,5,,2E0949B7-114F-48C9-8D74-04F72A66C6C5,136,1,N,NULL
136084,Fact.dtsx,8FFB20BB-ED53-4D4B-9EA8-697F358AEA0A,,8,1,0,121,,A8F62A13-13BD-4945-9929-AC120A37EFE6,139,1,N,NULL
136083,Master.dtsx,684FCB9F-DBF7-4F6B-939E-C490FC6A1A2D,,8,1,0,6,,87CE6781-C8F5-44B2-8ACD-5C2AE7DF90E0,139,1,N,NULL
136082,Upload.dtsx,B1036583-96E9-4A5E-8A26-5BE1A3AA9D5C,,8,1,0,9,,FE94EB1A-1315-4D3F-A598-3335E88E2D4A,139,1,N,NULL
138425,Fact.dtsx,1A0F0B9E-8F72-445C-BDCC-19B7AE843E1E,,8,1,0,25,,6EA53DA5-61F1-4972-80AB-3CFD42BA1A26,141,1,N,NULL
135316,Fact.dtsx,408DF797-8522-4CFF-B694-58903F0B6B68,,8,1,0,33,,FC639375-7E41-4960-882A-8E2DED419C66,142,1,N,NULL
135315,Master.dtsx,1E7CF951-230B-49B3-A8B2-902DE6A845B2,,8,1,0,11,,E18154E5-BEA9-4752-9C81-6482574FC5B2,142,1,N,NULL
142058,Fact Rekap.dtsx,D68D7738-2C96-48CF-82C3-5B6288C28514,,8,1,0,37,,07721084-F784-4C2F-9DD1-529CCD72AA19,143,1,N,NULL
141257,Fact.dtsx,42D2B251-7B91-4A76-A02D-536CA9EA9376,,8,1,0,19,,8F23C66B-91A2-4288-B209-C4D4A672E96D,144,1,N,NULL
141258,Staging.dtsx,04593A73-2166-495D-AAF0-FC60D5E0EBA7,,8,1,0,12,,DA6F2E9A-5BB1-4ADA-81DE-810D740CB138,144,1,N,NULL
140012,Fact.dtsx,4BACE946-3E89-497F-868C-6E85581D56BF,,8,1,0,194,,015A8EAC-FA5B-4B47-9983-AC4618822ABE,147,1,N,NULL
138066,Excel to STG.dtsx,47D97BA8-53A1-470F-BA19-5B5D933EEAD8,,8,1,0,13,,F57E4982-D33D-4D30-B806-C90933B2561B,149,1,N,NULL
138068,Package1 1.dtsx,B804F46C-A4C7-4D69-9495-4868CD94D411,,8,1,0,57,,B33104CF-884A-4EFF-A46B-B76B91AF5FE5,149,1,N,NULL
138067,Package1.dtsx,A5713BCB-31DA-4415-A8A1-7F05488ABC30,,8,1,0,52,,E24F2F62-9A0C-47AA-A480-FB96C05FBE6A,149,1,N,NULL
138069,STG to DWH.dtsx,CB170700-35C8-465E-80BA-238775F96DAD,,8,1,0,129,,A642A3CF-0F28-4C0D-BEA8-F44FA5668EBF,149,1,N,NULL
138165,FACT INDEX SUSTAINIBILITY.dtsx,E92F47AD-62FB-4894-894F-0700950BBEF4,,8,1,0,8,,8452DBE4-5B86-4266-B0E1-FEB22F596850,150,1,N,NULL
138160,FACT KECELAKAAN KERJA.dtsx,6C3D77C0-CC2A-47E1-9161-2F737C0E3863,,8,1,0,263,,3B202721-1DA4-47A4-A95F-6C125F371DE2,150,1,N,NULL
138163,FACT KECELAKAAN KERJA_BACKUP.dtsx,93D18B9A-7678-46EA-8E72-034D7A179AD9,,8,1,0,157,,2D990754-5F00-43F1-AB2A-071F2411D1D9,150,1,N,NULL
138161,FACT TENAGA KERJA.dtsx,10BECFA6-4B4A-43AB-81D0-9C140F71A601,,8,1,0,45,,D4257FF3-2E10-42A2-8400-801F1C1B5DC5,150,1,N,NULL
138162,STAGING.dtsx,51D3AFDB-B171-4103-8607-FED34381C791,,8,1,0,111,,069FC7E6-9F17-4E95-A1D2-BEEDB6A31D18,150,1,N,NULL
138164,UPLOAD.dtsx,A4AE171C-D92C-4760-84C6-19DFB1185FFE,,8,1,0,25,,148E6E37-292B-4FFE-A015-3484FD8B5569,150,1,N,NULL
139642,DIM_SUSTAIN_SMK3.dtsx,EF7D76EB-4C69-4907-980E-4A9AACD52B8C,,8,1,0,4,,1D663E2D-B68E-4BC5-AC8F-6E1A136B7FB2,152,1,N,NULL
139641,FACT_SUSTAIN_SMK3.dtsx,C9BACA36-3D3A-4B4D-B7AE-1F7B59B3B734,,8,1,0,35,,18C66E6A-0E3F-406C-A470-A693187E8228,152,1,N,NULL
139643,INJECT_HISTORICAL_DATA.dtsx,527E3ED2-5FB5-4C60-BEA0-4D7C41E70633,,8,1,0,2,,EA257F58-093C-475D-B978-3862191E539F,152,1,N,NULL
142043,DWH_STG to DWH_DM.dtsx,E1360B11-7357-457C-AC09-5FCA5E05A64A,,8,1,0,301,,F2705979-0CE8-4A91-8384-B283141B444C,153,1,N,NULL
142044,DWH_STG to DWH_DM_backup.dtsx,700EAAE4-AA77-4B65-94F9-6EC9624C4454,,8,1,0,230,,C4A6F0BC-B761-4874-AB1F-E52699E26CBD,153,1,N,NULL
138722,Staging.dtsx,31E4EBE3-A2F2-4AF6-B534-8F20A489165D,,8,1,0,33,,F0A20EDD-E5BD-4980-BFD3-31AB15597188,155,1,N,NULL
138984,Fact.dtsx,83C5F816-1463-45EA-91AC-DAC35F32636A,,8,1,0,38,,626CE543-F64A-43D2-9208-3C49F6637D5C,156,1,N,NULL
139454,Dimensi Biaya Umum.dtsx,AED362D7-B745-4327-B491-294630AF0228,,8,1,0,9,,73B73A29-22B6-4E6B-8FA2-669E8F8C1E98,157,1,N,NULL
139453,Fact Biaya Umum.dtsx,70D0FBE4-3FB7-47BB-A303-F4D9E62C76B4,,8,1,0,40,,B074351D-1A33-436E-B05B-322DB3D0EB80,157,1,N,NULL
139452,Mapping Biaya Umum per Komponen.dtsx,B7A8E879-CDD2-4809-8CB1-FEAA835BFA7A,,8,1,0,22,,1665D349-494B-437E-A01C-E0F8BC3CCE88,157,1,N,NULL
142071,DIM_SIGAP.dtsx,2E155B6D-75B3-405F-84C4-AF03DEC24D85,,8,1,0,41,,8F28819F-542C-45AF-A3C3-8ACDBCC2299F,158,1,N,NULL
142070,FACT_SIGAP.dtsx,B9E02F75-F528-447C-BDD7-D7DA52108814,,8,1,0,107,,A8653448-645E-4B4E-B69A-E9587A4A9977,158,1,N,NULL
142072,INJECT_HISTORIS_DATA.dtsx,4745E7C6-60E0-41D9-83EA-71A1ADEB4120,,8,1,0,1,,787CFEE0-226B-4118-9F2F-D40D162C95A7,158,1,N,NULL
142041,DWH_STG to DWH_DM.dtsx,E1360B11-7357-457C-AC09-5FCA5E05A64A,,8,1,0,297,,D28E2580-6F14-4505-9D0E-DCDA6903DF49,159,1,N,NULL
142042,DWH_STG to DWH_DM_backup.dtsx,700EAAE4-AA77-4B65-94F9-6EC9624C4454,,8,1,0,230,,D6FF3FED-507F-425D-84DA-C92AA748F8E4,159,1,N,NULL
141016,FACT_JOURNAL_PAYROLL 1.dtsx,94339C74-7BC2-431A-A763-E2DDAFA57772,,8,1,0,22,,57D650AE-ACF6-414E-9438-7CBEEF8A6707,161,1,N,NULL
141015,FACT_JOURNAL_PAYROLL.dtsx,BF7AAD7D-5F30-4A79-9799-C7E3356151BC,,8,1,0,18,,5744E090-F35B-4920-A231-A2EDA9E7EF80,161,1,N,NULL
142049,Fact Rekap.dtsx,D68D7738-2C96-48CF-82C3-5B6288C28514,,8,1,0,25,,7AD96BE7-545C-4DA8-8A2A-823332BE08D2,162,1,N,NULL
142060,Fact Monpower Planning Non Staff.dtsx,AEA31831-FC40-49D0-99BF-12EDC297F21C,,8,1,0,22,,BE8F76FE-AABA-4D2B-A45C-F85A87BEADF4,163,1,N,NULL
142059,Staging Manpower Planning Non Satff.dtsx,83CBBD65-4A85-4C43-9588-688542CC0464,,8,1,0,15,,3E11D887-3463-48FA-9B8D-7794E1C3D6B9,163,1,N,NULL
